2025-06-02 00:09:04,101 - prediction_service - INFO - Modèle chargé avec succès depuis ./model/best_model.h5
2025-06-02 00:09:04,101 - prediction_service - INFO - Démarrage du serveur WebSocket sur 0.0.0.0:8765
2025-06-02 00:09:04,108 - websockets.server - INFO - server listening on 0.0.0.0:8765
2025-06-02 00:11:43,172 - websockets.server - INFO - connection open
2025-06-02 00:11:43,172 - prediction_service - INFO - Nouvelle connexion WebSocket: ('127.0.0.1', 37616)
2025-06-02 00:11:43,367 - absl - WARNING - Compiled the loaded model, but the compiled metrics have yet to be built. `model.compile_metrics` will be empty until you train or evaluate the model.
2025-06-02 00:11:43,373 - prediction_service - INFO - Modèle chargé depuis ./model/best_model.h5
2025-06-02 00:11:44,921 - prediction_service - INFO - Message reçu: 5min - 50 barres
2025-06-02 00:11:44,926 - prediction_service - INFO - Données historiques mises à jour pour 5min: 50 barres du 2025-03-11 15:45:00 au 2025-03-11 19:50:00
2025-06-02 00:11:44,926 - prediction_service - WARNING - Données insuffisantes pour les timeframes suivants (au moins 14 lignes requises) : 1h, 4h, 1d
2025-06-02 00:11:44,927 - prediction_service - INFO - Message reçu: 1h - 0 barres
2025-06-02 00:11:44,927 - prediction_service - INFO - Message reçu: 4h - 0 barres
2025-06-02 00:11:44,927 - prediction_service - INFO - Message reçu: 1d - 0 barres
2025-06-02 00:19:34,078 - websockets.server - INFO - connection open
2025-06-02 00:19:34,078 - prediction_service - INFO - Nouvelle connexion WebSocket: ('127.0.0.1', 55996)
2025-06-02 00:19:34,106 - absl - WARNING - Compiled the loaded model, but the compiled metrics have yet to be built. `model.compile_metrics` will be empty until you train or evaluate the model.
2025-06-02 00:19:34,108 - prediction_service - INFO - Modèle chargé depuis ./model/best_model.h5
2025-06-02 00:19:35,220 - prediction_service - INFO - Message reçu: 5min - 50 barres
2025-06-02 00:19:35,222 - prediction_service - INFO - Données historiques mises à jour pour 5min: 50 barres du 2025-03-11 15:45:00 au 2025-03-11 19:50:00
2025-06-02 00:19:35,222 - prediction_service - WARNING - Données insuffisantes pour les timeframes suivants (au moins 14 lignes requises) : 1h, 4h, 1d
2025-06-02 00:19:35,223 - prediction_service - INFO - Message reçu: 1h - 0 barres
2025-06-02 00:19:35,223 - prediction_service - INFO - Message reçu: 4h - 0 barres
2025-06-02 00:19:35,223 - prediction_service - INFO - Message reçu: 1d - 0 barres
2025-06-02 00:19:48,821 - websockets.server - INFO - connection open
2025-06-02 00:19:48,821 - prediction_service - INFO - Nouvelle connexion WebSocket: ('127.0.0.1', 38554)
2025-06-02 00:19:48,835 - absl - WARNING - Compiled the loaded model, but the compiled metrics have yet to be built. `model.compile_metrics` will be empty until you train or evaluate the model.
2025-06-02 00:19:48,836 - prediction_service - INFO - Modèle chargé depuis ./model/best_model.h5
2025-06-02 00:19:49,957 - prediction_service - INFO - Message reçu: 5min - 50 barres
2025-06-02 00:19:49,961 - prediction_service - INFO - Données historiques mises à jour pour 5min: 50 barres du 2025-03-11 15:45:00 au 2025-03-11 19:50:00
2025-06-02 00:19:49,961 - prediction_service - WARNING - Données insuffisantes pour les timeframes suivants (au moins 14 lignes requises) : 1h, 4h, 1d
2025-06-02 00:19:49,961 - prediction_service - INFO - Message reçu: 1h - 0 barres
2025-06-02 00:19:49,962 - prediction_service - INFO - Message reçu: 4h - 0 barres
2025-06-02 00:19:49,962 - prediction_service - INFO - Message reçu: 1d - 0 barres
2025-06-02 00:22:05,867 - websockets.server - INFO - connection open
2025-06-02 00:22:05,867 - prediction_service - INFO - Nouvelle connexion WebSocket: ('127.0.0.1', 35910)
2025-06-02 00:22:05,901 - absl - WARNING - Compiled the loaded model, but the compiled metrics have yet to be built. `model.compile_metrics` will be empty until you train or evaluate the model.
2025-06-02 00:22:05,904 - prediction_service - INFO - Modèle chargé depuis ./model/best_model.h5
2025-06-02 00:22:07,186 - prediction_service - INFO - Message reçu: 5min - 50 barres
2025-06-02 00:22:07,188 - prediction_service - INFO - Données historiques mises à jour pour 5min: 50 barres du 2025-03-11 15:45:00 au 2025-03-11 19:50:00
2025-06-02 00:22:07,188 - prediction_service - WARNING - Données insuffisantes pour les timeframes suivants (au moins 14 lignes requises) : 1h, 4h, 1d
2025-06-02 00:22:07,189 - prediction_service - INFO - Message reçu: 1h - 0 barres
2025-06-02 00:22:07,189 - prediction_service - INFO - Message reçu: 4h - 0 barres
2025-06-02 00:22:07,189 - prediction_service - INFO - Message reçu: 1d - 0 barres
2025-06-02 08:22:02,233 - websockets.server - INFO - connection open
2025-06-02 08:22:02,233 - prediction_service - INFO - Nouvelle connexion WebSocket: ('127.0.0.1', 40918)
2025-06-02 08:22:02,267 - absl - WARNING - Compiled the loaded model, but the compiled metrics have yet to be built. `model.compile_metrics` will be empty until you train or evaluate the model.
2025-06-02 08:22:02,268 - prediction_service - INFO - Modèle chargé depuis ./model/best_model.h5
2025-06-02 08:22:04,212 - prediction_service - INFO - Message reçu: 5min - 50 barres
2025-06-02 08:22:04,213 - prediction_service - INFO - Données historiques mises à jour pour 5min: 50 barres du 2025-03-11 15:55:00 au 2025-03-11 20:00:00
2025-06-02 08:22:04,213 - prediction_service - WARNING - Données insuffisantes pour les timeframes suivants (au moins 14 lignes requises) : 1h, 4h, 1d
2025-06-02 08:22:04,213 - prediction_service - INFO - Message reçu: 1h - 0 barres
2025-06-02 08:22:04,213 - prediction_service - INFO - Message reçu: 4h - 0 barres
2025-06-02 08:22:04,213 - prediction_service - INFO - Message reçu: 1d - 0 barres
2025-06-02 08:23:45,525 - websockets.server - INFO - connection open
2025-06-02 08:23:45,526 - prediction_service - INFO - Nouvelle connexion WebSocket: ('127.0.0.1', 38058)
2025-06-02 08:23:45,562 - absl - WARNING - Compiled the loaded model, but the compiled metrics have yet to be built. `model.compile_metrics` will be empty until you train or evaluate the model.
2025-06-02 08:23:45,565 - prediction_service - INFO - Modèle chargé depuis ./model/best_model.h5
2025-06-02 08:23:47,324 - prediction_service - INFO - Message reçu: 5min - 50 barres
2025-06-02 08:23:47,326 - prediction_service - INFO - Données historiques mises à jour pour 5min: 50 barres du 2025-03-11 15:55:00 au 2025-03-11 20:00:00
2025-06-02 08:23:47,327 - prediction_service - WARNING - Données insuffisantes pour les timeframes suivants (au moins 14 lignes requises) : 1h, 4h, 1d
2025-06-02 08:23:47,327 - prediction_service - INFO - Message reçu: 1h - 0 barres
2025-06-02 08:23:47,327 - prediction_service - INFO - Message reçu: 4h - 0 barres
2025-06-02 08:23:47,327 - prediction_service - INFO - Message reçu: 1d - 0 barres
2025-06-02 08:23:57,246 - websockets.server - INFO - connection open
2025-06-02 08:23:57,246 - prediction_service - INFO - Nouvelle connexion WebSocket: ('127.0.0.1', 57544)
2025-06-02 08:23:57,279 - absl - WARNING - Compiled the loaded model, but the compiled metrics have yet to be built. `model.compile_metrics` will be empty until you train or evaluate the model.
2025-06-02 08:23:57,281 - prediction_service - INFO - Modèle chargé depuis ./model/best_model.h5
2025-06-02 08:23:58,671 - prediction_service - INFO - Message reçu: 5min - 50 barres
2025-06-02 08:23:58,678 - prediction_service - INFO - Données historiques mises à jour pour 5min: 50 barres du 2025-03-11 15:55:00 au 2025-03-11 20:00:00
2025-06-02 08:23:58,678 - prediction_service - WARNING - Données insuffisantes pour les timeframes suivants (au moins 14 lignes requises) : 1h, 4h, 1d
2025-06-02 08:23:58,679 - prediction_service - INFO - Message reçu: 1h - 0 barres
2025-06-02 08:23:58,680 - prediction_service - INFO - Message reçu: 4h - 0 barres
2025-06-02 08:23:58,680 - prediction_service - INFO - Message reçu: 1d - 0 barres
2025-06-02 08:44:01,847 - websockets.server - INFO - connection open
2025-06-02 08:44:01,849 - prediction_service - INFO - Nouvelle connexion WebSocket: ('127.0.0.1', 42490)
2025-06-02 08:44:01,906 - absl - WARNING - Compiled the loaded model, but the compiled metrics have yet to be built. `model.compile_metrics` will be empty until you train or evaluate the model.
2025-06-02 08:44:01,915 - prediction_service - INFO - Modèle chargé depuis ./model/best_model.h5
2025-06-02 08:44:03,634 - prediction_service - INFO - Message reçu: 5min - 50 barres
2025-06-02 08:44:03,646 - prediction_service - INFO - Données historiques mises à jour pour 5min: 50 barres du 2025-03-11 15:55:00 au 2025-03-11 20:00:00
2025-06-02 08:44:03,647 - prediction_service - WARNING - Données insuffisantes pour les timeframes suivants (au moins 14 lignes requises) : 1h, 4h, 1d
2025-06-02 08:44:03,648 - prediction_service - INFO - Message reçu: 1h - 50 barres
2025-06-02 08:44:03,667 - prediction_service - INFO - Données historiques mises à jour pour 1h: 50 barres du 2024-04-17 19:00:00 au 2024-04-19 23:00:00
2025-06-02 08:44:03,668 - prediction_service - WARNING - Données insuffisantes pour les timeframes suivants (au moins 14 lignes requises) : 4h, 1d
2025-06-02 08:44:03,677 - prediction_service - INFO - Message reçu: 4h - 50 barres
2025-06-02 08:44:03,693 - prediction_service - INFO - Données historiques mises à jour pour 4h: 50 barres du 2024-04-09 16:00:00 au 2024-04-19 20:00:00
2025-06-02 08:44:03,699 - prediction_service - WARNING - Données insuffisantes pour les timeframes suivants (au moins 14 lignes requises) : 1d
2025-06-02 08:44:03,701 - prediction_service - INFO - Message reçu: 1d - 50 barres
2025-06-02 08:44:03,711 - prediction_service - INFO - Données historiques mises à jour pour 1d: 50 barres du 2025-01-06 00:00:00 au 2025-03-14 00:00:00
2025-06-02 08:44:04,299 - prediction_service - WARNING - Pas assez de données pour la prédiction après le nettoyage. Nécessite 16 points de données, seulement 1 disponibles.
2025-06-03 16:04:31,118 - prediction_service - INFO - Modèle chargé avec succès depuis ./model/best_model.h5
2025-06-03 16:04:31,118 - prediction_service - INFO - Démarrage du serveur WebSocket sur 0.0.0.0:8765
2025-06-03 16:04:31,128 - websockets.server - INFO - server listening on 0.0.0.0:8765
2025-06-03 16:12:49,664 - websockets.server - INFO - server closing
2025-06-03 16:12:49,665 - websockets.server - INFO - server closed
2025-06-03 16:12:53,067 - prediction_service - INFO - Modèle chargé avec succès depuis ./model/best_model.h5
2025-06-03 16:12:53,067 - prediction_service - INFO - Démarrage du serveur WebSocket sur 0.0.0.0:8765
2025-06-03 16:12:53,072 - websockets.server - INFO - server listening on 0.0.0.0:8765
2025-06-03 16:13:24,619 - websockets.server - INFO - connection open
2025-06-03 16:13:24,619 - prediction_service - INFO - Nouvelle connexion WebSocket: ('127.0.0.1', 56290)
2025-06-03 16:13:24,774 - absl - WARNING - Compiled the loaded model, but the compiled metrics have yet to be built. `model.compile_metrics` will be empty until you train or evaluate the model.
2025-06-03 16:13:24,776 - prediction_service - INFO - Modèle chargé depuis ./model/best_model.h5
2025-06-03 16:13:25,359 - prediction_service - INFO - Message reçu: 5min - 50 barres
2025-06-03 16:13:25,364 - prediction_service - INFO - Données historiques mises à jour pour 5min: 50 barres du 2025-06-02 07:20:00 au 2025-06-02 11:25:00
2025-06-03 16:13:25,364 - prediction_service - WARNING - Données insuffisantes pour les timeframes suivants (au moins 14 lignes requises) : 1h, 4h, 1d
2025-06-03 16:13:25,365 - prediction_service - INFO - Message reçu: 1h - 50 barres
2025-06-03 16:13:25,366 - prediction_service - INFO - Données historiques mises à jour pour 1h: 50 barres du 2025-05-29 09:00:00 au 2025-06-02 13:00:00
2025-06-03 16:13:25,366 - prediction_service - WARNING - Données insuffisantes pour les timeframes suivants (au moins 14 lignes requises) : 4h, 1d
2025-06-03 16:13:25,366 - prediction_service - INFO - Message reçu: 4h - 50 barres
2025-06-03 16:13:25,367 - prediction_service - INFO - Données historiques mises à jour pour 4h: 50 barres du 2025-05-21 15:00:00 au 2025-06-02 11:00:00
2025-06-03 16:13:25,367 - prediction_service - WARNING - Données insuffisantes pour les timeframes suivants (au moins 14 lignes requises) : 1d
2025-06-03 16:13:25,367 - prediction_service - INFO - Message reçu: 1d - 50 barres
2025-06-03 16:13:25,368 - prediction_service - INFO - Données historiques mises à jour pour 1d: 50 barres du 2025-03-23 23:00:00 au 2025-06-01 22:00:00
2025-06-03 16:13:25,372 - prediction_service - INFO - DEBUG - Entrées dans prepare_data_for_prediction:
2025-06-03 16:13:25,372 - prediction_service - INFO -   5min: 49 lignes
2025-06-03 16:13:25,372 - prediction_service - INFO -   1h: 50 lignes
2025-06-03 16:13:25,372 - prediction_service - INFO -   4h: 50 lignes
2025-06-03 16:13:25,372 - prediction_service - INFO -   1d: 50 lignes
2025-06-03 16:13:25,590 - prediction_service - INFO - DEBUG - Après create_parquet: 1 lignes
2025-06-03 16:13:25,591 - prediction_service - INFO - DEBUG - Features disponibles: ['RSI_14', 'MACD', 'Bollinger_High', 'SuperTrend_Trend']
2025-06-03 16:13:25,591 - prediction_service - INFO - DEBUG - NaN dans les 10 dernières lignes: {'RSI_14': 0, 'MACD': 0, 'Bollinger_High': 0, 'SuperTrend_Trend': 0}
2025-06-03 16:13:25,591 - prediction_service - WARNING - Pas assez de données pour la prédiction après le nettoyage. Nécessite 16 points de données, seulement 1 disponibles.
2025-06-03 16:23:03,230 - websockets.server - INFO - server closing
2025-06-03 16:23:03,230 - websockets.server - INFO - server closed
2025-06-03 16:23:06,494 - prediction_service - INFO - Modèle chargé avec succès depuis ./model/best_model.h5
2025-06-03 16:23:06,494 - prediction_service - INFO - Démarrage du serveur WebSocket sur 0.0.0.0:8765
2025-06-03 16:23:06,500 - websockets.server - INFO - server listening on 0.0.0.0:8765
2025-06-03 16:24:01,857 - websockets.server - INFO - connection open
2025-06-03 16:24:01,857 - prediction_service - INFO - Nouvelle connexion WebSocket: ('127.0.0.1', 46904)
2025-06-03 16:24:01,984 - absl - WARNING - Compiled the loaded model, but the compiled metrics have yet to be built. `model.compile_metrics` will be empty until you train or evaluate the model.
2025-06-03 16:24:01,986 - prediction_service - INFO - Modèle chargé depuis ./model/best_model.h5
2025-06-03 16:24:02,757 - prediction_service - INFO - Message reçu: 5min - 50 barres
2025-06-03 16:24:02,762 - prediction_service - INFO - Données historiques mises à jour pour 5min: 50 barres du 2025-06-02 07:20:00 au 2025-06-02 11:25:00
2025-06-03 16:24:02,763 - prediction_service - WARNING - Données insuffisantes pour les timeframes suivants (au moins 14 lignes requises) : 1h, 4h, 1d
2025-06-03 16:24:02,764 - prediction_service - INFO - Message reçu: 1h - 50 barres
2025-06-03 16:24:02,767 - prediction_service - INFO - Données historiques mises à jour pour 1h: 50 barres du 2025-05-29 09:00:00 au 2025-06-02 13:00:00
2025-06-03 16:24:02,767 - prediction_service - WARNING - Données insuffisantes pour les timeframes suivants (au moins 14 lignes requises) : 4h, 1d
2025-06-03 16:24:02,768 - prediction_service - INFO - Message reçu: 4h - 50 barres
2025-06-03 16:24:02,770 - prediction_service - INFO - Données historiques mises à jour pour 4h: 50 barres du 2025-05-21 15:00:00 au 2025-06-02 11:00:00
2025-06-03 16:24:02,770 - prediction_service - WARNING - Données insuffisantes pour les timeframes suivants (au moins 14 lignes requises) : 1d
2025-06-03 16:24:02,771 - prediction_service - INFO - Message reçu: 1d - 50 barres
2025-06-03 16:24:02,773 - prediction_service - INFO - Données historiques mises à jour pour 1d: 50 barres du 2025-03-23 23:00:00 au 2025-06-01 22:00:00
2025-06-03 16:24:02,781 - prediction_service - INFO - DEBUG - Entrées dans prepare_data_for_prediction:
2025-06-03 16:24:02,781 - prediction_service - INFO -   5min: 49 lignes
2025-06-03 16:24:02,781 - prediction_service - INFO -   1h: 50 lignes
2025-06-03 16:24:02,781 - prediction_service - INFO -   4h: 50 lignes
2025-06-03 16:24:02,781 - prediction_service - INFO -   1d: 50 lignes
2025-06-03 16:24:03,016 - prediction_service - INFO - DEBUG - Après create_parquet: 30 lignes
2025-06-03 16:24:03,016 - prediction_service - INFO - DEBUG - Features disponibles: ['RSI_14', 'MACD', 'Bollinger_High', 'SuperTrend_Trend']
2025-06-03 16:24:03,017 - prediction_service - INFO - DEBUG - NaN dans les 10 dernières lignes: {'RSI_14': 0, 'MACD': 0, 'Bollinger_High': 0, 'SuperTrend_Trend': 0}
2025-06-03 16:24:03,018 - prediction_service - INFO - Séquences conservées pour la prédiction (shape=(16, 161)): [[6483.5 6483.5 6472.6 ... 292.1999999999998 -9.799999999999272
  6474.902324730002]
 [6473.5 6475.6 6469.7 ... 292.1999999999998 -3.100000000000364
  6477.920567174761]
 [6470.6 6474.6 6468.6 ... 292.1999999999998 2.100000000000364
  6478.3695364557025]
 ...
 [6500.1 6502.1 6494.2 ... 292.1999999999998 -2.899999999999636
  6499.7406043285155]
 [6497.2 6499.1 6496.1 ... 292.1999999999998 1.0999999999994543
  6501.018842003302]
 [6498.1 6499.2 6497.2 ... 292.1999999999998 0.0 6502.606433149137]]
2025-06-03 16:24:03,043 - prediction_service - INFO - Normalisation des données avec StandardScaler (shape=(1, 16, 161))
2025-06-03 16:24:03,043 - prediction_service - ERROR - Erreur: could not convert string to float: '02/06/2025 12:10:00'
Traceback (most recent call last):
  File "/home/parrochia/go/src/github.com/trading-prediction-with-machine-learning/src/prediction_service.py", line 146, in handle_websocket
    x = prepare_prediction_data()
  File "/home/parrochia/go/src/github.com/trading-prediction-with-machine-learning/src/prediction_service.py", line 236, in prepare_prediction_data
    x = prepare_data_for_prediction(df_5min, df_1h, df_4h, df_1d, sequence_length=SEQUENCE_LENGTH)
  File "/home/parrochia/go/src/github.com/trading-prediction-with-machine-learning/src/prediction_service.py", line 112, in prepare_data_for_prediction
    return scaler.fit_transform(x.reshape(-1, x.shape[-1])).reshape(x.shape)
  File "/home/parrochia/.local/lib/python3.10/site-packages/sklearn/utils/_set_output.py", line 319, in wrapped
    data_to_wrap = f(self, X, *args, **kwargs)
  File "/home/parrochia/.local/lib/python3.10/site-packages/sklearn/base.py", line 918, in fit_transform
    return self.fit(X, **fit_params).transform(X)
  File "/home/parrochia/.local/lib/python3.10/site-packages/sklearn/preprocessing/_data.py", line 894, in fit
    return self.partial_fit(X, y, sample_weight)
  File "/home/parrochia/.local/lib/python3.10/site-packages/sklearn/base.py", line 1389, in wrapper
    return fit_method(estimator, *args, **kwargs)
  File "/home/parrochia/.local/lib/python3.10/site-packages/sklearn/preprocessing/_data.py", line 930, in partial_fit
    X = validate_data(
  File "/home/parrochia/.local/lib/python3.10/site-packages/sklearn/utils/validation.py", line 2944, in validate_data
    out = check_array(X, input_name="X", **check_params)
  File "/home/parrochia/.local/lib/python3.10/site-packages/sklearn/utils/validation.py", line 1055, in check_array
    array = _asarray_with_order(array, order=order, dtype=dtype, xp=xp)
  File "/home/parrochia/.local/lib/python3.10/site-packages/sklearn/utils/_array_api.py", line 839, in _asarray_with_order
    array = numpy.asarray(array, order=order, dtype=dtype)
ValueError: could not convert string to float: '02/06/2025 12:10:00'
2025-06-03 16:24:43,926 - prediction_service - INFO - Connexion fermée: ('127.0.0.1', 46904)
2025-06-03 16:28:48,457 - websockets.server - INFO - server closing
2025-06-03 16:28:48,458 - websockets.server - INFO - server closed
2025-06-03 16:28:51,736 - prediction_service - INFO - Modèle chargé avec succès depuis ./model/best_model.h5
2025-06-03 16:28:51,736 - prediction_service - INFO - Démarrage du serveur WebSocket sur 0.0.0.0:8765
2025-06-03 16:28:51,741 - websockets.server - INFO - server listening on 0.0.0.0:8765
2025-06-03 16:28:52,290 - websockets.server - INFO - connection open
2025-06-03 16:28:52,291 - prediction_service - INFO - Nouvelle connexion WebSocket: ('127.0.0.1', 36054)
2025-06-03 16:28:52,409 - absl - WARNING - Compiled the loaded model, but the compiled metrics have yet to be built. `model.compile_metrics` will be empty until you train or evaluate the model.
2025-06-03 16:28:52,411 - prediction_service - INFO - Modèle chargé depuis ./model/best_model.h5
2025-06-03 16:28:52,936 - prediction_service - INFO - Message reçu: 5min - 50 barres
2025-06-03 16:28:52,941 - prediction_service - INFO - Données historiques mises à jour pour 5min: 50 barres du 2025-06-02 07:20:00 au 2025-06-02 11:25:00
2025-06-03 16:28:52,941 - prediction_service - WARNING - Données insuffisantes pour les timeframes suivants (au moins 14 lignes requises) : 1h, 4h, 1d
2025-06-03 16:28:52,942 - prediction_service - INFO - Message reçu: 1h - 50 barres
2025-06-03 16:28:52,945 - prediction_service - INFO - Données historiques mises à jour pour 1h: 50 barres du 2025-05-29 09:00:00 au 2025-06-02 13:00:00
2025-06-03 16:28:52,945 - prediction_service - WARNING - Données insuffisantes pour les timeframes suivants (au moins 14 lignes requises) : 4h, 1d
2025-06-03 16:28:52,946 - prediction_service - INFO - Message reçu: 4h - 50 barres
2025-06-03 16:28:52,948 - prediction_service - INFO - Données historiques mises à jour pour 4h: 50 barres du 2025-05-21 15:00:00 au 2025-06-02 11:00:00
2025-06-03 16:28:52,948 - prediction_service - WARNING - Données insuffisantes pour les timeframes suivants (au moins 14 lignes requises) : 1d
2025-06-03 16:28:52,948 - prediction_service - INFO - Message reçu: 1d - 50 barres
2025-06-03 16:28:52,952 - prediction_service - INFO - Données historiques mises à jour pour 1d: 50 barres du 2025-03-23 23:00:00 au 2025-06-01 22:00:00
2025-06-03 16:28:52,963 - prediction_service - INFO - DEBUG - Entrées dans prepare_data_for_prediction:
2025-06-03 16:28:52,963 - prediction_service - INFO -   5min: 49 lignes
2025-06-03 16:28:52,963 - prediction_service - INFO -   1h: 50 lignes
2025-06-03 16:28:52,964 - prediction_service - INFO -   4h: 50 lignes
2025-06-03 16:28:52,964 - prediction_service - INFO -   1d: 50 lignes
2025-06-03 16:28:53,240 - prediction_service - INFO - DEBUG - Après create_parquet: 30 lignes
2025-06-03 16:28:53,240 - prediction_service - INFO - DEBUG - Features disponibles: ['RSI_14', 'MACD', 'Bollinger_High', 'SuperTrend_Trend']
2025-06-03 16:28:53,241 - prediction_service - INFO - DEBUG - NaN dans les 10 dernières lignes: {'RSI_14': 0, 'MACD': 0, 'Bollinger_High': 0, 'SuperTrend_Trend': 0}
2025-06-03 16:28:53,241 - prediction_service - INFO - DEBUG - Colonnes avant nettoyage: ['FromDate', 'Open', 'High', 'Low', 'Close', 'Volume', 'date', 'prev_date', 'time_diff', 'Volume_SMA_5', 'Volume_SMA_10', 'Volume_SMA_20', 'Volume_Ratio_SMA5', 'Volume_Ratio_SMA10', 'Volume_Ratio_SMA20', 'Volume_Change_1', 'Volume_Change_5', 'PV_Ratio', 'PV_Change', 'OBV', 'OBV_normalized', 'OBV_norm_minmax', 'OBV_SMA_short', 'OBV_SMA_medium', 'OBV_SMA_long', 'OBV_Trend_short', 'OBV_Trend_medium', 'OBV_Trend_long', 'OBV_Trend', 'MFV', 'ADL', 'ADL_norm', 'ADL_SMA5', 'ADL_SMA15', 'ADL_SMA30', 'ADL_Trend', 'Price_Trend', 'ADL_Divergence', 'MFM', 'CMF_20', 'PVT_change', 'PVT', 'PVT_norm', 'PVT_SMA10', 'PVT_SMA30', 'PVT_signal', 'PVT_cross', 'PVT_cross_signal', 'PVT_delta5', 'CCI_5', 'CCI_10', 'CCI_15', 'Volume_Oscillator', 'VWAP', 'VWMA_10', 'VWMA_20', 'Force_Index_1', 'Force_Index_13', 'Typical_Price', 'Raw_Money_Flow', 'Typical_Price_Prev', 'Money_Flow_Positive', 'Money_Flow_Negative', 'MFI_14', 'Vol_Weighted_Up', 'Vol_Weighted_Down', 'Vol_Weighted_Up_Avg', 'Vol_Weighted_Down_Avg', 'Vol_Weighted_RSI', 'year', 'month', 'day', 'hour', 'minute', 'day_of_week', 'market_open_hour', 'stock_open_hour', 'is_summer', 'RSI_14', 'RSI_SMA_7', 'RSI_SMA_14', 'RSI', 'SMA_RSI', 'Vol_Weighted_RSI_SMA', 'RSI_EMA_7', 'RSI_EMA_14', 'RSI_Trend', 'RSI_Trend_Direction', 'RSI_Crossover_SMA', 'RSI_Crossover_EMA', 'future_direction_2', 'direction', 'candle_range', 'corps_candle', 'meche_haute', 'meche_basse', 'candle_trend', 'doji_type', 'doji', 'doji_strength', 'perfect_doji', 'upper_wick', 'lower_wick', 'ratio_corps', 'doji_invalid', 'pattern_type', 'same_direction', 'bullish_engulfing', 'bearish_engulfing', 'engulfing_strength', 'corps_candle_prev', 'corps_sum', 'EMA_12', 'EMA_26', 'MACD', 'MACD_Signal', 'body_ratio_prev', 'SMA_10', 'EMA_10', 'ATR_14', 'Bollinger_High', 'Bollinger_Low', 'Bollinger_Width', 'SuperTrend_Trend', 'SuperTrend_Direction', 'SuperTrend_Long', 'SuperTrend_Short', 'Stoch_RSI', 'Keltner_High', 'Keltner_Low', 'Keltner_Mid', 'Keltner_Width', 'ADX', 'Williams_R', 'day_of_year', 'sin_day', 'cos_day', 'sin_hour', 'cos_hour', 'period_of_day', 'hourly_return', 'hourly_volatility', 'volatility_by_period', 'volatility_6h', 'volatility_12h', 'volatility_24h', 'volatility_period_0', 'volatility_period_1', 'volatility_period_2', 'volatility_period_3', 'volatility_morning', 'volatility_afternoon', 'volatility_evening', 'volatility_night', 'log_return_5m', 'log_return_1h', 'momentum_1h', 'log_return_4h', 'momentum_4h', 'log_return_1d', 'momentum_1d', 'momentum_5m', 'VWAP_10']
2025-06-03 16:28:53,241 - prediction_service - INFO - DEBUG - Colonnes non-numériques détectées: ['FromDate', 'date', 'prev_date', 'doji_type', 'pattern_type']
2025-06-03 16:28:53,242 - prediction_service - INFO - DEBUG - Colonnes finales: ['Open', 'High', 'Low', 'Close', 'Volume', 'time_diff', 'Volume_SMA_5', 'Volume_SMA_10', 'Volume_SMA_20', 'Volume_Ratio_SMA5', 'Volume_Ratio_SMA10', 'Volume_Ratio_SMA20', 'Volume_Change_1', 'Volume_Change_5', 'PV_Ratio', 'PV_Change', 'OBV', 'OBV_normalized', 'OBV_norm_minmax', 'OBV_SMA_short', 'OBV_SMA_medium', 'OBV_SMA_long', 'OBV_Trend_short', 'OBV_Trend_medium', 'OBV_Trend_long', 'OBV_Trend', 'MFV', 'ADL', 'ADL_norm', 'ADL_SMA5', 'ADL_SMA15', 'ADL_SMA30', 'ADL_Trend', 'Price_Trend', 'ADL_Divergence', 'MFM', 'CMF_20', 'PVT_change', 'PVT', 'PVT_norm', 'PVT_SMA10', 'PVT_SMA30', 'PVT_signal', 'PVT_cross', 'PVT_cross_signal', 'PVT_delta5', 'CCI_5', 'CCI_10', 'CCI_15', 'Volume_Oscillator', 'VWAP', 'VWMA_10', 'VWMA_20', 'Force_Index_1', 'Force_Index_13', 'Typical_Price', 'Raw_Money_Flow', 'Typical_Price_Prev', 'Money_Flow_Positive', 'Money_Flow_Negative', 'MFI_14', 'Vol_Weighted_Up', 'Vol_Weighted_Down', 'Vol_Weighted_Up_Avg', 'Vol_Weighted_Down_Avg', 'Vol_Weighted_RSI', 'year', 'month', 'day', 'hour', 'minute', 'day_of_week', 'market_open_hour', 'stock_open_hour', 'is_summer', 'RSI_14', 'RSI_SMA_7', 'RSI_SMA_14', 'RSI', 'SMA_RSI', 'Vol_Weighted_RSI_SMA', 'RSI_EMA_7', 'RSI_EMA_14', 'RSI_Trend', 'RSI_Trend_Direction', 'RSI_Crossover_SMA', 'RSI_Crossover_EMA', 'future_direction_2', 'direction', 'candle_range', 'corps_candle', 'meche_haute', 'meche_basse', 'candle_trend', 'doji', 'doji_strength', 'perfect_doji', 'upper_wick', 'lower_wick', 'ratio_corps', 'doji_invalid', 'same_direction', 'bullish_engulfing', 'bearish_engulfing', 'engulfing_strength', 'corps_candle_prev', 'corps_sum', 'EMA_12', 'EMA_26', 'MACD', 'MACD_Signal', 'body_ratio_prev', 'SMA_10', 'EMA_10', 'ATR_14', 'Bollinger_High', 'Bollinger_Low', 'Bollinger_Width', 'SuperTrend_Trend', 'SuperTrend_Direction', 'SuperTrend_Long', 'SuperTrend_Short', 'Stoch_RSI', 'Keltner_High', 'Keltner_Low', 'Keltner_Mid', 'Keltner_Width', 'ADX', 'Williams_R', 'day_of_year', 'sin_day', 'cos_day', 'sin_hour', 'cos_hour', 'period_of_day', 'hourly_return', 'hourly_volatility', 'volatility_by_period', 'volatility_6h', 'volatility_12h', 'volatility_24h', 'volatility_period_0', 'volatility_period_1', 'volatility_period_2', 'volatility_period_3', 'volatility_morning', 'volatility_afternoon', 'volatility_evening', 'volatility_night', 'log_return_5m', 'log_return_1h', 'momentum_1h', 'log_return_4h', 'momentum_4h', 'log_return_1d', 'momentum_1d', 'momentum_5m', 'VWAP_10']
2025-06-03 16:28:53,250 - prediction_service - INFO - DEBUG - Types de données: [dtype('float64') dtype('int64') dtype('int32') dtype('bool')]
2025-06-03 16:28:53,251 - prediction_service - INFO - Séquences conservées pour la prédiction (shape=(16, 158)): [[6483.5 6483.5 6472.6 ... 292.1999999999998 -9.799999999999272
  6474.902324730002]
 [6473.5 6475.6 6469.7 ... 292.1999999999998 -3.100000000000364
  6477.920567174761]
 [6470.6 6474.6 6468.6 ... 292.1999999999998 2.100000000000364
  6478.3695364557025]
 ...
 [6500.1 6502.1 6494.2 ... 292.1999999999998 -2.899999999999636
  6499.7406043285155]
 [6497.2 6499.1 6496.1 ... 292.1999999999998 1.0999999999994543
  6501.018842003302]
 [6498.1 6499.2 6497.2 ... 292.1999999999998 0.0 6502.606433149137]]
2025-06-03 16:28:53,284 - prediction_service - INFO - Normalisation des données avec StandardScaler (shape=(1, 16, 158))
2025-06-03 16:28:53,285 - prediction_service - INFO - prepare prediction data done: make prediction
2025-06-03 16:28:53,354 - prediction_service - ERROR - Erreur: Exception encountered when calling LSTMCell.call().

[1mDimensions must be equal, but are 158 and 20 for '{{node sequential_1/lstm_1/lstm_cell_1/MatMul}} = MatMul[T=DT_FLOAT, grad_a=false, grad_b=false, transpose_a=false, transpose_b=false](sequential_1/lstm_1/strided_slice_1, sequential_1/lstm_1/lstm_cell_1/Cast/ReadVariableOp)' with input shapes: [1,158], [20,200].[0m

Arguments received by LSTMCell.call():
  • inputs=tf.Tensor(shape=(1, 158), dtype=float32)
  • states=('tf.Tensor(shape=(1, 50), dtype=float32)', 'tf.Tensor(shape=(1, 50), dtype=float32)')
  • training=False
Traceback (most recent call last):
  File "/home/parrochia/go/src/github.com/trading-prediction-with-machine-learning/src/prediction_service.py", line 168, in handle_websocket
    prediction = make_prediction(model, x)
  File "/home/parrochia/go/src/github.com/trading-prediction-with-machine-learning/src/prediction_service.py", line 264, in make_prediction
    y_proba = model.predict(x)
  File "/home/parrochia/.local/lib/python3.10/site-packages/keras/src/utils/traceback_utils.py", line 122, in error_handler
    raise e.with_traceback(filtered_tb) from None
  File "/home/parrochia/.local/lib/python3.10/site-packages/keras/src/utils/traceback_utils.py", line 122, in error_handler
    raise e.with_traceback(filtered_tb) from None
ValueError: Exception encountered when calling LSTMCell.call().

[1mDimensions must be equal, but are 158 and 20 for '{{node sequential_1/lstm_1/lstm_cell_1/MatMul}} = MatMul[T=DT_FLOAT, grad_a=false, grad_b=false, transpose_a=false, transpose_b=false](sequential_1/lstm_1/strided_slice_1, sequential_1/lstm_1/lstm_cell_1/Cast/ReadVariableOp)' with input shapes: [1,158], [20,200].[0m

Arguments received by LSTMCell.call():
  • inputs=tf.Tensor(shape=(1, 158), dtype=float32)
  • states=('tf.Tensor(shape=(1, 50), dtype=float32)', 'tf.Tensor(shape=(1, 50), dtype=float32)')
  • training=False
2025-06-03 16:36:45,670 - absl - WARNING - Compiled the loaded model, but the compiled metrics have yet to be built. `model.compile_metrics` will be empty until you train or evaluate the model.
2025-06-03 16:36:45,833 - prediction_service - WARNING - Modèle incompatible (Exception encountered when calling LSTMCell.call().

[1mDimensions must be equal, but are 158 and 20 for '{{node sequential_1/lstm_1/lstm_cell_1/MatMul}} = MatMul[T=DT_FLOAT, grad_a=false, grad_b=false, transpose_a=false, transpose_b=false](sequential_1/lstm_1/strided_slice_1, sequential_1/lstm_1/lstm_cell_1/Cast/ReadVariableOp)' with input shapes: [1,158], [20,200].[0m

Arguments received by LSTMCell.call():
  • inputs=tf.Tensor(shape=(1, 158), dtype=float32)
  • states=('tf.Tensor(shape=(1, 50), dtype=float32)', 'tf.Tensor(shape=(1, 50), dtype=float32)')
  • training=False), création d'un nouveau modèle...
2025-06-03 16:36:45,853 - absl - WARNING - You are saving your model as an HDF5 file via `model.save()` or `keras.saving.save_model(model)`. This file format is considered legacy. We recommend using instead the native Keras format, e.g. `model.save('my_model.keras')` or `keras.saving.save_model(model, 'my_model.keras')`. 
2025-06-03 16:36:45,873 - prediction_service - INFO - Nouveau modèle factice créé avec 158 features et sauvé dans ./model/best_model.h5
2025-06-03 16:36:45,873 - prediction_service - INFO - Démarrage du serveur WebSocket sur 0.0.0.0:8765
2025-06-03 16:36:45,883 - websockets.server - INFO - server listening on 0.0.0.0:8765
2025-06-03 16:36:47,293 - websockets.server - INFO - connection open
2025-06-03 16:36:47,293 - prediction_service - INFO - Nouvelle connexion WebSocket: ('127.0.0.1', 52056)
2025-06-03 16:36:47,320 - absl - WARNING - Compiled the loaded model, but the compiled metrics have yet to be built. `model.compile_metrics` will be empty until you train or evaluate the model.
2025-06-03 16:36:47,321 - prediction_service - INFO - Modèle chargé depuis ./model/best_model.h5
2025-06-03 16:36:48,067 - prediction_service - INFO - Message reçu: 5min - 50 barres
2025-06-03 16:36:48,071 - prediction_service - INFO - Données historiques mises à jour pour 5min: 50 barres du 2025-06-02 07:20:00 au 2025-06-02 11:25:00
2025-06-03 16:36:48,071 - prediction_service - WARNING - Données insuffisantes pour les timeframes suivants (au moins 14 lignes requises) : 1h, 4h, 1d
2025-06-03 16:36:48,071 - prediction_service - INFO - Message reçu: 1h - 50 barres
2025-06-03 16:36:48,072 - prediction_service - INFO - Données historiques mises à jour pour 1h: 50 barres du 2025-05-29 09:00:00 au 2025-06-02 13:00:00
2025-06-03 16:36:48,072 - prediction_service - WARNING - Données insuffisantes pour les timeframes suivants (au moins 14 lignes requises) : 4h, 1d
2025-06-03 16:36:48,073 - prediction_service - INFO - Message reçu: 4h - 50 barres
2025-06-03 16:36:48,074 - prediction_service - INFO - Données historiques mises à jour pour 4h: 50 barres du 2025-05-21 15:00:00 au 2025-06-02 11:00:00
2025-06-03 16:36:48,074 - prediction_service - WARNING - Données insuffisantes pour les timeframes suivants (au moins 14 lignes requises) : 1d
2025-06-03 16:36:48,075 - prediction_service - INFO - Message reçu: 1d - 50 barres
2025-06-03 16:36:48,076 - prediction_service - INFO - Données historiques mises à jour pour 1d: 50 barres du 2025-03-23 23:00:00 au 2025-06-01 22:00:00
2025-06-03 16:36:48,081 - prediction_service - INFO - DEBUG - Entrées dans prepare_data_for_prediction:
2025-06-03 16:36:48,081 - prediction_service - INFO -   5min: 49 lignes
2025-06-03 16:36:48,081 - prediction_service - INFO -   1h: 50 lignes
2025-06-03 16:36:48,081 - prediction_service - INFO -   4h: 50 lignes
2025-06-03 16:36:48,081 - prediction_service - INFO -   1d: 50 lignes
2025-06-03 16:36:48,204 - prediction_service - INFO - DEBUG - Après create_parquet: 30 lignes
2025-06-03 16:36:48,204 - prediction_service - INFO - DEBUG - Features disponibles: ['RSI_14', 'MACD', 'Bollinger_High', 'SuperTrend_Trend']
2025-06-03 16:36:48,205 - prediction_service - INFO - DEBUG - NaN dans les 10 dernières lignes: {'RSI_14': 0, 'MACD': 0, 'Bollinger_High': 0, 'SuperTrend_Trend': 0}
2025-06-03 16:36:48,205 - prediction_service - INFO - DEBUG - Colonnes avant nettoyage: ['FromDate', 'Open', 'High', 'Low', 'Close', 'Volume', 'date', 'prev_date', 'time_diff', 'Volume_SMA_5', 'Volume_SMA_10', 'Volume_SMA_20', 'Volume_Ratio_SMA5', 'Volume_Ratio_SMA10', 'Volume_Ratio_SMA20', 'Volume_Change_1', 'Volume_Change_5', 'PV_Ratio', 'PV_Change', 'OBV', 'OBV_normalized', 'OBV_norm_minmax', 'OBV_SMA_short', 'OBV_SMA_medium', 'OBV_SMA_long', 'OBV_Trend_short', 'OBV_Trend_medium', 'OBV_Trend_long', 'OBV_Trend', 'MFV', 'ADL', 'ADL_norm', 'ADL_SMA5', 'ADL_SMA15', 'ADL_SMA30', 'ADL_Trend', 'Price_Trend', 'ADL_Divergence', 'MFM', 'CMF_20', 'PVT_change', 'PVT', 'PVT_norm', 'PVT_SMA10', 'PVT_SMA30', 'PVT_signal', 'PVT_cross', 'PVT_cross_signal', 'PVT_delta5', 'CCI_5', 'CCI_10', 'CCI_15', 'Volume_Oscillator', 'VWAP', 'VWMA_10', 'VWMA_20', 'Force_Index_1', 'Force_Index_13', 'Typical_Price', 'Raw_Money_Flow', 'Typical_Price_Prev', 'Money_Flow_Positive', 'Money_Flow_Negative', 'MFI_14', 'Vol_Weighted_Up', 'Vol_Weighted_Down', 'Vol_Weighted_Up_Avg', 'Vol_Weighted_Down_Avg', 'Vol_Weighted_RSI', 'year', 'month', 'day', 'hour', 'minute', 'day_of_week', 'market_open_hour', 'stock_open_hour', 'is_summer', 'RSI_14', 'RSI_SMA_7', 'RSI_SMA_14', 'RSI', 'SMA_RSI', 'Vol_Weighted_RSI_SMA', 'RSI_EMA_7', 'RSI_EMA_14', 'RSI_Trend', 'RSI_Trend_Direction', 'RSI_Crossover_SMA', 'RSI_Crossover_EMA', 'future_direction_2', 'direction', 'candle_range', 'corps_candle', 'meche_haute', 'meche_basse', 'candle_trend', 'doji_type', 'doji', 'doji_strength', 'perfect_doji', 'upper_wick', 'lower_wick', 'ratio_corps', 'doji_invalid', 'pattern_type', 'same_direction', 'bullish_engulfing', 'bearish_engulfing', 'engulfing_strength', 'corps_candle_prev', 'corps_sum', 'EMA_12', 'EMA_26', 'MACD', 'MACD_Signal', 'body_ratio_prev', 'SMA_10', 'EMA_10', 'ATR_14', 'Bollinger_High', 'Bollinger_Low', 'Bollinger_Width', 'SuperTrend_Trend', 'SuperTrend_Direction', 'SuperTrend_Long', 'SuperTrend_Short', 'Stoch_RSI', 'Keltner_High', 'Keltner_Low', 'Keltner_Mid', 'Keltner_Width', 'ADX', 'Williams_R', 'day_of_year', 'sin_day', 'cos_day', 'sin_hour', 'cos_hour', 'period_of_day', 'hourly_return', 'hourly_volatility', 'volatility_by_period', 'volatility_6h', 'volatility_12h', 'volatility_24h', 'volatility_period_0', 'volatility_period_1', 'volatility_period_2', 'volatility_period_3', 'volatility_morning', 'volatility_afternoon', 'volatility_evening', 'volatility_night', 'log_return_5m', 'log_return_1h', 'momentum_1h', 'log_return_4h', 'momentum_4h', 'log_return_1d', 'momentum_1d', 'momentum_5m', 'VWAP_10']
2025-06-03 16:36:48,205 - prediction_service - INFO - DEBUG - Colonnes non-numériques détectées: ['FromDate', 'date', 'prev_date', 'doji_type', 'pattern_type']
2025-06-03 16:36:48,206 - prediction_service - INFO - DEBUG - Colonnes finales: ['Open', 'High', 'Low', 'Close', 'Volume', 'time_diff', 'Volume_SMA_5', 'Volume_SMA_10', 'Volume_SMA_20', 'Volume_Ratio_SMA5', 'Volume_Ratio_SMA10', 'Volume_Ratio_SMA20', 'Volume_Change_1', 'Volume_Change_5', 'PV_Ratio', 'PV_Change', 'OBV', 'OBV_normalized', 'OBV_norm_minmax', 'OBV_SMA_short', 'OBV_SMA_medium', 'OBV_SMA_long', 'OBV_Trend_short', 'OBV_Trend_medium', 'OBV_Trend_long', 'OBV_Trend', 'MFV', 'ADL', 'ADL_norm', 'ADL_SMA5', 'ADL_SMA15', 'ADL_SMA30', 'ADL_Trend', 'Price_Trend', 'ADL_Divergence', 'MFM', 'CMF_20', 'PVT_change', 'PVT', 'PVT_norm', 'PVT_SMA10', 'PVT_SMA30', 'PVT_signal', 'PVT_cross', 'PVT_cross_signal', 'PVT_delta5', 'CCI_5', 'CCI_10', 'CCI_15', 'Volume_Oscillator', 'VWAP', 'VWMA_10', 'VWMA_20', 'Force_Index_1', 'Force_Index_13', 'Typical_Price', 'Raw_Money_Flow', 'Typical_Price_Prev', 'Money_Flow_Positive', 'Money_Flow_Negative', 'MFI_14', 'Vol_Weighted_Up', 'Vol_Weighted_Down', 'Vol_Weighted_Up_Avg', 'Vol_Weighted_Down_Avg', 'Vol_Weighted_RSI', 'year', 'month', 'day', 'hour', 'minute', 'day_of_week', 'market_open_hour', 'stock_open_hour', 'is_summer', 'RSI_14', 'RSI_SMA_7', 'RSI_SMA_14', 'RSI', 'SMA_RSI', 'Vol_Weighted_RSI_SMA', 'RSI_EMA_7', 'RSI_EMA_14', 'RSI_Trend', 'RSI_Trend_Direction', 'RSI_Crossover_SMA', 'RSI_Crossover_EMA', 'future_direction_2', 'direction', 'candle_range', 'corps_candle', 'meche_haute', 'meche_basse', 'candle_trend', 'doji', 'doji_strength', 'perfect_doji', 'upper_wick', 'lower_wick', 'ratio_corps', 'doji_invalid', 'same_direction', 'bullish_engulfing', 'bearish_engulfing', 'engulfing_strength', 'corps_candle_prev', 'corps_sum', 'EMA_12', 'EMA_26', 'MACD', 'MACD_Signal', 'body_ratio_prev', 'SMA_10', 'EMA_10', 'ATR_14', 'Bollinger_High', 'Bollinger_Low', 'Bollinger_Width', 'SuperTrend_Trend', 'SuperTrend_Direction', 'SuperTrend_Long', 'SuperTrend_Short', 'Stoch_RSI', 'Keltner_High', 'Keltner_Low', 'Keltner_Mid', 'Keltner_Width', 'ADX', 'Williams_R', 'day_of_year', 'sin_day', 'cos_day', 'sin_hour', 'cos_hour', 'period_of_day', 'hourly_return', 'hourly_volatility', 'volatility_by_period', 'volatility_6h', 'volatility_12h', 'volatility_24h', 'volatility_period_0', 'volatility_period_1', 'volatility_period_2', 'volatility_period_3', 'volatility_morning', 'volatility_afternoon', 'volatility_evening', 'volatility_night', 'log_return_5m', 'log_return_1h', 'momentum_1h', 'log_return_4h', 'momentum_4h', 'log_return_1d', 'momentum_1d', 'momentum_5m', 'VWAP_10']
2025-06-03 16:36:48,206 - prediction_service - INFO - DEBUG - Types de données: [dtype('float64') dtype('int64') dtype('int32') dtype('bool')]
2025-06-03 16:36:48,206 - prediction_service - INFO - Séquences conservées pour la prédiction (shape=(16, 158)): [[6483.5 6483.5 6472.6 ... 292.1999999999998 -9.799999999999272
  6474.902324730002]
 [6473.5 6475.6 6469.7 ... 292.1999999999998 -3.100000000000364
  6477.920567174761]
 [6470.6 6474.6 6468.6 ... 292.1999999999998 2.100000000000364
  6478.3695364557025]
 ...
 [6500.1 6502.1 6494.2 ... 292.1999999999998 -2.899999999999636
  6499.7406043285155]
 [6497.2 6499.1 6496.1 ... 292.1999999999998 1.0999999999994543
  6501.018842003302]
 [6498.1 6499.2 6497.2 ... 292.1999999999998 0.0 6502.606433149137]]
2025-06-03 16:36:48,240 - prediction_service - INFO - Normalisation des données avec StandardScaler (shape=(1, 16, 158))
2025-06-03 16:36:48,241 - prediction_service - INFO - prepare prediction data done: make prediction
2025-06-03 16:41:56,687 - websockets.server - INFO - server closing
2025-06-03 16:41:56,688 - websockets.server - INFO - server closed
2025-06-03 16:42:00,032 - absl - WARNING - Compiled the loaded model, but the compiled metrics have yet to be built. `model.compile_metrics` will be empty until you train or evaluate the model.
2025-06-03 16:42:00,261 - prediction_service - INFO - Modèle existant compatible avec 158 features
2025-06-03 16:42:00,261 - prediction_service - INFO - Démarrage du serveur WebSocket sur 0.0.0.0:8765
2025-06-03 16:42:00,266 - websockets.server - INFO - server listening on 0.0.0.0:8765
2025-06-03 16:42:00,327 - websockets.server - INFO - connection open
2025-06-03 16:42:00,327 - prediction_service - INFO - Nouvelle connexion WebSocket: ('127.0.0.1', 47816)
2025-06-03 16:42:00,379 - absl - WARNING - Compiled the loaded model, but the compiled metrics have yet to be built. `model.compile_metrics` will be empty until you train or evaluate the model.
2025-06-03 16:42:00,380 - prediction_service - INFO - Modèle chargé depuis ./model/best_model.h5
2025-06-03 16:42:01,007 - prediction_service - INFO - Message reçu: 5min - 50 barres
2025-06-03 16:42:01,012 - prediction_service - INFO - Données historiques mises à jour pour 5min: 50 barres du 2025-06-02 07:20:00 au 2025-06-02 11:25:00
2025-06-03 16:42:01,013 - prediction_service - WARNING - Données insuffisantes pour les timeframes suivants (au moins 14 lignes requises) : 1h, 4h, 1d
2025-06-03 16:42:01,013 - prediction_service - INFO - Message reçu: 1h - 50 barres
2025-06-03 16:42:01,015 - prediction_service - INFO - Données historiques mises à jour pour 1h: 50 barres du 2025-05-29 09:00:00 au 2025-06-02 13:00:00
2025-06-03 16:42:01,015 - prediction_service - WARNING - Données insuffisantes pour les timeframes suivants (au moins 14 lignes requises) : 4h, 1d
2025-06-03 16:42:01,015 - prediction_service - INFO - Message reçu: 4h - 50 barres
2025-06-03 16:42:01,017 - prediction_service - INFO - Données historiques mises à jour pour 4h: 50 barres du 2025-05-21 15:00:00 au 2025-06-02 11:00:00
2025-06-03 16:42:01,017 - prediction_service - WARNING - Données insuffisantes pour les timeframes suivants (au moins 14 lignes requises) : 1d
2025-06-03 16:42:01,017 - prediction_service - INFO - Message reçu: 1d - 50 barres
2025-06-03 16:42:01,019 - prediction_service - INFO - Données historiques mises à jour pour 1d: 50 barres du 2025-03-23 23:00:00 au 2025-06-01 22:00:00
2025-06-03 16:42:01,023 - prediction_service - INFO - DEBUG - Entrées dans prepare_data_for_prediction:
2025-06-03 16:42:01,023 - prediction_service - INFO -   5min: 49 lignes
2025-06-03 16:42:01,023 - prediction_service - INFO -   1h: 50 lignes
2025-06-03 16:42:01,023 - prediction_service - INFO -   4h: 50 lignes
2025-06-03 16:42:01,023 - prediction_service - INFO -   1d: 50 lignes
2025-06-03 16:42:01,155 - prediction_service - INFO - DEBUG - Après create_parquet: 30 lignes
2025-06-03 16:42:01,155 - prediction_service - INFO - DEBUG - Features disponibles: ['RSI_14', 'MACD', 'Bollinger_High', 'SuperTrend_Trend']
2025-06-03 16:42:01,156 - prediction_service - INFO - DEBUG - NaN dans les 10 dernières lignes: {'RSI_14': 0, 'MACD': 0, 'Bollinger_High': 0, 'SuperTrend_Trend': 0}
2025-06-03 16:42:01,156 - prediction_service - INFO - DEBUG - Colonnes avant nettoyage: ['FromDate', 'Open', 'High', 'Low', 'Close', 'Volume', 'date', 'prev_date', 'time_diff', 'Volume_SMA_5', 'Volume_SMA_10', 'Volume_SMA_20', 'Volume_Ratio_SMA5', 'Volume_Ratio_SMA10', 'Volume_Ratio_SMA20', 'Volume_Change_1', 'Volume_Change_5', 'PV_Ratio', 'PV_Change', 'OBV', 'OBV_normalized', 'OBV_norm_minmax', 'OBV_SMA_short', 'OBV_SMA_medium', 'OBV_SMA_long', 'OBV_Trend_short', 'OBV_Trend_medium', 'OBV_Trend_long', 'OBV_Trend', 'MFV', 'ADL', 'ADL_norm', 'ADL_SMA5', 'ADL_SMA15', 'ADL_SMA30', 'ADL_Trend', 'Price_Trend', 'ADL_Divergence', 'MFM', 'CMF_20', 'PVT_change', 'PVT', 'PVT_norm', 'PVT_SMA10', 'PVT_SMA30', 'PVT_signal', 'PVT_cross', 'PVT_cross_signal', 'PVT_delta5', 'CCI_5', 'CCI_10', 'CCI_15', 'Volume_Oscillator', 'VWAP', 'VWMA_10', 'VWMA_20', 'Force_Index_1', 'Force_Index_13', 'Typical_Price', 'Raw_Money_Flow', 'Typical_Price_Prev', 'Money_Flow_Positive', 'Money_Flow_Negative', 'MFI_14', 'Vol_Weighted_Up', 'Vol_Weighted_Down', 'Vol_Weighted_Up_Avg', 'Vol_Weighted_Down_Avg', 'Vol_Weighted_RSI', 'year', 'month', 'day', 'hour', 'minute', 'day_of_week', 'market_open_hour', 'stock_open_hour', 'is_summer', 'RSI_14', 'RSI_SMA_7', 'RSI_SMA_14', 'RSI', 'SMA_RSI', 'Vol_Weighted_RSI_SMA', 'RSI_EMA_7', 'RSI_EMA_14', 'RSI_Trend', 'RSI_Trend_Direction', 'RSI_Crossover_SMA', 'RSI_Crossover_EMA', 'future_direction_2', 'direction', 'candle_range', 'corps_candle', 'meche_haute', 'meche_basse', 'candle_trend', 'doji_type', 'doji', 'doji_strength', 'perfect_doji', 'upper_wick', 'lower_wick', 'ratio_corps', 'doji_invalid', 'pattern_type', 'same_direction', 'bullish_engulfing', 'bearish_engulfing', 'engulfing_strength', 'corps_candle_prev', 'corps_sum', 'EMA_12', 'EMA_26', 'MACD', 'MACD_Signal', 'body_ratio_prev', 'SMA_10', 'EMA_10', 'ATR_14', 'Bollinger_High', 'Bollinger_Low', 'Bollinger_Width', 'SuperTrend_Trend', 'SuperTrend_Direction', 'SuperTrend_Long', 'SuperTrend_Short', 'Stoch_RSI', 'Keltner_High', 'Keltner_Low', 'Keltner_Mid', 'Keltner_Width', 'ADX', 'Williams_R', 'day_of_year', 'sin_day', 'cos_day', 'sin_hour', 'cos_hour', 'period_of_day', 'hourly_return', 'hourly_volatility', 'volatility_by_period', 'volatility_6h', 'volatility_12h', 'volatility_24h', 'volatility_period_0', 'volatility_period_1', 'volatility_period_2', 'volatility_period_3', 'volatility_morning', 'volatility_afternoon', 'volatility_evening', 'volatility_night', 'log_return_5m', 'log_return_1h', 'momentum_1h', 'log_return_4h', 'momentum_4h', 'log_return_1d', 'momentum_1d', 'momentum_5m', 'VWAP_10']
2025-06-03 16:42:01,156 - prediction_service - INFO - DEBUG - Colonnes non-numériques détectées: ['FromDate', 'date', 'prev_date', 'doji_type', 'pattern_type']
2025-06-03 16:42:01,158 - prediction_service - INFO - DEBUG - Colonnes finales: ['Open', 'High', 'Low', 'Close', 'Volume', 'time_diff', 'Volume_SMA_5', 'Volume_SMA_10', 'Volume_SMA_20', 'Volume_Ratio_SMA5', 'Volume_Ratio_SMA10', 'Volume_Ratio_SMA20', 'Volume_Change_1', 'Volume_Change_5', 'PV_Ratio', 'PV_Change', 'OBV', 'OBV_normalized', 'OBV_norm_minmax', 'OBV_SMA_short', 'OBV_SMA_medium', 'OBV_SMA_long', 'OBV_Trend_short', 'OBV_Trend_medium', 'OBV_Trend_long', 'OBV_Trend', 'MFV', 'ADL', 'ADL_norm', 'ADL_SMA5', 'ADL_SMA15', 'ADL_SMA30', 'ADL_Trend', 'Price_Trend', 'ADL_Divergence', 'MFM', 'CMF_20', 'PVT_change', 'PVT', 'PVT_norm', 'PVT_SMA10', 'PVT_SMA30', 'PVT_signal', 'PVT_cross', 'PVT_cross_signal', 'PVT_delta5', 'CCI_5', 'CCI_10', 'CCI_15', 'Volume_Oscillator', 'VWAP', 'VWMA_10', 'VWMA_20', 'Force_Index_1', 'Force_Index_13', 'Typical_Price', 'Raw_Money_Flow', 'Typical_Price_Prev', 'Money_Flow_Positive', 'Money_Flow_Negative', 'MFI_14', 'Vol_Weighted_Up', 'Vol_Weighted_Down', 'Vol_Weighted_Up_Avg', 'Vol_Weighted_Down_Avg', 'Vol_Weighted_RSI', 'year', 'month', 'day', 'hour', 'minute', 'day_of_week', 'market_open_hour', 'stock_open_hour', 'is_summer', 'RSI_14', 'RSI_SMA_7', 'RSI_SMA_14', 'RSI', 'SMA_RSI', 'Vol_Weighted_RSI_SMA', 'RSI_EMA_7', 'RSI_EMA_14', 'RSI_Trend', 'RSI_Trend_Direction', 'RSI_Crossover_SMA', 'RSI_Crossover_EMA', 'future_direction_2', 'direction', 'candle_range', 'corps_candle', 'meche_haute', 'meche_basse', 'candle_trend', 'doji', 'doji_strength', 'perfect_doji', 'upper_wick', 'lower_wick', 'ratio_corps', 'doji_invalid', 'same_direction', 'bullish_engulfing', 'bearish_engulfing', 'engulfing_strength', 'corps_candle_prev', 'corps_sum', 'EMA_12', 'EMA_26', 'MACD', 'MACD_Signal', 'body_ratio_prev', 'SMA_10', 'EMA_10', 'ATR_14', 'Bollinger_High', 'Bollinger_Low', 'Bollinger_Width', 'SuperTrend_Trend', 'SuperTrend_Direction', 'SuperTrend_Long', 'SuperTrend_Short', 'Stoch_RSI', 'Keltner_High', 'Keltner_Low', 'Keltner_Mid', 'Keltner_Width', 'ADX', 'Williams_R', 'day_of_year', 'sin_day', 'cos_day', 'sin_hour', 'cos_hour', 'period_of_day', 'hourly_return', 'hourly_volatility', 'volatility_by_period', 'volatility_6h', 'volatility_12h', 'volatility_24h', 'volatility_period_0', 'volatility_period_1', 'volatility_period_2', 'volatility_period_3', 'volatility_morning', 'volatility_afternoon', 'volatility_evening', 'volatility_night', 'log_return_5m', 'log_return_1h', 'momentum_1h', 'log_return_4h', 'momentum_4h', 'log_return_1d', 'momentum_1d', 'momentum_5m', 'VWAP_10']
2025-06-03 16:42:01,158 - prediction_service - INFO - DEBUG - Types de données: [dtype('float64') dtype('int64') dtype('int32') dtype('bool')]
2025-06-03 16:42:01,159 - prediction_service - INFO - Séquences conservées pour la prédiction (shape=(16, 158)): [[6483.5 6483.5 6472.6 ... 292.1999999999998 -9.799999999999272
  6474.902324730002]
 [6473.5 6475.6 6469.7 ... 292.1999999999998 -3.100000000000364
  6477.920567174761]
 [6470.6 6474.6 6468.6 ... 292.1999999999998 2.100000000000364
  6478.3695364557025]
 ...
 [6500.1 6502.1 6494.2 ... 292.1999999999998 -2.899999999999636
  6499.7406043285155]
 [6497.2 6499.1 6496.1 ... 292.1999999999998 1.0999999999994543
  6501.018842003302]
 [6498.1 6499.2 6497.2 ... 292.1999999999998 0.0 6502.606433149137]]
2025-06-03 16:42:01,211 - prediction_service - INFO - DEBUG - Analyse NaN détaillée: {}
2025-06-03 16:42:01,211 - prediction_service - INFO - DEBUG - Analyse valeurs infinies détaillée: {}
2025-06-03 16:42:01,211 - prediction_service - INFO - Normalisation des données avec StandardScaler (shape=(1, 16, 158))
2025-06-03 16:42:01,212 - prediction_service - INFO - prepare prediction data done: make prediction
2025-06-03 16:42:23,850 - websockets.server - INFO - server closing
2025-06-03 16:42:23,851 - websockets.server - INFO - server closed
2025-06-03 16:42:26,925 - absl - WARNING - Compiled the loaded model, but the compiled metrics have yet to be built. `model.compile_metrics` will be empty until you train or evaluate the model.
2025-06-03 16:42:27,166 - prediction_service - INFO - Modèle existant compatible avec 158 features
2025-06-03 16:42:27,167 - prediction_service - INFO - Démarrage du serveur WebSocket sur 0.0.0.0:8765
2025-06-03 16:42:27,172 - websockets.server - INFO - server listening on 0.0.0.0:8765
2025-06-03 16:42:27,502 - websockets.server - INFO - connection open
2025-06-03 16:42:27,502 - prediction_service - INFO - Nouvelle connexion WebSocket: ('127.0.0.1', 50182)
2025-06-03 16:42:27,539 - absl - WARNING - Compiled the loaded model, but the compiled metrics have yet to be built. `model.compile_metrics` will be empty until you train or evaluate the model.
2025-06-03 16:42:27,541 - prediction_service - INFO - Modèle chargé depuis ./model/best_model.h5
2025-06-03 16:42:28,095 - prediction_service - INFO - Message reçu: 5min - 50 barres
2025-06-03 16:42:28,101 - prediction_service - INFO - Données historiques mises à jour pour 5min: 50 barres du 2025-06-02 07:20:00 au 2025-06-02 11:25:00
2025-06-03 16:42:28,101 - prediction_service - WARNING - Données insuffisantes pour les timeframes suivants (au moins 14 lignes requises) : 1h, 4h, 1d
2025-06-03 16:42:28,101 - prediction_service - INFO - Message reçu: 1h - 50 barres
2025-06-03 16:42:28,102 - prediction_service - INFO - Données historiques mises à jour pour 1h: 50 barres du 2025-05-29 09:00:00 au 2025-06-02 13:00:00
2025-06-03 16:42:28,102 - prediction_service - WARNING - Données insuffisantes pour les timeframes suivants (au moins 14 lignes requises) : 4h, 1d
2025-06-03 16:42:28,103 - prediction_service - INFO - Message reçu: 4h - 50 barres
2025-06-03 16:42:28,103 - prediction_service - INFO - Données historiques mises à jour pour 4h: 50 barres du 2025-05-21 15:00:00 au 2025-06-02 11:00:00
2025-06-03 16:42:28,103 - prediction_service - WARNING - Données insuffisantes pour les timeframes suivants (au moins 14 lignes requises) : 1d
2025-06-03 16:42:28,104 - prediction_service - INFO - Message reçu: 1d - 50 barres
2025-06-03 16:42:28,104 - prediction_service - INFO - Données historiques mises à jour pour 1d: 50 barres du 2025-03-23 23:00:00 au 2025-06-01 22:00:00
2025-06-03 16:42:28,106 - prediction_service - INFO - DEBUG - Entrées dans prepare_data_for_prediction:
2025-06-03 16:42:28,107 - prediction_service - INFO -   5min: 49 lignes
2025-06-03 16:42:28,107 - prediction_service - INFO -   1h: 50 lignes
2025-06-03 16:42:28,107 - prediction_service - INFO -   4h: 50 lignes
2025-06-03 16:42:28,107 - prediction_service - INFO -   1d: 50 lignes
2025-06-03 16:42:28,253 - prediction_service - INFO - DEBUG - Après create_parquet: 30 lignes
2025-06-03 16:42:28,253 - prediction_service - INFO - DEBUG - Features disponibles: ['RSI_14', 'MACD', 'Bollinger_High', 'SuperTrend_Trend']
2025-06-03 16:42:28,253 - prediction_service - INFO - DEBUG - NaN dans les 10 dernières lignes: {'RSI_14': 0, 'MACD': 0, 'Bollinger_High': 0, 'SuperTrend_Trend': 0}
2025-06-03 16:42:28,253 - prediction_service - INFO - DEBUG - Colonnes avant nettoyage: ['FromDate', 'Open', 'High', 'Low', 'Close', 'Volume', 'date', 'prev_date', 'time_diff', 'Volume_SMA_5', 'Volume_SMA_10', 'Volume_SMA_20', 'Volume_Ratio_SMA5', 'Volume_Ratio_SMA10', 'Volume_Ratio_SMA20', 'Volume_Change_1', 'Volume_Change_5', 'PV_Ratio', 'PV_Change', 'OBV', 'OBV_normalized', 'OBV_norm_minmax', 'OBV_SMA_short', 'OBV_SMA_medium', 'OBV_SMA_long', 'OBV_Trend_short', 'OBV_Trend_medium', 'OBV_Trend_long', 'OBV_Trend', 'MFV', 'ADL', 'ADL_norm', 'ADL_SMA5', 'ADL_SMA15', 'ADL_SMA30', 'ADL_Trend', 'Price_Trend', 'ADL_Divergence', 'MFM', 'CMF_20', 'PVT_change', 'PVT', 'PVT_norm', 'PVT_SMA10', 'PVT_SMA30', 'PVT_signal', 'PVT_cross', 'PVT_cross_signal', 'PVT_delta5', 'CCI_5', 'CCI_10', 'CCI_15', 'Volume_Oscillator', 'VWAP', 'VWMA_10', 'VWMA_20', 'Force_Index_1', 'Force_Index_13', 'Typical_Price', 'Raw_Money_Flow', 'Typical_Price_Prev', 'Money_Flow_Positive', 'Money_Flow_Negative', 'MFI_14', 'Vol_Weighted_Up', 'Vol_Weighted_Down', 'Vol_Weighted_Up_Avg', 'Vol_Weighted_Down_Avg', 'Vol_Weighted_RSI', 'year', 'month', 'day', 'hour', 'minute', 'day_of_week', 'market_open_hour', 'stock_open_hour', 'is_summer', 'RSI_14', 'RSI_SMA_7', 'RSI_SMA_14', 'RSI', 'SMA_RSI', 'Vol_Weighted_RSI_SMA', 'RSI_EMA_7', 'RSI_EMA_14', 'RSI_Trend', 'RSI_Trend_Direction', 'RSI_Crossover_SMA', 'RSI_Crossover_EMA', 'future_direction_2', 'direction', 'candle_range', 'corps_candle', 'meche_haute', 'meche_basse', 'candle_trend', 'doji_type', 'doji', 'doji_strength', 'perfect_doji', 'upper_wick', 'lower_wick', 'ratio_corps', 'doji_invalid', 'pattern_type', 'same_direction', 'bullish_engulfing', 'bearish_engulfing', 'engulfing_strength', 'corps_candle_prev', 'corps_sum', 'EMA_12', 'EMA_26', 'MACD', 'MACD_Signal', 'body_ratio_prev', 'SMA_10', 'EMA_10', 'ATR_14', 'Bollinger_High', 'Bollinger_Low', 'Bollinger_Width', 'SuperTrend_Trend', 'SuperTrend_Direction', 'SuperTrend_Long', 'SuperTrend_Short', 'Stoch_RSI', 'Keltner_High', 'Keltner_Low', 'Keltner_Mid', 'Keltner_Width', 'ADX', 'Williams_R', 'day_of_year', 'sin_day', 'cos_day', 'sin_hour', 'cos_hour', 'period_of_day', 'hourly_return', 'hourly_volatility', 'volatility_by_period', 'volatility_6h', 'volatility_12h', 'volatility_24h', 'volatility_period_0', 'volatility_period_1', 'volatility_period_2', 'volatility_period_3', 'volatility_morning', 'volatility_afternoon', 'volatility_evening', 'volatility_night', 'log_return_5m', 'log_return_1h', 'momentum_1h', 'log_return_4h', 'momentum_4h', 'log_return_1d', 'momentum_1d', 'momentum_5m', 'VWAP_10']
2025-06-03 16:42:28,253 - prediction_service - INFO - DEBUG - Colonnes non-numériques détectées: ['FromDate', 'date', 'prev_date', 'doji_type', 'pattern_type']
2025-06-03 16:42:28,254 - prediction_service - INFO - DEBUG - Colonnes finales: ['Open', 'High', 'Low', 'Close', 'Volume', 'time_diff', 'Volume_SMA_5', 'Volume_SMA_10', 'Volume_SMA_20', 'Volume_Ratio_SMA5', 'Volume_Ratio_SMA10', 'Volume_Ratio_SMA20', 'Volume_Change_1', 'Volume_Change_5', 'PV_Ratio', 'PV_Change', 'OBV', 'OBV_normalized', 'OBV_norm_minmax', 'OBV_SMA_short', 'OBV_SMA_medium', 'OBV_SMA_long', 'OBV_Trend_short', 'OBV_Trend_medium', 'OBV_Trend_long', 'OBV_Trend', 'MFV', 'ADL', 'ADL_norm', 'ADL_SMA5', 'ADL_SMA15', 'ADL_SMA30', 'ADL_Trend', 'Price_Trend', 'ADL_Divergence', 'MFM', 'CMF_20', 'PVT_change', 'PVT', 'PVT_norm', 'PVT_SMA10', 'PVT_SMA30', 'PVT_signal', 'PVT_cross', 'PVT_cross_signal', 'PVT_delta5', 'CCI_5', 'CCI_10', 'CCI_15', 'Volume_Oscillator', 'VWAP', 'VWMA_10', 'VWMA_20', 'Force_Index_1', 'Force_Index_13', 'Typical_Price', 'Raw_Money_Flow', 'Typical_Price_Prev', 'Money_Flow_Positive', 'Money_Flow_Negative', 'MFI_14', 'Vol_Weighted_Up', 'Vol_Weighted_Down', 'Vol_Weighted_Up_Avg', 'Vol_Weighted_Down_Avg', 'Vol_Weighted_RSI', 'year', 'month', 'day', 'hour', 'minute', 'day_of_week', 'market_open_hour', 'stock_open_hour', 'is_summer', 'RSI_14', 'RSI_SMA_7', 'RSI_SMA_14', 'RSI', 'SMA_RSI', 'Vol_Weighted_RSI_SMA', 'RSI_EMA_7', 'RSI_EMA_14', 'RSI_Trend', 'RSI_Trend_Direction', 'RSI_Crossover_SMA', 'RSI_Crossover_EMA', 'future_direction_2', 'direction', 'candle_range', 'corps_candle', 'meche_haute', 'meche_basse', 'candle_trend', 'doji', 'doji_strength', 'perfect_doji', 'upper_wick', 'lower_wick', 'ratio_corps', 'doji_invalid', 'same_direction', 'bullish_engulfing', 'bearish_engulfing', 'engulfing_strength', 'corps_candle_prev', 'corps_sum', 'EMA_12', 'EMA_26', 'MACD', 'MACD_Signal', 'body_ratio_prev', 'SMA_10', 'EMA_10', 'ATR_14', 'Bollinger_High', 'Bollinger_Low', 'Bollinger_Width', 'SuperTrend_Trend', 'SuperTrend_Direction', 'SuperTrend_Long', 'SuperTrend_Short', 'Stoch_RSI', 'Keltner_High', 'Keltner_Low', 'Keltner_Mid', 'Keltner_Width', 'ADX', 'Williams_R', 'day_of_year', 'sin_day', 'cos_day', 'sin_hour', 'cos_hour', 'period_of_day', 'hourly_return', 'hourly_volatility', 'volatility_by_period', 'volatility_6h', 'volatility_12h', 'volatility_24h', 'volatility_period_0', 'volatility_period_1', 'volatility_period_2', 'volatility_period_3', 'volatility_morning', 'volatility_afternoon', 'volatility_evening', 'volatility_night', 'log_return_5m', 'log_return_1h', 'momentum_1h', 'log_return_4h', 'momentum_4h', 'log_return_1d', 'momentum_1d', 'momentum_5m', 'VWAP_10']
2025-06-03 16:42:28,254 - prediction_service - INFO - DEBUG - Types de données: [dtype('float64') dtype('int64') dtype('int32') dtype('bool')]
2025-06-03 16:42:28,255 - prediction_service - INFO - Séquences conservées pour la prédiction (shape=(16, 158)): [[6483.5 6483.5 6472.6 ... 292.1999999999998 -9.799999999999272
  6474.902324730002]
 [6473.5 6475.6 6469.7 ... 292.1999999999998 -3.100000000000364
  6477.920567174761]
 [6470.6 6474.6 6468.6 ... 292.1999999999998 2.100000000000364
  6478.3695364557025]
 ...
 [6500.1 6502.1 6494.2 ... 292.1999999999998 -2.899999999999636
  6499.7406043285155]
 [6497.2 6499.1 6496.1 ... 292.1999999999998 1.0999999999994543
  6501.018842003302]
 [6498.1 6499.2 6497.2 ... 292.1999999999998 0.0 6502.606433149137]]
2025-06-03 16:42:28,295 - prediction_service - INFO - DEBUG - Analyse NaN détaillée: {}
2025-06-03 16:42:28,295 - prediction_service - INFO - DEBUG - Analyse valeurs infinies détaillée: {}
2025-06-03 16:42:28,295 - prediction_service - INFO - Normalisation des données avec StandardScaler (shape=(1, 16, 158))
2025-06-03 16:42:28,296 - prediction_service - INFO - prepare prediction data done: make prediction
2025-06-03 16:51:19,843 - websockets.server - INFO - server closing
2025-06-03 16:51:19,843 - websockets.server - INFO - server closed
2025-06-03 16:51:23,485 - absl - WARNING - Compiled the loaded model, but the compiled metrics have yet to be built. `model.compile_metrics` will be empty until you train or evaluate the model.
2025-06-03 16:51:23,727 - prediction_service - INFO - Modèle existant compatible avec 158 features
2025-06-03 16:51:23,727 - prediction_service - INFO - Démarrage du serveur WebSocket sur 0.0.0.0:8765
2025-06-03 16:51:23,733 - websockets.server - INFO - server listening on 0.0.0.0:8765
2025-06-03 16:51:24,804 - websockets.server - INFO - connection open
2025-06-03 16:51:24,804 - prediction_service - INFO - Nouvelle connexion WebSocket: ('127.0.0.1', 45772)
2025-06-03 16:51:24,835 - absl - WARNING - Compiled the loaded model, but the compiled metrics have yet to be built. `model.compile_metrics` will be empty until you train or evaluate the model.
2025-06-03 16:51:24,839 - prediction_service - INFO - Modèle chargé depuis ./model/best_model.h5
2025-06-03 16:51:25,592 - prediction_service - INFO - Message reçu: 5min - 50 barres
2025-06-03 16:51:25,597 - prediction_service - INFO - Données historiques mises à jour pour 5min: 50 barres du 2025-06-02 07:20:00 au 2025-06-02 11:25:00
2025-06-03 16:51:25,597 - prediction_service - WARNING - Données insuffisantes pour les timeframes suivants (au moins 14 lignes requises) : 1h, 4h, 1d
2025-06-03 16:51:25,597 - prediction_service - INFO - Message reçu: 1h - 50 barres
2025-06-03 16:51:25,599 - prediction_service - INFO - Données historiques mises à jour pour 1h: 50 barres du 2025-05-29 09:00:00 au 2025-06-02 13:00:00
2025-06-03 16:51:25,599 - prediction_service - WARNING - Données insuffisantes pour les timeframes suivants (au moins 14 lignes requises) : 4h, 1d
2025-06-03 16:51:25,599 - prediction_service - INFO - Message reçu: 4h - 50 barres
2025-06-03 16:51:25,600 - prediction_service - INFO - Données historiques mises à jour pour 4h: 50 barres du 2025-05-21 15:00:00 au 2025-06-02 11:00:00
2025-06-03 16:51:25,600 - prediction_service - WARNING - Données insuffisantes pour les timeframes suivants (au moins 14 lignes requises) : 1d
2025-06-03 16:51:25,600 - prediction_service - INFO - Message reçu: 1d - 50 barres
2025-06-03 16:51:25,601 - prediction_service - INFO - Données historiques mises à jour pour 1d: 50 barres du 2025-03-23 23:00:00 au 2025-06-01 22:00:00
2025-06-03 16:51:25,604 - prediction_service - INFO - DEBUG - Entrées dans prepare_data_for_prediction:
2025-06-03 16:51:25,604 - prediction_service - INFO -   5min: 49 lignes
2025-06-03 16:51:25,604 - prediction_service - INFO -   1h: 50 lignes
2025-06-03 16:51:25,604 - prediction_service - INFO -   4h: 50 lignes
2025-06-03 16:51:25,604 - prediction_service - INFO -   1d: 50 lignes
2025-06-03 16:51:25,730 - prediction_service - INFO - DEBUG - Après create_parquet: 30 lignes
2025-06-03 16:51:25,730 - prediction_service - INFO - DEBUG - Features disponibles: ['RSI_14', 'MACD', 'Bollinger_High', 'SuperTrend_Trend']
2025-06-03 16:51:25,731 - prediction_service - INFO - DEBUG - NaN dans les 10 dernières lignes: {'RSI_14': 0, 'MACD': 0, 'Bollinger_High': 0, 'SuperTrend_Trend': 0}
2025-06-03 16:51:25,731 - prediction_service - INFO - DEBUG - Colonnes avant nettoyage: ['FromDate', 'Open', 'High', 'Low', 'Close', 'Volume', 'date', 'prev_date', 'time_diff', 'Volume_SMA_5', 'Volume_SMA_10', 'Volume_SMA_20', 'Volume_Ratio_SMA5', 'Volume_Ratio_SMA10', 'Volume_Ratio_SMA20', 'Volume_Change_1', 'Volume_Change_5', 'PV_Ratio', 'PV_Change', 'OBV', 'OBV_normalized', 'OBV_norm_minmax', 'OBV_SMA_short', 'OBV_SMA_medium', 'OBV_SMA_long', 'OBV_Trend_short', 'OBV_Trend_medium', 'OBV_Trend_long', 'OBV_Trend', 'MFV', 'ADL', 'ADL_norm', 'ADL_SMA5', 'ADL_SMA15', 'ADL_SMA30', 'ADL_Trend', 'Price_Trend', 'ADL_Divergence', 'MFM', 'CMF_20', 'PVT_change', 'PVT', 'PVT_norm', 'PVT_SMA10', 'PVT_SMA30', 'PVT_signal', 'PVT_cross', 'PVT_cross_signal', 'PVT_delta5', 'CCI_5', 'CCI_10', 'CCI_15', 'Volume_Oscillator', 'VWAP', 'VWMA_10', 'VWMA_20', 'Force_Index_1', 'Force_Index_13', 'Typical_Price', 'Raw_Money_Flow', 'Typical_Price_Prev', 'Money_Flow_Positive', 'Money_Flow_Negative', 'MFI_14', 'Vol_Weighted_Up', 'Vol_Weighted_Down', 'Vol_Weighted_Up_Avg', 'Vol_Weighted_Down_Avg', 'Vol_Weighted_RSI', 'year', 'month', 'day', 'hour', 'minute', 'day_of_week', 'market_open_hour', 'stock_open_hour', 'is_summer', 'RSI_14', 'RSI_SMA_7', 'RSI_SMA_14', 'RSI', 'SMA_RSI', 'Vol_Weighted_RSI_SMA', 'RSI_EMA_7', 'RSI_EMA_14', 'RSI_Trend', 'RSI_Trend_Direction', 'RSI_Crossover_SMA', 'RSI_Crossover_EMA', 'future_direction_2', 'direction', 'candle_range', 'corps_candle', 'meche_haute', 'meche_basse', 'candle_trend', 'doji_type', 'doji', 'doji_strength', 'perfect_doji', 'upper_wick', 'lower_wick', 'ratio_corps', 'doji_invalid', 'pattern_type', 'same_direction', 'bullish_engulfing', 'bearish_engulfing', 'engulfing_strength', 'corps_candle_prev', 'corps_sum', 'EMA_12', 'EMA_26', 'MACD', 'MACD_Signal', 'body_ratio_prev', 'SMA_10', 'EMA_10', 'ATR_14', 'Bollinger_High', 'Bollinger_Low', 'Bollinger_Width', 'SuperTrend_Trend', 'SuperTrend_Direction', 'SuperTrend_Long', 'SuperTrend_Short', 'Stoch_RSI', 'Keltner_High', 'Keltner_Low', 'Keltner_Mid', 'Keltner_Width', 'ADX', 'Williams_R', 'day_of_year', 'sin_day', 'cos_day', 'sin_hour', 'cos_hour', 'period_of_day', 'hourly_return', 'hourly_volatility', 'volatility_by_period', 'volatility_6h', 'volatility_12h', 'volatility_24h', 'volatility_period_0', 'volatility_period_1', 'volatility_period_2', 'volatility_period_3', 'volatility_morning', 'volatility_afternoon', 'volatility_evening', 'volatility_night', 'log_return_5m', 'log_return_1h', 'momentum_1h', 'log_return_4h', 'momentum_4h', 'log_return_1d', 'momentum_1d', 'momentum_5m', 'VWAP_10']
2025-06-03 16:51:25,731 - prediction_service - INFO - DEBUG - Colonnes non-numériques détectées: ['FromDate', 'date', 'prev_date', 'doji_type', 'pattern_type']
2025-06-03 16:51:25,732 - prediction_service - INFO - DEBUG - Colonnes finales: ['Open', 'High', 'Low', 'Close', 'Volume', 'time_diff', 'Volume_SMA_5', 'Volume_SMA_10', 'Volume_SMA_20', 'Volume_Ratio_SMA5', 'Volume_Ratio_SMA10', 'Volume_Ratio_SMA20', 'Volume_Change_1', 'Volume_Change_5', 'PV_Ratio', 'PV_Change', 'OBV', 'OBV_normalized', 'OBV_norm_minmax', 'OBV_SMA_short', 'OBV_SMA_medium', 'OBV_SMA_long', 'OBV_Trend_short', 'OBV_Trend_medium', 'OBV_Trend_long', 'OBV_Trend', 'MFV', 'ADL', 'ADL_norm', 'ADL_SMA5', 'ADL_SMA15', 'ADL_SMA30', 'ADL_Trend', 'Price_Trend', 'ADL_Divergence', 'MFM', 'CMF_20', 'PVT_change', 'PVT', 'PVT_norm', 'PVT_SMA10', 'PVT_SMA30', 'PVT_signal', 'PVT_cross', 'PVT_cross_signal', 'PVT_delta5', 'CCI_5', 'CCI_10', 'CCI_15', 'Volume_Oscillator', 'VWAP', 'VWMA_10', 'VWMA_20', 'Force_Index_1', 'Force_Index_13', 'Typical_Price', 'Raw_Money_Flow', 'Typical_Price_Prev', 'Money_Flow_Positive', 'Money_Flow_Negative', 'MFI_14', 'Vol_Weighted_Up', 'Vol_Weighted_Down', 'Vol_Weighted_Up_Avg', 'Vol_Weighted_Down_Avg', 'Vol_Weighted_RSI', 'year', 'month', 'day', 'hour', 'minute', 'day_of_week', 'market_open_hour', 'stock_open_hour', 'is_summer', 'RSI_14', 'RSI_SMA_7', 'RSI_SMA_14', 'RSI', 'SMA_RSI', 'Vol_Weighted_RSI_SMA', 'RSI_EMA_7', 'RSI_EMA_14', 'RSI_Trend', 'RSI_Trend_Direction', 'RSI_Crossover_SMA', 'RSI_Crossover_EMA', 'future_direction_2', 'direction', 'candle_range', 'corps_candle', 'meche_haute', 'meche_basse', 'candle_trend', 'doji', 'doji_strength', 'perfect_doji', 'upper_wick', 'lower_wick', 'ratio_corps', 'doji_invalid', 'same_direction', 'bullish_engulfing', 'bearish_engulfing', 'engulfing_strength', 'corps_candle_prev', 'corps_sum', 'EMA_12', 'EMA_26', 'MACD', 'MACD_Signal', 'body_ratio_prev', 'SMA_10', 'EMA_10', 'ATR_14', 'Bollinger_High', 'Bollinger_Low', 'Bollinger_Width', 'SuperTrend_Trend', 'SuperTrend_Direction', 'SuperTrend_Long', 'SuperTrend_Short', 'Stoch_RSI', 'Keltner_High', 'Keltner_Low', 'Keltner_Mid', 'Keltner_Width', 'ADX', 'Williams_R', 'day_of_year', 'sin_day', 'cos_day', 'sin_hour', 'cos_hour', 'period_of_day', 'hourly_return', 'hourly_volatility', 'volatility_by_period', 'volatility_6h', 'volatility_12h', 'volatility_24h', 'volatility_period_0', 'volatility_period_1', 'volatility_period_2', 'volatility_period_3', 'volatility_morning', 'volatility_afternoon', 'volatility_evening', 'volatility_night', 'log_return_5m', 'log_return_1h', 'momentum_1h', 'log_return_4h', 'momentum_4h', 'log_return_1d', 'momentum_1d', 'momentum_5m', 'VWAP_10']
2025-06-03 16:51:25,732 - prediction_service - INFO - DEBUG - Types de données: [dtype('float64') dtype('int64') dtype('int32') dtype('bool')]
2025-06-03 16:51:25,732 - prediction_service - INFO - Séquences conservées pour la prédiction (shape=(16, 158)): [[6483.5 6483.5 6472.6 ... 292.1999999999998 -9.799999999999272
  6474.902324730002]
 [6473.5 6475.6 6469.7 ... 292.1999999999998 -3.100000000000364
  6477.920567174761]
 [6470.6 6474.6 6468.6 ... 292.1999999999998 2.100000000000364
  6478.3695364557025]
 ...
 [6500.1 6502.1 6494.2 ... 292.1999999999998 -2.899999999999636
  6499.7406043285155]
 [6497.2 6499.1 6496.1 ... 292.1999999999998 1.0999999999994543
  6501.018842003302]
 [6498.1 6499.2 6497.2 ... 292.1999999999998 0.0 6502.606433149137]]
2025-06-03 16:51:25,774 - prediction_service - INFO - DEBUG - Analyse NaN détaillée: {}
2025-06-03 16:51:25,774 - prediction_service - INFO - DEBUG - Analyse valeurs infinies détaillée: {}
2025-06-03 16:51:25,774 - prediction_service - INFO - Normalisation des données avec StandardScaler (shape=(1, 16, 158))
2025-06-03 16:51:25,775 - prediction_service - INFO - prepare prediction data done: make prediction
2025-06-05 09:59:32,984 - absl - WARNING - Compiled the loaded model, but the compiled metrics have yet to be built. `model.compile_metrics` will be empty until you train or evaluate the model.
2025-06-05 09:59:33,304 - prediction_service - INFO - Modèle existant compatible avec 158 features
2025-06-05 09:59:33,305 - prediction_service - INFO - Démarrage du serveur WebSocket sur 0.0.0.0:8765
2025-06-05 09:59:33,315 - websockets.server - INFO - server listening on 0.0.0.0:8765
2025-06-05 09:59:40,968 - websockets.server - INFO - connection open
2025-06-05 09:59:40,968 - prediction_service - INFO - Nouvelle connexion WebSocket: ('127.0.0.1', 54668)
2025-06-05 09:59:41,008 - absl - WARNING - Compiled the loaded model, but the compiled metrics have yet to be built. `model.compile_metrics` will be empty until you train or evaluate the model.
2025-06-05 09:59:41,011 - prediction_service - INFO - Modèle chargé depuis ./model/best_model.h5
2025-06-05 09:59:42,038 - prediction_service - INFO - Message reçu: 5min - 50 barres
2025-06-05 09:59:42,043 - prediction_service - INFO - Données historiques mises à jour pour 5min: 50 barres du 2025-06-02 07:20:00 au 2025-06-02 11:25:00
2025-06-05 09:59:42,043 - prediction_service - WARNING - Données insuffisantes pour les timeframes suivants (au moins 14 lignes requises) : 1h, 4h, 1d
2025-06-05 09:59:42,044 - prediction_service - INFO - Message reçu: 1h - 50 barres
2025-06-05 09:59:42,046 - prediction_service - INFO - Données historiques mises à jour pour 1h: 50 barres du 2025-05-29 09:00:00 au 2025-06-02 13:00:00
2025-06-05 09:59:42,046 - prediction_service - WARNING - Données insuffisantes pour les timeframes suivants (au moins 14 lignes requises) : 4h, 1d
2025-06-05 09:59:42,047 - prediction_service - INFO - Message reçu: 4h - 50 barres
2025-06-05 09:59:42,049 - prediction_service - INFO - Données historiques mises à jour pour 4h: 50 barres du 2025-05-21 15:00:00 au 2025-06-02 11:00:00
2025-06-05 09:59:42,049 - prediction_service - WARNING - Données insuffisantes pour les timeframes suivants (au moins 14 lignes requises) : 1d
2025-06-05 09:59:42,050 - prediction_service - INFO - Message reçu: 1d - 50 barres
2025-06-05 09:59:42,052 - prediction_service - INFO - Données historiques mises à jour pour 1d: 50 barres du 2025-03-23 23:00:00 au 2025-06-01 22:00:00
2025-06-05 09:59:42,059 - prediction_service - INFO - DEBUG - Entrées dans prepare_data_for_prediction:
2025-06-05 09:59:42,059 - prediction_service - INFO -   5min: 49 lignes
2025-06-05 09:59:42,059 - prediction_service - INFO -   1h: 50 lignes
2025-06-05 09:59:42,059 - prediction_service - INFO -   4h: 50 lignes
2025-06-05 09:59:42,059 - prediction_service - INFO -   1d: 50 lignes
2025-06-05 09:59:42,357 - prediction_service - INFO - DEBUG - Après create_parquet: 30 lignes
2025-06-05 09:59:42,357 - prediction_service - INFO - DEBUG - Features disponibles: ['RSI_14', 'MACD', 'Bollinger_High', 'SuperTrend_Trend']
2025-06-05 09:59:42,358 - prediction_service - INFO - DEBUG - NaN dans les 10 dernières lignes: {'RSI_14': 0, 'MACD': 0, 'Bollinger_High': 0, 'SuperTrend_Trend': 0}
2025-06-05 09:59:42,358 - prediction_service - INFO - DEBUG - Colonnes avant nettoyage: ['FromDate', 'Open', 'High', 'Low', 'Close', 'Volume', 'date', 'prev_date', 'time_diff', 'Volume_SMA_5', 'Volume_SMA_10', 'Volume_SMA_20', 'Volume_Ratio_SMA5', 'Volume_Ratio_SMA10', 'Volume_Ratio_SMA20', 'Volume_Change_1', 'Volume_Change_5', 'PV_Ratio', 'PV_Change', 'OBV', 'OBV_normalized', 'OBV_norm_minmax', 'OBV_SMA_short', 'OBV_SMA_medium', 'OBV_SMA_long', 'OBV_Trend_short', 'OBV_Trend_medium', 'OBV_Trend_long', 'OBV_Trend', 'MFV', 'ADL', 'ADL_norm', 'ADL_SMA5', 'ADL_SMA15', 'ADL_SMA30', 'ADL_Trend', 'Price_Trend', 'ADL_Divergence', 'MFM', 'CMF_20', 'PVT_change', 'PVT', 'PVT_norm', 'PVT_SMA10', 'PVT_SMA30', 'PVT_signal', 'PVT_cross', 'PVT_cross_signal', 'PVT_delta5', 'CCI_5', 'CCI_10', 'CCI_15', 'Volume_Oscillator', 'VWAP', 'VWMA_10', 'VWMA_20', 'Force_Index_1', 'Force_Index_13', 'Typical_Price', 'Raw_Money_Flow', 'Typical_Price_Prev', 'Money_Flow_Positive', 'Money_Flow_Negative', 'MFI_14', 'Vol_Weighted_Up', 'Vol_Weighted_Down', 'Vol_Weighted_Up_Avg', 'Vol_Weighted_Down_Avg', 'Vol_Weighted_RSI', 'year', 'month', 'day', 'hour', 'minute', 'day_of_week', 'market_open_hour', 'stock_open_hour', 'is_summer', 'RSI_14', 'RSI_SMA_7', 'RSI_SMA_14', 'RSI', 'SMA_RSI', 'Vol_Weighted_RSI_SMA', 'RSI_EMA_7', 'RSI_EMA_14', 'RSI_Trend', 'RSI_Trend_Direction', 'RSI_Crossover_SMA', 'RSI_Crossover_EMA', 'future_direction_2', 'direction', 'candle_range', 'corps_candle', 'meche_haute', 'meche_basse', 'candle_trend', 'doji_type', 'doji', 'doji_strength', 'perfect_doji', 'upper_wick', 'lower_wick', 'ratio_corps', 'doji_invalid', 'pattern_type', 'same_direction', 'bullish_engulfing', 'bearish_engulfing', 'engulfing_strength', 'corps_candle_prev', 'corps_sum', 'EMA_12', 'EMA_26', 'MACD', 'MACD_Signal', 'body_ratio_prev', 'SMA_10', 'EMA_10', 'ATR_14', 'Bollinger_High', 'Bollinger_Low', 'Bollinger_Width', 'SuperTrend_Trend', 'SuperTrend_Direction', 'SuperTrend_Long', 'SuperTrend_Short', 'Stoch_RSI', 'Keltner_High', 'Keltner_Low', 'Keltner_Mid', 'Keltner_Width', 'ADX', 'Williams_R', 'day_of_year', 'sin_day', 'cos_day', 'sin_hour', 'cos_hour', 'period_of_day', 'hourly_return', 'hourly_volatility', 'volatility_by_period', 'volatility_6h', 'volatility_12h', 'volatility_24h', 'volatility_period_0', 'volatility_period_1', 'volatility_period_2', 'volatility_period_3', 'volatility_morning', 'volatility_afternoon', 'volatility_evening', 'volatility_night', 'log_return_5m', 'log_return_1h', 'momentum_1h', 'log_return_4h', 'momentum_4h', 'log_return_1d', 'momentum_1d', 'momentum_5m', 'VWAP_10']
2025-06-05 09:59:42,358 - prediction_service - INFO - DEBUG - Colonnes non-numériques détectées: ['FromDate', 'date', 'prev_date', 'doji_type', 'pattern_type']
2025-06-05 09:59:42,360 - prediction_service - INFO - DEBUG - Colonnes finales: ['Open', 'High', 'Low', 'Close', 'Volume', 'time_diff', 'Volume_SMA_5', 'Volume_SMA_10', 'Volume_SMA_20', 'Volume_Ratio_SMA5', 'Volume_Ratio_SMA10', 'Volume_Ratio_SMA20', 'Volume_Change_1', 'Volume_Change_5', 'PV_Ratio', 'PV_Change', 'OBV', 'OBV_normalized', 'OBV_norm_minmax', 'OBV_SMA_short', 'OBV_SMA_medium', 'OBV_SMA_long', 'OBV_Trend_short', 'OBV_Trend_medium', 'OBV_Trend_long', 'OBV_Trend', 'MFV', 'ADL', 'ADL_norm', 'ADL_SMA5', 'ADL_SMA15', 'ADL_SMA30', 'ADL_Trend', 'Price_Trend', 'ADL_Divergence', 'MFM', 'CMF_20', 'PVT_change', 'PVT', 'PVT_norm', 'PVT_SMA10', 'PVT_SMA30', 'PVT_signal', 'PVT_cross', 'PVT_cross_signal', 'PVT_delta5', 'CCI_5', 'CCI_10', 'CCI_15', 'Volume_Oscillator', 'VWAP', 'VWMA_10', 'VWMA_20', 'Force_Index_1', 'Force_Index_13', 'Typical_Price', 'Raw_Money_Flow', 'Typical_Price_Prev', 'Money_Flow_Positive', 'Money_Flow_Negative', 'MFI_14', 'Vol_Weighted_Up', 'Vol_Weighted_Down', 'Vol_Weighted_Up_Avg', 'Vol_Weighted_Down_Avg', 'Vol_Weighted_RSI', 'year', 'month', 'day', 'hour', 'minute', 'day_of_week', 'market_open_hour', 'stock_open_hour', 'is_summer', 'RSI_14', 'RSI_SMA_7', 'RSI_SMA_14', 'RSI', 'SMA_RSI', 'Vol_Weighted_RSI_SMA', 'RSI_EMA_7', 'RSI_EMA_14', 'RSI_Trend', 'RSI_Trend_Direction', 'RSI_Crossover_SMA', 'RSI_Crossover_EMA', 'future_direction_2', 'direction', 'candle_range', 'corps_candle', 'meche_haute', 'meche_basse', 'candle_trend', 'doji', 'doji_strength', 'perfect_doji', 'upper_wick', 'lower_wick', 'ratio_corps', 'doji_invalid', 'same_direction', 'bullish_engulfing', 'bearish_engulfing', 'engulfing_strength', 'corps_candle_prev', 'corps_sum', 'EMA_12', 'EMA_26', 'MACD', 'MACD_Signal', 'body_ratio_prev', 'SMA_10', 'EMA_10', 'ATR_14', 'Bollinger_High', 'Bollinger_Low', 'Bollinger_Width', 'SuperTrend_Trend', 'SuperTrend_Direction', 'SuperTrend_Long', 'SuperTrend_Short', 'Stoch_RSI', 'Keltner_High', 'Keltner_Low', 'Keltner_Mid', 'Keltner_Width', 'ADX', 'Williams_R', 'day_of_year', 'sin_day', 'cos_day', 'sin_hour', 'cos_hour', 'period_of_day', 'hourly_return', 'hourly_volatility', 'volatility_by_period', 'volatility_6h', 'volatility_12h', 'volatility_24h', 'volatility_period_0', 'volatility_period_1', 'volatility_period_2', 'volatility_period_3', 'volatility_morning', 'volatility_afternoon', 'volatility_evening', 'volatility_night', 'log_return_5m', 'log_return_1h', 'momentum_1h', 'log_return_4h', 'momentum_4h', 'log_return_1d', 'momentum_1d', 'momentum_5m', 'VWAP_10']
2025-06-05 09:59:42,360 - prediction_service - INFO - DEBUG - Types de données: [dtype('float64') dtype('int64') dtype('int32') dtype('bool')]
2025-06-05 09:59:42,360 - prediction_service - INFO - Séquences conservées pour la prédiction (shape=(16, 158)): [[6483.5 6483.5 6472.6 ... 292.1999999999998 -9.799999999999272
  6474.902324730002]
 [6473.5 6475.6 6469.7 ... 292.1999999999998 -3.100000000000364
  6477.920567174761]
 [6470.6 6474.6 6468.6 ... 292.1999999999998 2.100000000000364
  6478.3695364557025]
 ...
 [6500.1 6502.1 6494.2 ... 292.1999999999998 -2.899999999999636
  6499.7406043285155]
 [6497.2 6499.1 6496.1 ... 292.1999999999998 1.0999999999994543
  6501.018842003302]
 [6498.1 6499.2 6497.2 ... 292.1999999999998 0.0 6502.606433149137]]
2025-06-05 09:59:42,425 - prediction_service - INFO - DEBUG - Analyse NaN détaillée: {}
2025-06-05 09:59:42,425 - prediction_service - INFO - DEBUG - Analyse valeurs infinies détaillée: {}
2025-06-05 09:59:42,425 - prediction_service - INFO - Normalisation des données avec StandardScaler (shape=(1, 16, 158))
2025-06-05 09:59:42,426 - prediction_service - INFO - prepare prediction data done: make prediction
2025-06-05 10:02:12,889 - prediction_service - INFO - Connexion fermée: ('127.0.0.1', 54668)
2025-06-06 13:23:29,738 - absl - WARNING - Compiled the loaded model, but the compiled metrics have yet to be built. `model.compile_metrics` will be empty until you train or evaluate the model.
2025-06-06 13:23:29,966 - prediction_service - INFO - Modèle existant compatible avec 158 features
2025-06-06 13:23:29,966 - prediction_service - INFO - Démarrage du serveur WebSocket sur 0.0.0.0:8765
2025-06-06 13:23:29,971 - websockets.server - INFO - server listening on 0.0.0.0:8765
2025-06-06 13:23:34,622 - websockets.server - INFO - connection open
2025-06-06 13:23:34,622 - prediction_service - INFO - Nouvelle connexion WebSocket: ('127.0.0.1', 58068)
2025-06-06 13:23:34,656 - absl - WARNING - Compiled the loaded model, but the compiled metrics have yet to be built. `model.compile_metrics` will be empty until you train or evaluate the model.
2025-06-06 13:23:34,658 - prediction_service - INFO - Modèle chargé depuis ./model/best_model.h5
2025-06-06 13:23:36,079 - prediction_service - INFO - Message reçu: 5min - 50 barres
2025-06-06 13:23:36,084 - prediction_service - INFO - Données historiques mises à jour pour 5min: 50 barres du 2025-06-02 07:20:00 au 2025-06-02 11:25:00
2025-06-06 13:23:36,084 - prediction_service - WARNING - Données insuffisantes pour les timeframes suivants (au moins 14 lignes requises) : 1h, 4h, 1d
2025-06-06 13:23:36,085 - prediction_service - INFO - Message reçu: 1h - 50 barres
2025-06-06 13:23:36,086 - prediction_service - INFO - Données historiques mises à jour pour 1h: 50 barres du 2025-05-29 09:00:00 au 2025-06-02 13:00:00
2025-06-06 13:23:36,086 - prediction_service - WARNING - Données insuffisantes pour les timeframes suivants (au moins 14 lignes requises) : 4h, 1d
2025-06-06 13:23:36,087 - prediction_service - INFO - Message reçu: 4h - 50 barres
2025-06-06 13:23:36,088 - prediction_service - INFO - Données historiques mises à jour pour 4h: 50 barres du 2025-05-21 15:00:00 au 2025-06-02 11:00:00
2025-06-06 13:23:36,088 - prediction_service - WARNING - Données insuffisantes pour les timeframes suivants (au moins 14 lignes requises) : 1d
2025-06-06 13:23:36,088 - prediction_service - INFO - Message reçu: 1d - 50 barres
2025-06-06 13:23:36,090 - prediction_service - INFO - Données historiques mises à jour pour 1d: 50 barres du 2025-03-23 23:00:00 au 2025-06-01 22:00:00
2025-06-06 13:23:36,095 - prediction_service - INFO - DEBUG - Entrées dans prepare_data_for_prediction:
2025-06-06 13:23:36,095 - prediction_service - INFO -   5min: 49 lignes
2025-06-06 13:23:36,095 - prediction_service - INFO -   1h: 50 lignes
2025-06-06 13:23:36,095 - prediction_service - INFO -   4h: 50 lignes
2025-06-06 13:23:36,095 - prediction_service - INFO -   1d: 50 lignes
2025-06-06 13:23:36,514 - prediction_service - ERROR - Erreur: "['FromDate' 'time_diff' 'Open' 'High' 'Low' 'Close' 'Volume' 'date'\n 'prev_date' 'Volume_SMA_5' 'Volume_SMA_10' 'Stoch_RSI' 'Keltner_High'\n 'Volume_SMA_20' 'Volume_Ratio_SMA5' 'Volume_Ratio_SMA10'\n 'Volume_Ratio_SMA20' 'SuperTrend_Trend' 'SuperTrend_Direction'\n 'Volume_Change_1' 'Volume_Change_5' 'PV_Ratio' 'PV_Change' 'ATR_14'\n 'Bollinger_High' 'Bollinger_Low' 'Bollinger_Width' 'MFM' 'MFV' 'CMF_20'\n 'CCI_5' 'MACD' 'MACD_Signal' 'body_ratio_prev' 'SMA_10' 'EMA_10' 'CCI_10'\n 'CCI_15' 'corps_candle_prev' 'corps_sum' 'ratio_corps' 'EMA_12' 'EMA_26'\n 'upper_wick' 'lower_wick' 'same_direction' 'candle_trend' 'meche_basse'\n 'meche_haute' 'corps_candle' 'candle_range' 'direction'\n 'future_direction_2' 'RSI_Crossover_EMA' 'RSI_Crossover_SMA'\n 'RSI_Trend_Direction' 'RSI_Trend' 'RSI_EMA_14' 'RSI_EMA_7'\n 'Vol_Weighted_RSI_SMA' 'Volume_Oscillator' 'SMA_RSI' 'RSI' 'VWAP'\n 'RSI_SMA_7' 'RSI_SMA_14' 'VWMA_10' 'is_summer' 'RSI_14' 'stock_open_hour'\n 'market_open_hour' 'VWMA_20' 'Force_Index_1' 'minute' 'day_of_week'\n 'Force_Index_13' 'day' 'hour' 'year' 'month' 'timestamp'\n 'Vol_Weighted_RSI' 'Vol_Weighted_Down_Avg' 'Vol_Weighted_Up_Avg'\n 'Vol_Weighted_Down' 'Vol_Weighted_Up' 'MFI_14' 'Money_Flow_Negative'\n 'Money_Flow_Positive' 'Typical_Price_Prev' 'Raw_Money_Flow'\n 'Typical_Price' 'OBV' 'OBV_normalized' 'OBV_norm_minmax' 'OBV_SMA_short'\n 'OBV_SMA_medium' 'OBV_SMA_long' 'OBV_Trend_short' 'OBV_Trend_medium'\n 'OBV_Trend_long' 'OBV_Trend' 'ADL' 'ADL_norm' 'ADL_SMA5' 'ADL_SMA15'\n 'ADL_SMA30' 'ADL_Trend' 'Price_Trend' 'ADL_Divergence' 'PVT_change' 'PVT'\n 'PVT_norm' 'PVT_SMA10' 'PVT_SMA30' 'PVT_signal' 'PVT_cross'\n 'PVT_cross_signal' 'PVT_delta5' 'doji_type' 'doji' 'doji_strength'\n 'perfect_doji' 'doji_invalid' 'pattern_type' 'bullish_engulfing'\n 'bearish_engulfing' 'engulfing_strength' 'Keltner_Low' 'Keltner_Mid'\n 'Keltner_Width'] not found in axis"
Traceback (most recent call last):
  File "/home/parrochia/go/src/github.com/trading-prediction-with-machine-learning/./src/prediction_service.py", line 175, in handle_websocket
    x = prepare_prediction_data()
  File "/home/parrochia/go/src/github.com/trading-prediction-with-machine-learning/./src/prediction_service.py", line 265, in prepare_prediction_data
    x = prepare_data_for_prediction(df_5min, df_1h, df_4h, df_1d, sequence_length=SEQUENCE_LENGTH)
  File "/home/parrochia/go/src/github.com/trading-prediction-with-machine-learning/./src/prediction_service.py", line 58, in prepare_data_for_prediction
    features_df = create_parquet(df_5min, df_1h, df_4h, df_1d)
  File "/home/parrochia/go/src/github.com/trading-prediction-with-machine-learning/src/model_trainer.py", line 2533, in create_parquet
    print(features_df.drop(['FromDate', 'time_diff', 'Open', 'High', 'Low', 'Close',  'Volume',
  File "/home/parrochia/.local/lib/python3.10/site-packages/pandas/core/frame.py", line 5581, in drop
    return super().drop(
  File "/home/parrochia/.local/lib/python3.10/site-packages/pandas/core/generic.py", line 4788, in drop
    obj = obj._drop_axis(labels, axis, level=level, errors=errors)
  File "/home/parrochia/.local/lib/python3.10/site-packages/pandas/core/generic.py", line 4859, in _drop_axis
    raise KeyError(f"{labels} not found in axis")
KeyError: "['FromDate' 'time_diff' 'Open' 'High' 'Low' 'Close' 'Volume' 'date'\n 'prev_date' 'Volume_SMA_5' 'Volume_SMA_10' 'Stoch_RSI' 'Keltner_High'\n 'Volume_SMA_20' 'Volume_Ratio_SMA5' 'Volume_Ratio_SMA10'\n 'Volume_Ratio_SMA20' 'SuperTrend_Trend' 'SuperTrend_Direction'\n 'Volume_Change_1' 'Volume_Change_5' 'PV_Ratio' 'PV_Change' 'ATR_14'\n 'Bollinger_High' 'Bollinger_Low' 'Bollinger_Width' 'MFM' 'MFV' 'CMF_20'\n 'CCI_5' 'MACD' 'MACD_Signal' 'body_ratio_prev' 'SMA_10' 'EMA_10' 'CCI_10'\n 'CCI_15' 'corps_candle_prev' 'corps_sum' 'ratio_corps' 'EMA_12' 'EMA_26'\n 'upper_wick' 'lower_wick' 'same_direction' 'candle_trend' 'meche_basse'\n 'meche_haute' 'corps_candle' 'candle_range' 'direction'\n 'future_direction_2' 'RSI_Crossover_EMA' 'RSI_Crossover_SMA'\n 'RSI_Trend_Direction' 'RSI_Trend' 'RSI_EMA_14' 'RSI_EMA_7'\n 'Vol_Weighted_RSI_SMA' 'Volume_Oscillator' 'SMA_RSI' 'RSI' 'VWAP'\n 'RSI_SMA_7' 'RSI_SMA_14' 'VWMA_10' 'is_summer' 'RSI_14' 'stock_open_hour'\n 'market_open_hour' 'VWMA_20' 'Force_Index_1' 'minute' 'day_of_week'\n 'Force_Index_13' 'day' 'hour' 'year' 'month' 'timestamp'\n 'Vol_Weighted_RSI' 'Vol_Weighted_Down_Avg' 'Vol_Weighted_Up_Avg'\n 'Vol_Weighted_Down' 'Vol_Weighted_Up' 'MFI_14' 'Money_Flow_Negative'\n 'Money_Flow_Positive' 'Typical_Price_Prev' 'Raw_Money_Flow'\n 'Typical_Price' 'OBV' 'OBV_normalized' 'OBV_norm_minmax' 'OBV_SMA_short'\n 'OBV_SMA_medium' 'OBV_SMA_long' 'OBV_Trend_short' 'OBV_Trend_medium'\n 'OBV_Trend_long' 'OBV_Trend' 'ADL' 'ADL_norm' 'ADL_SMA5' 'ADL_SMA15'\n 'ADL_SMA30' 'ADL_Trend' 'Price_Trend' 'ADL_Divergence' 'PVT_change' 'PVT'\n 'PVT_norm' 'PVT_SMA10' 'PVT_SMA30' 'PVT_signal' 'PVT_cross'\n 'PVT_cross_signal' 'PVT_delta5' 'doji_type' 'doji' 'doji_strength'\n 'perfect_doji' 'doji_invalid' 'pattern_type' 'bullish_engulfing'\n 'bearish_engulfing' 'engulfing_strength' 'Keltner_Low' 'Keltner_Mid'\n 'Keltner_Width'] not found in axis"
2025-06-06 13:30:03,726 - websockets.server - INFO - server closing
2025-06-06 13:30:03,726 - websockets.server - INFO - server closed
2025-06-06 13:30:10,631 - absl - WARNING - Compiled the loaded model, but the compiled metrics have yet to be built. `model.compile_metrics` will be empty until you train or evaluate the model.
2025-06-06 13:30:11,083 - prediction_service - INFO - Modèle existant compatible avec 158 features
2025-06-06 13:30:11,083 - prediction_service - INFO - Démarrage du serveur WebSocket sur 0.0.0.0:8765
2025-06-06 13:30:11,092 - websockets.server - INFO - server listening on 0.0.0.0:8765
2025-06-06 13:30:12,894 - websockets.server - INFO - connection open
2025-06-06 13:30:12,895 - prediction_service - INFO - Nouvelle connexion WebSocket: ('127.0.0.1', 50466)
2025-06-06 13:30:12,938 - absl - WARNING - Compiled the loaded model, but the compiled metrics have yet to be built. `model.compile_metrics` will be empty until you train or evaluate the model.
2025-06-06 13:30:12,941 - prediction_service - INFO - Modèle chargé depuis ./model/best_model.h5
2025-06-06 13:30:13,844 - prediction_service - INFO - Message reçu: 5min - 50 barres
2025-06-06 13:30:13,848 - prediction_service - INFO - Données historiques mises à jour pour 5min: 50 barres du 2025-06-02 07:20:00 au 2025-06-02 11:25:00
2025-06-06 13:30:13,848 - prediction_service - WARNING - Données insuffisantes pour les timeframes suivants (au moins 14 lignes requises) : 1h, 4h, 1d
2025-06-06 13:30:13,849 - prediction_service - INFO - Message reçu: 1h - 50 barres
2025-06-06 13:30:13,850 - prediction_service - INFO - Données historiques mises à jour pour 1h: 50 barres du 2025-05-29 09:00:00 au 2025-06-02 13:00:00
2025-06-06 13:30:13,850 - prediction_service - WARNING - Données insuffisantes pour les timeframes suivants (au moins 14 lignes requises) : 4h, 1d
2025-06-06 13:30:13,850 - prediction_service - INFO - Message reçu: 4h - 50 barres
2025-06-06 13:30:13,852 - prediction_service - INFO - Données historiques mises à jour pour 4h: 50 barres du 2025-05-21 15:00:00 au 2025-06-02 11:00:00
2025-06-06 13:30:13,852 - prediction_service - WARNING - Données insuffisantes pour les timeframes suivants (au moins 14 lignes requises) : 1d
2025-06-06 13:30:13,852 - prediction_service - INFO - Message reçu: 1d - 50 barres
2025-06-06 13:30:13,853 - prediction_service - INFO - Données historiques mises à jour pour 1d: 50 barres du 2025-03-23 23:00:00 au 2025-06-01 22:00:00
2025-06-06 13:30:13,857 - prediction_service - INFO - **************************************************** 
2025-06-06 13:30:13,857 - prediction_service - INFO - DEBUG - Entrées dans prepare_data_for_prediction:
2025-06-06 13:30:13,857 - prediction_service - INFO -   5min: 49 lignes
2025-06-06 13:30:13,857 - prediction_service - INFO -   1h: 50 lignes
2025-06-06 13:30:13,857 - prediction_service - INFO -   4h: 50 lignes
2025-06-06 13:30:13,857 - prediction_service - INFO -   1d: 50 lignes
2025-06-06 13:30:14,572 - prediction_service - ERROR - Erreur: "['FromDate' 'time_diff' 'Open' 'High' 'Low' 'Close' 'Volume' 'date'\n 'prev_date' 'Volume_SMA_5' 'Volume_SMA_10' 'Stoch_RSI' 'Keltner_High'\n 'Volume_SMA_20' 'Volume_Ratio_SMA5' 'Volume_Ratio_SMA10'\n 'Volume_Ratio_SMA20' 'SuperTrend_Trend' 'SuperTrend_Direction'\n 'Volume_Change_1' 'Volume_Change_5' 'PV_Ratio' 'PV_Change' 'ATR_14'\n 'Bollinger_High' 'Bollinger_Low' 'Bollinger_Width' 'MFM' 'MFV' 'CMF_20'\n 'CCI_5' 'MACD' 'MACD_Signal' 'body_ratio_prev' 'SMA_10' 'EMA_10' 'CCI_10'\n 'CCI_15' 'corps_candle_prev' 'corps_sum' 'ratio_corps' 'EMA_12' 'EMA_26'\n 'upper_wick' 'lower_wick' 'same_direction' 'candle_trend' 'meche_basse'\n 'meche_haute' 'corps_candle' 'candle_range' 'direction'\n 'future_direction_2' 'RSI_Crossover_EMA' 'RSI_Crossover_SMA'\n 'RSI_Trend_Direction' 'RSI_Trend' 'RSI_EMA_14' 'RSI_EMA_7'\n 'Vol_Weighted_RSI_SMA' 'Volume_Oscillator' 'SMA_RSI' 'RSI' 'VWAP'\n 'RSI_SMA_7' 'RSI_SMA_14' 'VWMA_10' 'is_summer' 'RSI_14' 'stock_open_hour'\n 'market_open_hour' 'VWMA_20' 'Force_Index_1' 'minute' 'day_of_week'\n 'Force_Index_13' 'day' 'hour' 'year' 'month' 'timestamp'\n 'Vol_Weighted_RSI' 'Vol_Weighted_Down_Avg' 'Vol_Weighted_Up_Avg'\n 'Vol_Weighted_Down' 'Vol_Weighted_Up' 'MFI_14' 'Money_Flow_Negative'\n 'Money_Flow_Positive' 'Typical_Price_Prev' 'Raw_Money_Flow'\n 'Typical_Price' 'OBV' 'OBV_normalized' 'OBV_norm_minmax' 'OBV_SMA_short'\n 'OBV_SMA_medium' 'OBV_SMA_long' 'OBV_Trend_short' 'OBV_Trend_medium'\n 'OBV_Trend_long' 'OBV_Trend' 'ADL' 'ADL_norm' 'ADL_SMA5' 'ADL_SMA15'\n 'ADL_SMA30' 'ADL_Trend' 'Price_Trend' 'ADL_Divergence' 'PVT_change' 'PVT'\n 'PVT_norm' 'PVT_SMA10' 'PVT_SMA30' 'PVT_signal' 'PVT_cross'\n 'PVT_cross_signal' 'PVT_delta5' 'doji_type' 'doji' 'doji_strength'\n 'perfect_doji' 'doji_invalid' 'pattern_type' 'bullish_engulfing'\n 'bearish_engulfing' 'engulfing_strength' 'Keltner_Low' 'Keltner_Mid'\n 'Keltner_Width'] not found in axis"
Traceback (most recent call last):
  File "/home/parrochia/go/src/github.com/trading-prediction-with-machine-learning/./src/prediction_service.py", line 176, in handle_websocket
    x = prepare_prediction_data()
  File "/home/parrochia/go/src/github.com/trading-prediction-with-machine-learning/./src/prediction_service.py", line 266, in prepare_prediction_data
    x = prepare_data_for_prediction(df_5min, df_1h, df_4h, df_1d, sequence_length=SEQUENCE_LENGTH)
  File "/home/parrochia/go/src/github.com/trading-prediction-with-machine-learning/./src/prediction_service.py", line 59, in prepare_data_for_prediction
    features_df = create_parquet(df_5min, df_1h, df_4h, df_1d)
  File "/home/parrochia/go/src/github.com/trading-prediction-with-machine-learning/src/model_trainer.py", line 2533, in create_parquet
    print(features_df.drop(['FromDate', 'time_diff', 'Open', 'High', 'Low', 'Close',  'Volume',
  File "/home/parrochia/.local/lib/python3.10/site-packages/pandas/core/frame.py", line 5581, in drop
    return super().drop(
  File "/home/parrochia/.local/lib/python3.10/site-packages/pandas/core/generic.py", line 4788, in drop
    obj = obj._drop_axis(labels, axis, level=level, errors=errors)
  File "/home/parrochia/.local/lib/python3.10/site-packages/pandas/core/generic.py", line 4859, in _drop_axis
    raise KeyError(f"{labels} not found in axis")
KeyError: "['FromDate' 'time_diff' 'Open' 'High' 'Low' 'Close' 'Volume' 'date'\n 'prev_date' 'Volume_SMA_5' 'Volume_SMA_10' 'Stoch_RSI' 'Keltner_High'\n 'Volume_SMA_20' 'Volume_Ratio_SMA5' 'Volume_Ratio_SMA10'\n 'Volume_Ratio_SMA20' 'SuperTrend_Trend' 'SuperTrend_Direction'\n 'Volume_Change_1' 'Volume_Change_5' 'PV_Ratio' 'PV_Change' 'ATR_14'\n 'Bollinger_High' 'Bollinger_Low' 'Bollinger_Width' 'MFM' 'MFV' 'CMF_20'\n 'CCI_5' 'MACD' 'MACD_Signal' 'body_ratio_prev' 'SMA_10' 'EMA_10' 'CCI_10'\n 'CCI_15' 'corps_candle_prev' 'corps_sum' 'ratio_corps' 'EMA_12' 'EMA_26'\n 'upper_wick' 'lower_wick' 'same_direction' 'candle_trend' 'meche_basse'\n 'meche_haute' 'corps_candle' 'candle_range' 'direction'\n 'future_direction_2' 'RSI_Crossover_EMA' 'RSI_Crossover_SMA'\n 'RSI_Trend_Direction' 'RSI_Trend' 'RSI_EMA_14' 'RSI_EMA_7'\n 'Vol_Weighted_RSI_SMA' 'Volume_Oscillator' 'SMA_RSI' 'RSI' 'VWAP'\n 'RSI_SMA_7' 'RSI_SMA_14' 'VWMA_10' 'is_summer' 'RSI_14' 'stock_open_hour'\n 'market_open_hour' 'VWMA_20' 'Force_Index_1' 'minute' 'day_of_week'\n 'Force_Index_13' 'day' 'hour' 'year' 'month' 'timestamp'\n 'Vol_Weighted_RSI' 'Vol_Weighted_Down_Avg' 'Vol_Weighted_Up_Avg'\n 'Vol_Weighted_Down' 'Vol_Weighted_Up' 'MFI_14' 'Money_Flow_Negative'\n 'Money_Flow_Positive' 'Typical_Price_Prev' 'Raw_Money_Flow'\n 'Typical_Price' 'OBV' 'OBV_normalized' 'OBV_norm_minmax' 'OBV_SMA_short'\n 'OBV_SMA_medium' 'OBV_SMA_long' 'OBV_Trend_short' 'OBV_Trend_medium'\n 'OBV_Trend_long' 'OBV_Trend' 'ADL' 'ADL_norm' 'ADL_SMA5' 'ADL_SMA15'\n 'ADL_SMA30' 'ADL_Trend' 'Price_Trend' 'ADL_Divergence' 'PVT_change' 'PVT'\n 'PVT_norm' 'PVT_SMA10' 'PVT_SMA30' 'PVT_signal' 'PVT_cross'\n 'PVT_cross_signal' 'PVT_delta5' 'doji_type' 'doji' 'doji_strength'\n 'perfect_doji' 'doji_invalid' 'pattern_type' 'bullish_engulfing'\n 'bearish_engulfing' 'engulfing_strength' 'Keltner_Low' 'Keltner_Mid'\n 'Keltner_Width'] not found in axis"
2025-06-06 13:31:12,127 - websockets.server - INFO - server closing
2025-06-06 13:31:12,127 - websockets.server - INFO - server closed
2025-06-06 13:31:17,326 - absl - WARNING - Compiled the loaded model, but the compiled metrics have yet to be built. `model.compile_metrics` will be empty until you train or evaluate the model.
2025-06-06 13:31:17,936 - prediction_service - INFO - Modèle existant compatible avec 158 features
2025-06-06 13:31:17,937 - prediction_service - INFO - Démarrage du serveur WebSocket sur 0.0.0.0:8765
2025-06-06 13:31:17,954 - websockets.server - INFO - server listening on 0.0.0.0:8765
2025-06-06 13:31:21,253 - websockets.server - INFO - connection open
2025-06-06 13:31:21,253 - prediction_service - INFO - Nouvelle connexion WebSocket: ('127.0.0.1', 58776)
2025-06-06 13:31:21,285 - absl - WARNING - Compiled the loaded model, but the compiled metrics have yet to be built. `model.compile_metrics` will be empty until you train or evaluate the model.
2025-06-06 13:31:21,286 - prediction_service - INFO - Modèle chargé depuis ./model/best_model.h5
2025-06-06 13:31:22,444 - prediction_service - INFO - Message reçu: 5min - 50 barres
2025-06-06 13:31:22,451 - prediction_service - INFO - Données historiques mises à jour pour 5min: 50 barres du 2025-06-02 07:20:00 au 2025-06-02 11:25:00
2025-06-06 13:31:22,452 - prediction_service - WARNING - Données insuffisantes pour les timeframes suivants (au moins 14 lignes requises) : 1h, 4h, 1d
2025-06-06 13:31:22,452 - prediction_service - INFO - Message reçu: 1h - 50 barres
2025-06-06 13:31:22,455 - prediction_service - INFO - Données historiques mises à jour pour 1h: 50 barres du 2025-05-29 09:00:00 au 2025-06-02 13:00:00
2025-06-06 13:31:22,456 - prediction_service - WARNING - Données insuffisantes pour les timeframes suivants (au moins 14 lignes requises) : 4h, 1d
2025-06-06 13:31:22,457 - prediction_service - INFO - Message reçu: 4h - 50 barres
2025-06-06 13:31:22,461 - prediction_service - INFO - Données historiques mises à jour pour 4h: 50 barres du 2025-05-21 15:00:00 au 2025-06-02 11:00:00
2025-06-06 13:31:22,461 - prediction_service - WARNING - Données insuffisantes pour les timeframes suivants (au moins 14 lignes requises) : 1d
2025-06-06 13:31:22,462 - prediction_service - INFO - Message reçu: 1d - 50 barres
2025-06-06 13:31:22,465 - prediction_service - INFO - Données historiques mises à jour pour 1d: 50 barres du 2025-03-23 23:00:00 au 2025-06-01 22:00:00
2025-06-06 13:31:22,475 - prediction_service - INFO - DEBUG - Entrées dans prepare_data_for_prediction:
2025-06-06 13:31:22,476 - prediction_service - INFO -   5min: 49 lignes
2025-06-06 13:31:22,476 - prediction_service - INFO -   1h: 50 lignes
2025-06-06 13:31:22,476 - prediction_service - INFO -   4h: 50 lignes
2025-06-06 13:31:22,476 - prediction_service - INFO -   1d: 50 lignes
2025-06-06 13:31:22,896 - prediction_service - ERROR - Erreur: "['FromDate' 'time_diff' 'Open' 'High' 'Low' 'Close' 'Volume' 'date'\n 'prev_date' 'Volume_SMA_5' 'Volume_SMA_10' 'Stoch_RSI' 'Keltner_High'\n 'Volume_SMA_20' 'Volume_Ratio_SMA5' 'Volume_Ratio_SMA10'\n 'Volume_Ratio_SMA20' 'SuperTrend_Trend' 'SuperTrend_Direction'\n 'Volume_Change_1' 'Volume_Change_5' 'PV_Ratio' 'PV_Change' 'ATR_14'\n 'Bollinger_High' 'Bollinger_Low' 'Bollinger_Width' 'MFM' 'MFV' 'CMF_20'\n 'CCI_5' 'MACD' 'MACD_Signal' 'body_ratio_prev' 'SMA_10' 'EMA_10' 'CCI_10'\n 'CCI_15' 'corps_candle_prev' 'corps_sum' 'ratio_corps' 'EMA_12' 'EMA_26'\n 'upper_wick' 'lower_wick' 'same_direction' 'candle_trend' 'meche_basse'\n 'meche_haute' 'corps_candle' 'candle_range' 'direction'\n 'future_direction_2' 'RSI_Crossover_EMA' 'RSI_Crossover_SMA'\n 'RSI_Trend_Direction' 'RSI_Trend' 'RSI_EMA_14' 'RSI_EMA_7'\n 'Vol_Weighted_RSI_SMA' 'Volume_Oscillator' 'SMA_RSI' 'RSI' 'VWAP'\n 'RSI_SMA_7' 'RSI_SMA_14' 'VWMA_10' 'is_summer' 'RSI_14' 'stock_open_hour'\n 'market_open_hour' 'VWMA_20' 'Force_Index_1' 'minute' 'day_of_week'\n 'Force_Index_13' 'day' 'hour' 'year' 'month' 'timestamp'\n 'Vol_Weighted_RSI' 'Vol_Weighted_Down_Avg' 'Vol_Weighted_Up_Avg'\n 'Vol_Weighted_Down' 'Vol_Weighted_Up' 'MFI_14' 'Money_Flow_Negative'\n 'Money_Flow_Positive' 'Typical_Price_Prev' 'Raw_Money_Flow'\n 'Typical_Price' 'OBV' 'OBV_normalized' 'OBV_norm_minmax' 'OBV_SMA_short'\n 'OBV_SMA_medium' 'OBV_SMA_long' 'OBV_Trend_short' 'OBV_Trend_medium'\n 'OBV_Trend_long' 'OBV_Trend' 'ADL' 'ADL_norm' 'ADL_SMA5' 'ADL_SMA15'\n 'ADL_SMA30' 'ADL_Trend' 'Price_Trend' 'ADL_Divergence' 'PVT_change' 'PVT'\n 'PVT_norm' 'PVT_SMA10' 'PVT_SMA30' 'PVT_signal' 'PVT_cross'\n 'PVT_cross_signal' 'PVT_delta5' 'doji_type' 'doji' 'doji_strength'\n 'perfect_doji' 'doji_invalid' 'pattern_type' 'bullish_engulfing'\n 'bearish_engulfing' 'engulfing_strength' 'Keltner_Low' 'Keltner_Mid'\n 'Keltner_Width'] not found in axis"
Traceback (most recent call last):
  File "/home/parrochia/go/src/github.com/trading-prediction-with-machine-learning/./src/prediction_service.py", line 176, in handle_websocket
    x = prepare_prediction_data()
  File "/home/parrochia/go/src/github.com/trading-prediction-with-machine-learning/./src/prediction_service.py", line 266, in prepare_prediction_data
    x = prepare_data_for_prediction(df_5min, df_1h, df_4h, df_1d, sequence_length=SEQUENCE_LENGTH)
  File "/home/parrochia/go/src/github.com/trading-prediction-with-machine-learning/./src/prediction_service.py", line 58, in prepare_data_for_prediction
    features_df = create_parquet(df_5min, df_1h, df_4h, df_1d)
  File "/home/parrochia/go/src/github.com/trading-prediction-with-machine-learning/src/model_trainer.py", line 2533, in create_parquet
    print(features_df.drop(['FromDate', 'time_diff', 'Open', 'High', 'Low', 'Close',  'Volume',
  File "/home/parrochia/.local/lib/python3.10/site-packages/pandas/core/frame.py", line 5581, in drop
    return super().drop(
  File "/home/parrochia/.local/lib/python3.10/site-packages/pandas/core/generic.py", line 4788, in drop
    obj = obj._drop_axis(labels, axis, level=level, errors=errors)
  File "/home/parrochia/.local/lib/python3.10/site-packages/pandas/core/generic.py", line 4859, in _drop_axis
    raise KeyError(f"{labels} not found in axis")
KeyError: "['FromDate' 'time_diff' 'Open' 'High' 'Low' 'Close' 'Volume' 'date'\n 'prev_date' 'Volume_SMA_5' 'Volume_SMA_10' 'Stoch_RSI' 'Keltner_High'\n 'Volume_SMA_20' 'Volume_Ratio_SMA5' 'Volume_Ratio_SMA10'\n 'Volume_Ratio_SMA20' 'SuperTrend_Trend' 'SuperTrend_Direction'\n 'Volume_Change_1' 'Volume_Change_5' 'PV_Ratio' 'PV_Change' 'ATR_14'\n 'Bollinger_High' 'Bollinger_Low' 'Bollinger_Width' 'MFM' 'MFV' 'CMF_20'\n 'CCI_5' 'MACD' 'MACD_Signal' 'body_ratio_prev' 'SMA_10' 'EMA_10' 'CCI_10'\n 'CCI_15' 'corps_candle_prev' 'corps_sum' 'ratio_corps' 'EMA_12' 'EMA_26'\n 'upper_wick' 'lower_wick' 'same_direction' 'candle_trend' 'meche_basse'\n 'meche_haute' 'corps_candle' 'candle_range' 'direction'\n 'future_direction_2' 'RSI_Crossover_EMA' 'RSI_Crossover_SMA'\n 'RSI_Trend_Direction' 'RSI_Trend' 'RSI_EMA_14' 'RSI_EMA_7'\n 'Vol_Weighted_RSI_SMA' 'Volume_Oscillator' 'SMA_RSI' 'RSI' 'VWAP'\n 'RSI_SMA_7' 'RSI_SMA_14' 'VWMA_10' 'is_summer' 'RSI_14' 'stock_open_hour'\n 'market_open_hour' 'VWMA_20' 'Force_Index_1' 'minute' 'day_of_week'\n 'Force_Index_13' 'day' 'hour' 'year' 'month' 'timestamp'\n 'Vol_Weighted_RSI' 'Vol_Weighted_Down_Avg' 'Vol_Weighted_Up_Avg'\n 'Vol_Weighted_Down' 'Vol_Weighted_Up' 'MFI_14' 'Money_Flow_Negative'\n 'Money_Flow_Positive' 'Typical_Price_Prev' 'Raw_Money_Flow'\n 'Typical_Price' 'OBV' 'OBV_normalized' 'OBV_norm_minmax' 'OBV_SMA_short'\n 'OBV_SMA_medium' 'OBV_SMA_long' 'OBV_Trend_short' 'OBV_Trend_medium'\n 'OBV_Trend_long' 'OBV_Trend' 'ADL' 'ADL_norm' 'ADL_SMA5' 'ADL_SMA15'\n 'ADL_SMA30' 'ADL_Trend' 'Price_Trend' 'ADL_Divergence' 'PVT_change' 'PVT'\n 'PVT_norm' 'PVT_SMA10' 'PVT_SMA30' 'PVT_signal' 'PVT_cross'\n 'PVT_cross_signal' 'PVT_delta5' 'doji_type' 'doji' 'doji_strength'\n 'perfect_doji' 'doji_invalid' 'pattern_type' 'bullish_engulfing'\n 'bearish_engulfing' 'engulfing_strength' 'Keltner_Low' 'Keltner_Mid'\n 'Keltner_Width'] not found in axis"
2025-06-06 13:31:52,646 - websockets.server - INFO - server closing
2025-06-06 13:31:52,647 - websockets.server - INFO - server closed
2025-06-06 13:31:57,793 - absl - WARNING - Compiled the loaded model, but the compiled metrics have yet to be built. `model.compile_metrics` will be empty until you train or evaluate the model.
2025-06-06 13:31:58,547 - prediction_service - INFO - Modèle existant compatible avec 158 features
2025-06-06 13:31:58,547 - prediction_service - INFO - Démarrage du serveur WebSocket sur 0.0.0.0:8765
2025-06-06 13:31:58,561 - websockets.server - INFO - server listening on 0.0.0.0:8765
2025-06-06 13:31:59,285 - websockets.server - INFO - connection open
2025-06-06 13:31:59,286 - prediction_service - INFO - Nouvelle connexion WebSocket: ('127.0.0.1', 54730)
2025-06-06 13:31:59,360 - absl - WARNING - Compiled the loaded model, but the compiled metrics have yet to be built. `model.compile_metrics` will be empty until you train or evaluate the model.
2025-06-06 13:31:59,364 - prediction_service - INFO - Modèle chargé depuis ./model/best_model.h5
2025-06-06 13:32:00,140 - prediction_service - INFO - Message reçu: 5min - 50 barres
2025-06-06 13:32:00,146 - prediction_service - INFO - Données historiques mises à jour pour 5min: 50 barres du 2025-06-02 07:20:00 au 2025-06-02 11:25:00
2025-06-06 13:32:00,147 - prediction_service - WARNING - Données insuffisantes pour les timeframes suivants (au moins 14 lignes requises) : 1h, 4h, 1d
2025-06-06 13:32:00,147 - prediction_service - INFO - Message reçu: 1h - 50 barres
2025-06-06 13:32:00,151 - prediction_service - INFO - Données historiques mises à jour pour 1h: 50 barres du 2025-05-29 09:00:00 au 2025-06-02 13:00:00
2025-06-06 13:32:00,151 - prediction_service - WARNING - Données insuffisantes pour les timeframes suivants (au moins 14 lignes requises) : 4h, 1d
2025-06-06 13:32:00,152 - prediction_service - INFO - Message reçu: 4h - 50 barres
2025-06-06 13:32:00,155 - prediction_service - INFO - Données historiques mises à jour pour 4h: 50 barres du 2025-05-21 15:00:00 au 2025-06-02 11:00:00
2025-06-06 13:32:00,155 - prediction_service - WARNING - Données insuffisantes pour les timeframes suivants (au moins 14 lignes requises) : 1d
2025-06-06 13:32:00,156 - prediction_service - INFO - Message reçu: 1d - 50 barres
2025-06-06 13:32:00,159 - prediction_service - INFO - Données historiques mises à jour pour 1d: 50 barres du 2025-03-23 23:00:00 au 2025-06-01 22:00:00
2025-06-06 13:32:00,169 - prediction_service - INFO - DEBUG - Entrées dans prepare_data_for_prediction:
2025-06-06 13:32:00,170 - prediction_service - INFO -   5min: 49 lignes
2025-06-06 13:32:00,170 - prediction_service - INFO -   1h: 50 lignes
2025-06-06 13:32:00,170 - prediction_service - INFO -   4h: 50 lignes
2025-06-06 13:32:00,170 - prediction_service - INFO -   1d: 50 lignes
2025-06-06 13:32:01,399 - prediction_service - ERROR - Erreur: "['FromDate' 'time_diff' 'Open' 'High' 'Low' 'Close' 'Volume' 'date'\n 'prev_date' 'Volume_SMA_5' 'Volume_SMA_10' 'Stoch_RSI' 'Keltner_High'\n 'Volume_SMA_20' 'Volume_Ratio_SMA5' 'Volume_Ratio_SMA10'\n 'Volume_Ratio_SMA20' 'SuperTrend_Trend' 'SuperTrend_Direction'\n 'Volume_Change_1' 'Volume_Change_5' 'PV_Ratio' 'PV_Change' 'ATR_14'\n 'Bollinger_High' 'Bollinger_Low' 'Bollinger_Width' 'MFM' 'MFV' 'CMF_20'\n 'CCI_5' 'MACD' 'MACD_Signal' 'body_ratio_prev' 'SMA_10' 'EMA_10' 'CCI_10'\n 'CCI_15' 'corps_candle_prev' 'corps_sum' 'ratio_corps' 'EMA_12' 'EMA_26'\n 'upper_wick' 'lower_wick' 'same_direction' 'candle_trend' 'meche_basse'\n 'meche_haute' 'corps_candle' 'candle_range' 'direction'\n 'future_direction_2' 'RSI_Crossover_EMA' 'RSI_Crossover_SMA'\n 'RSI_Trend_Direction' 'RSI_Trend' 'RSI_EMA_14' 'RSI_EMA_7'\n 'Vol_Weighted_RSI_SMA' 'Volume_Oscillator' 'SMA_RSI' 'RSI' 'VWAP'\n 'RSI_SMA_7' 'RSI_SMA_14' 'VWMA_10' 'is_summer' 'RSI_14' 'stock_open_hour'\n 'market_open_hour' 'VWMA_20' 'Force_Index_1' 'minute' 'day_of_week'\n 'Force_Index_13' 'day' 'hour' 'year' 'month' 'timestamp'\n 'Vol_Weighted_RSI' 'Vol_Weighted_Down_Avg' 'Vol_Weighted_Up_Avg'\n 'Vol_Weighted_Down' 'Vol_Weighted_Up' 'MFI_14' 'Money_Flow_Negative'\n 'Money_Flow_Positive' 'Typical_Price_Prev' 'Raw_Money_Flow'\n 'Typical_Price' 'OBV' 'OBV_normalized' 'OBV_norm_minmax' 'OBV_SMA_short'\n 'OBV_SMA_medium' 'OBV_SMA_long' 'OBV_Trend_short' 'OBV_Trend_medium'\n 'OBV_Trend_long' 'OBV_Trend' 'ADL' 'ADL_norm' 'ADL_SMA5' 'ADL_SMA15'\n 'ADL_SMA30' 'ADL_Trend' 'Price_Trend' 'ADL_Divergence' 'PVT_change' 'PVT'\n 'PVT_norm' 'PVT_SMA10' 'PVT_SMA30' 'PVT_signal' 'PVT_cross'\n 'PVT_cross_signal' 'PVT_delta5' 'doji_type' 'doji' 'doji_strength'\n 'perfect_doji' 'doji_invalid' 'pattern_type' 'bullish_engulfing'\n 'bearish_engulfing' 'engulfing_strength' 'Keltner_Low' 'Keltner_Mid'\n 'Keltner_Width'] not found in axis"
Traceback (most recent call last):
  File "/home/parrochia/go/src/github.com/trading-prediction-with-machine-learning/./src/prediction_service.py", line 177, in handle_websocket
    x = prepare_prediction_data()
  File "/home/parrochia/go/src/github.com/trading-prediction-with-machine-learning/./src/prediction_service.py", line 267, in prepare_prediction_data
    x = prepare_data_for_prediction(df_5min, df_1h, df_4h, df_1d, sequence_length=SEQUENCE_LENGTH)
  File "/home/parrochia/go/src/github.com/trading-prediction-with-machine-learning/./src/prediction_service.py", line 58, in prepare_data_for_prediction
    features_df = create_parquet(df_5min, df_1h, df_4h, df_1d)
  File "/home/parrochia/go/src/github.com/trading-prediction-with-machine-learning/src/model_trainer.py", line 2533, in create_parquet
    print(features_df.drop(['FromDate', 'time_diff', 'Open', 'High', 'Low', 'Close',  'Volume',
  File "/home/parrochia/.local/lib/python3.10/site-packages/pandas/core/frame.py", line 5581, in drop
    return super().drop(
  File "/home/parrochia/.local/lib/python3.10/site-packages/pandas/core/generic.py", line 4788, in drop
    obj = obj._drop_axis(labels, axis, level=level, errors=errors)
  File "/home/parrochia/.local/lib/python3.10/site-packages/pandas/core/generic.py", line 4859, in _drop_axis
    raise KeyError(f"{labels} not found in axis")
KeyError: "['FromDate' 'time_diff' 'Open' 'High' 'Low' 'Close' 'Volume' 'date'\n 'prev_date' 'Volume_SMA_5' 'Volume_SMA_10' 'Stoch_RSI' 'Keltner_High'\n 'Volume_SMA_20' 'Volume_Ratio_SMA5' 'Volume_Ratio_SMA10'\n 'Volume_Ratio_SMA20' 'SuperTrend_Trend' 'SuperTrend_Direction'\n 'Volume_Change_1' 'Volume_Change_5' 'PV_Ratio' 'PV_Change' 'ATR_14'\n 'Bollinger_High' 'Bollinger_Low' 'Bollinger_Width' 'MFM' 'MFV' 'CMF_20'\n 'CCI_5' 'MACD' 'MACD_Signal' 'body_ratio_prev' 'SMA_10' 'EMA_10' 'CCI_10'\n 'CCI_15' 'corps_candle_prev' 'corps_sum' 'ratio_corps' 'EMA_12' 'EMA_26'\n 'upper_wick' 'lower_wick' 'same_direction' 'candle_trend' 'meche_basse'\n 'meche_haute' 'corps_candle' 'candle_range' 'direction'\n 'future_direction_2' 'RSI_Crossover_EMA' 'RSI_Crossover_SMA'\n 'RSI_Trend_Direction' 'RSI_Trend' 'RSI_EMA_14' 'RSI_EMA_7'\n 'Vol_Weighted_RSI_SMA' 'Volume_Oscillator' 'SMA_RSI' 'RSI' 'VWAP'\n 'RSI_SMA_7' 'RSI_SMA_14' 'VWMA_10' 'is_summer' 'RSI_14' 'stock_open_hour'\n 'market_open_hour' 'VWMA_20' 'Force_Index_1' 'minute' 'day_of_week'\n 'Force_Index_13' 'day' 'hour' 'year' 'month' 'timestamp'\n 'Vol_Weighted_RSI' 'Vol_Weighted_Down_Avg' 'Vol_Weighted_Up_Avg'\n 'Vol_Weighted_Down' 'Vol_Weighted_Up' 'MFI_14' 'Money_Flow_Negative'\n 'Money_Flow_Positive' 'Typical_Price_Prev' 'Raw_Money_Flow'\n 'Typical_Price' 'OBV' 'OBV_normalized' 'OBV_norm_minmax' 'OBV_SMA_short'\n 'OBV_SMA_medium' 'OBV_SMA_long' 'OBV_Trend_short' 'OBV_Trend_medium'\n 'OBV_Trend_long' 'OBV_Trend' 'ADL' 'ADL_norm' 'ADL_SMA5' 'ADL_SMA15'\n 'ADL_SMA30' 'ADL_Trend' 'Price_Trend' 'ADL_Divergence' 'PVT_change' 'PVT'\n 'PVT_norm' 'PVT_SMA10' 'PVT_SMA30' 'PVT_signal' 'PVT_cross'\n 'PVT_cross_signal' 'PVT_delta5' 'doji_type' 'doji' 'doji_strength'\n 'perfect_doji' 'doji_invalid' 'pattern_type' 'bullish_engulfing'\n 'bearish_engulfing' 'engulfing_strength' 'Keltner_Low' 'Keltner_Mid'\n 'Keltner_Width'] not found in axis"
2025-06-06 13:32:29,719 - websockets.server - INFO - server closing
2025-06-06 13:32:29,719 - websockets.server - INFO - server closed
2025-06-06 13:32:33,920 - absl - WARNING - Compiled the loaded model, but the compiled metrics have yet to be built. `model.compile_metrics` will be empty until you train or evaluate the model.
2025-06-06 13:32:34,613 - prediction_service - INFO - Modèle existant compatible avec 158 features
2025-06-06 13:32:34,613 - prediction_service - INFO - Démarrage du serveur WebSocket sur 0.0.0.0:8765
2025-06-06 13:32:34,632 - websockets.server - INFO - server listening on 0.0.0.0:8765
2025-06-06 13:32:36,020 - websockets.server - INFO - connection open
2025-06-06 13:32:36,021 - prediction_service - INFO - Nouvelle connexion WebSocket: ('127.0.0.1', 35744)
2025-06-06 13:32:36,156 - absl - WARNING - Compiled the loaded model, but the compiled metrics have yet to be built. `model.compile_metrics` will be empty until you train or evaluate the model.
2025-06-06 13:32:36,161 - prediction_service - INFO - Modèle chargé depuis ./model/best_model.h5
2025-06-06 13:32:37,110 - prediction_service - INFO - Message reçu: 5min - 50 barres
2025-06-06 13:32:37,117 - prediction_service - INFO - Données historiques mises à jour pour 5min: 50 barres du 2025-06-02 07:20:00 au 2025-06-02 11:25:00
2025-06-06 13:32:37,117 - prediction_service - WARNING - Données insuffisantes pour les timeframes suivants (au moins 14 lignes requises) : 1h, 4h, 1d
2025-06-06 13:32:37,118 - prediction_service - INFO - Message reçu: 1h - 50 barres
2025-06-06 13:32:37,121 - prediction_service - INFO - Données historiques mises à jour pour 1h: 50 barres du 2025-05-29 09:00:00 au 2025-06-02 13:00:00
2025-06-06 13:32:37,121 - prediction_service - WARNING - Données insuffisantes pour les timeframes suivants (au moins 14 lignes requises) : 4h, 1d
2025-06-06 13:32:37,121 - prediction_service - INFO - Message reçu: 4h - 50 barres
2025-06-06 13:32:37,124 - prediction_service - INFO - Données historiques mises à jour pour 4h: 50 barres du 2025-05-21 15:00:00 au 2025-06-02 11:00:00
2025-06-06 13:32:37,125 - prediction_service - WARNING - Données insuffisantes pour les timeframes suivants (au moins 14 lignes requises) : 1d
2025-06-06 13:32:37,125 - prediction_service - INFO - Message reçu: 1d - 50 barres
2025-06-06 13:32:37,128 - prediction_service - INFO - Données historiques mises à jour pour 1d: 50 barres du 2025-03-23 23:00:00 au 2025-06-01 22:00:00
2025-06-06 13:32:37,137 - prediction_service - INFO - DEBUG - Entrées dans prepare_data_for_prediction:
2025-06-06 13:32:37,137 - prediction_service - INFO -   5min: 49 lignes
2025-06-06 13:32:37,137 - prediction_service - INFO -   1h: 50 lignes
2025-06-06 13:32:37,138 - prediction_service - INFO -   4h: 50 lignes
2025-06-06 13:32:37,138 - prediction_service - INFO -   1d: 50 lignes
2025-06-06 13:32:37,138 - prediction_service - INFO - **************************************************** 1
2025-06-06 13:32:37,969 - prediction_service - ERROR - Erreur: "['FromDate' 'time_diff' 'Open' 'High' 'Low' 'Close' 'Volume' 'date'\n 'prev_date' 'Volume_SMA_5' 'Volume_SMA_10' 'Stoch_RSI' 'Keltner_High'\n 'Volume_SMA_20' 'Volume_Ratio_SMA5' 'Volume_Ratio_SMA10'\n 'Volume_Ratio_SMA20' 'SuperTrend_Trend' 'SuperTrend_Direction'\n 'Volume_Change_1' 'Volume_Change_5' 'PV_Ratio' 'PV_Change' 'ATR_14'\n 'Bollinger_High' 'Bollinger_Low' 'Bollinger_Width' 'MFM' 'MFV' 'CMF_20'\n 'CCI_5' 'MACD' 'MACD_Signal' 'body_ratio_prev' 'SMA_10' 'EMA_10' 'CCI_10'\n 'CCI_15' 'corps_candle_prev' 'corps_sum' 'ratio_corps' 'EMA_12' 'EMA_26'\n 'upper_wick' 'lower_wick' 'same_direction' 'candle_trend' 'meche_basse'\n 'meche_haute' 'corps_candle' 'candle_range' 'direction'\n 'future_direction_2' 'RSI_Crossover_EMA' 'RSI_Crossover_SMA'\n 'RSI_Trend_Direction' 'RSI_Trend' 'RSI_EMA_14' 'RSI_EMA_7'\n 'Vol_Weighted_RSI_SMA' 'Volume_Oscillator' 'SMA_RSI' 'RSI' 'VWAP'\n 'RSI_SMA_7' 'RSI_SMA_14' 'VWMA_10' 'is_summer' 'RSI_14' 'stock_open_hour'\n 'market_open_hour' 'VWMA_20' 'Force_Index_1' 'minute' 'day_of_week'\n 'Force_Index_13' 'day' 'hour' 'year' 'month' 'timestamp'\n 'Vol_Weighted_RSI' 'Vol_Weighted_Down_Avg' 'Vol_Weighted_Up_Avg'\n 'Vol_Weighted_Down' 'Vol_Weighted_Up' 'MFI_14' 'Money_Flow_Negative'\n 'Money_Flow_Positive' 'Typical_Price_Prev' 'Raw_Money_Flow'\n 'Typical_Price' 'OBV' 'OBV_normalized' 'OBV_norm_minmax' 'OBV_SMA_short'\n 'OBV_SMA_medium' 'OBV_SMA_long' 'OBV_Trend_short' 'OBV_Trend_medium'\n 'OBV_Trend_long' 'OBV_Trend' 'ADL' 'ADL_norm' 'ADL_SMA5' 'ADL_SMA15'\n 'ADL_SMA30' 'ADL_Trend' 'Price_Trend' 'ADL_Divergence' 'PVT_change' 'PVT'\n 'PVT_norm' 'PVT_SMA10' 'PVT_SMA30' 'PVT_signal' 'PVT_cross'\n 'PVT_cross_signal' 'PVT_delta5' 'doji_type' 'doji' 'doji_strength'\n 'perfect_doji' 'doji_invalid' 'pattern_type' 'bullish_engulfing'\n 'bearish_engulfing' 'engulfing_strength' 'Keltner_Low' 'Keltner_Mid'\n 'Keltner_Width'] not found in axis"
Traceback (most recent call last):
  File "/home/parrochia/go/src/github.com/trading-prediction-with-machine-learning/./src/prediction_service.py", line 178, in handle_websocket
    x = prepare_prediction_data()
  File "/home/parrochia/go/src/github.com/trading-prediction-with-machine-learning/./src/prediction_service.py", line 268, in prepare_prediction_data
    x = prepare_data_for_prediction(df_5min, df_1h, df_4h, df_1d, sequence_length=SEQUENCE_LENGTH)
  File "/home/parrochia/go/src/github.com/trading-prediction-with-machine-learning/./src/prediction_service.py", line 59, in prepare_data_for_prediction
    features_df = create_parquet(df_5min, df_1h, df_4h, df_1d)
  File "/home/parrochia/go/src/github.com/trading-prediction-with-machine-learning/src/model_trainer.py", line 2533, in create_parquet
    print(features_df.drop(['FromDate', 'time_diff', 'Open', 'High', 'Low', 'Close',  'Volume',
  File "/home/parrochia/.local/lib/python3.10/site-packages/pandas/core/frame.py", line 5581, in drop
    return super().drop(
  File "/home/parrochia/.local/lib/python3.10/site-packages/pandas/core/generic.py", line 4788, in drop
    obj = obj._drop_axis(labels, axis, level=level, errors=errors)
  File "/home/parrochia/.local/lib/python3.10/site-packages/pandas/core/generic.py", line 4859, in _drop_axis
    raise KeyError(f"{labels} not found in axis")
KeyError: "['FromDate' 'time_diff' 'Open' 'High' 'Low' 'Close' 'Volume' 'date'\n 'prev_date' 'Volume_SMA_5' 'Volume_SMA_10' 'Stoch_RSI' 'Keltner_High'\n 'Volume_SMA_20' 'Volume_Ratio_SMA5' 'Volume_Ratio_SMA10'\n 'Volume_Ratio_SMA20' 'SuperTrend_Trend' 'SuperTrend_Direction'\n 'Volume_Change_1' 'Volume_Change_5' 'PV_Ratio' 'PV_Change' 'ATR_14'\n 'Bollinger_High' 'Bollinger_Low' 'Bollinger_Width' 'MFM' 'MFV' 'CMF_20'\n 'CCI_5' 'MACD' 'MACD_Signal' 'body_ratio_prev' 'SMA_10' 'EMA_10' 'CCI_10'\n 'CCI_15' 'corps_candle_prev' 'corps_sum' 'ratio_corps' 'EMA_12' 'EMA_26'\n 'upper_wick' 'lower_wick' 'same_direction' 'candle_trend' 'meche_basse'\n 'meche_haute' 'corps_candle' 'candle_range' 'direction'\n 'future_direction_2' 'RSI_Crossover_EMA' 'RSI_Crossover_SMA'\n 'RSI_Trend_Direction' 'RSI_Trend' 'RSI_EMA_14' 'RSI_EMA_7'\n 'Vol_Weighted_RSI_SMA' 'Volume_Oscillator' 'SMA_RSI' 'RSI' 'VWAP'\n 'RSI_SMA_7' 'RSI_SMA_14' 'VWMA_10' 'is_summer' 'RSI_14' 'stock_open_hour'\n 'market_open_hour' 'VWMA_20' 'Force_Index_1' 'minute' 'day_of_week'\n 'Force_Index_13' 'day' 'hour' 'year' 'month' 'timestamp'\n 'Vol_Weighted_RSI' 'Vol_Weighted_Down_Avg' 'Vol_Weighted_Up_Avg'\n 'Vol_Weighted_Down' 'Vol_Weighted_Up' 'MFI_14' 'Money_Flow_Negative'\n 'Money_Flow_Positive' 'Typical_Price_Prev' 'Raw_Money_Flow'\n 'Typical_Price' 'OBV' 'OBV_normalized' 'OBV_norm_minmax' 'OBV_SMA_short'\n 'OBV_SMA_medium' 'OBV_SMA_long' 'OBV_Trend_short' 'OBV_Trend_medium'\n 'OBV_Trend_long' 'OBV_Trend' 'ADL' 'ADL_norm' 'ADL_SMA5' 'ADL_SMA15'\n 'ADL_SMA30' 'ADL_Trend' 'Price_Trend' 'ADL_Divergence' 'PVT_change' 'PVT'\n 'PVT_norm' 'PVT_SMA10' 'PVT_SMA30' 'PVT_signal' 'PVT_cross'\n 'PVT_cross_signal' 'PVT_delta5' 'doji_type' 'doji' 'doji_strength'\n 'perfect_doji' 'doji_invalid' 'pattern_type' 'bullish_engulfing'\n 'bearish_engulfing' 'engulfing_strength' 'Keltner_Low' 'Keltner_Mid'\n 'Keltner_Width'] not found in axis"
2025-06-06 13:34:31,225 - websockets.server - INFO - server closing
2025-06-06 13:34:31,225 - websockets.server - INFO - server closed
2025-06-06 13:34:40,187 - absl - WARNING - Compiled the loaded model, but the compiled metrics have yet to be built. `model.compile_metrics` will be empty until you train or evaluate the model.
2025-06-06 13:34:40,671 - prediction_service - INFO - Modèle existant compatible avec 158 features
2025-06-06 13:34:40,672 - prediction_service - INFO - Démarrage du serveur WebSocket sur 0.0.0.0:8765
2025-06-06 13:34:40,681 - websockets.server - INFO - server listening on 0.0.0.0:8765
2025-06-06 13:34:40,719 - websockets.server - INFO - connection open
2025-06-06 13:34:40,719 - prediction_service - INFO - Nouvelle connexion WebSocket: ('127.0.0.1', 44216)
2025-06-06 13:34:40,767 - absl - WARNING - Compiled the loaded model, but the compiled metrics have yet to be built. `model.compile_metrics` will be empty until you train or evaluate the model.
2025-06-06 13:34:40,770 - prediction_service - INFO - Modèle chargé depuis ./model/best_model.h5
2025-06-06 13:34:42,606 - prediction_service - INFO - Message reçu: 5min - 50 barres
2025-06-06 13:34:42,611 - prediction_service - INFO - Données historiques mises à jour pour 5min: 50 barres du 2025-06-02 07:20:00 au 2025-06-02 11:25:00
2025-06-06 13:34:42,611 - prediction_service - WARNING - Données insuffisantes pour les timeframes suivants (au moins 14 lignes requises) : 1h, 4h, 1d
2025-06-06 13:34:42,612 - prediction_service - INFO - Message reçu: 1h - 50 barres
2025-06-06 13:34:42,616 - prediction_service - INFO - Données historiques mises à jour pour 1h: 50 barres du 2025-05-29 09:00:00 au 2025-06-02 13:00:00
2025-06-06 13:34:42,616 - prediction_service - WARNING - Données insuffisantes pour les timeframes suivants (au moins 14 lignes requises) : 4h, 1d
2025-06-06 13:34:42,617 - prediction_service - INFO - Message reçu: 4h - 50 barres
2025-06-06 13:34:42,620 - prediction_service - INFO - Données historiques mises à jour pour 4h: 50 barres du 2025-05-21 15:00:00 au 2025-06-02 11:00:00
2025-06-06 13:34:42,620 - prediction_service - WARNING - Données insuffisantes pour les timeframes suivants (au moins 14 lignes requises) : 1d
2025-06-06 13:34:42,620 - prediction_service - INFO - Message reçu: 1d - 50 barres
2025-06-06 13:34:42,624 - prediction_service - INFO - Données historiques mises à jour pour 1d: 50 barres du 2025-03-23 23:00:00 au 2025-06-01 22:00:00
2025-06-06 13:34:42,632 - prediction_service - INFO - DEBUG - Entrées dans prepare_data_for_prediction:
2025-06-06 13:34:42,633 - prediction_service - INFO -   5min: 49 lignes
2025-06-06 13:34:42,633 - prediction_service - INFO -   1h: 50 lignes
2025-06-06 13:34:42,633 - prediction_service - INFO -   4h: 50 lignes
2025-06-06 13:34:42,633 - prediction_service - INFO -   1d: 50 lignes
2025-06-06 13:34:42,633 - prediction_service - INFO - **************************************************** 1
2025-06-06 13:34:43,386 - prediction_service - ERROR - Erreur: "['FromDate' 'time_diff' 'Open' 'High' 'Low' 'Close' 'Volume' 'date'\n 'prev_date' 'Volume_SMA_5' 'Volume_SMA_10' 'Stoch_RSI' 'Keltner_High'\n 'Volume_SMA_20' 'Volume_Ratio_SMA5' 'Volume_Ratio_SMA10'\n 'Volume_Ratio_SMA20' 'SuperTrend_Trend' 'SuperTrend_Direction'\n 'Volume_Change_1' 'Volume_Change_5' 'PV_Ratio' 'PV_Change' 'ATR_14'\n 'Bollinger_High' 'Bollinger_Low' 'Bollinger_Width' 'MFM' 'MFV' 'CMF_20'\n 'CCI_5' 'MACD' 'MACD_Signal' 'body_ratio_prev' 'SMA_10' 'EMA_10' 'CCI_10'\n 'CCI_15' 'corps_candle_prev' 'corps_sum' 'ratio_corps' 'EMA_12' 'EMA_26'\n 'upper_wick' 'lower_wick' 'same_direction' 'candle_trend' 'meche_basse'\n 'meche_haute' 'corps_candle' 'candle_range' 'direction'\n 'future_direction_2' 'RSI_Crossover_EMA' 'RSI_Crossover_SMA'\n 'RSI_Trend_Direction' 'RSI_Trend' 'RSI_EMA_14' 'RSI_EMA_7'\n 'Vol_Weighted_RSI_SMA' 'Volume_Oscillator' 'SMA_RSI' 'RSI' 'VWAP'\n 'RSI_SMA_7' 'RSI_SMA_14' 'VWMA_10' 'is_summer' 'RSI_14' 'stock_open_hour'\n 'market_open_hour' 'VWMA_20' 'Force_Index_1' 'minute' 'day_of_week'\n 'Force_Index_13' 'day' 'hour' 'year' 'month' 'timestamp'\n 'Vol_Weighted_RSI' 'Vol_Weighted_Down_Avg' 'Vol_Weighted_Up_Avg'\n 'Vol_Weighted_Down' 'Vol_Weighted_Up' 'MFI_14' 'Money_Flow_Negative'\n 'Money_Flow_Positive' 'Typical_Price_Prev' 'Raw_Money_Flow'\n 'Typical_Price' 'OBV' 'OBV_normalized' 'OBV_norm_minmax' 'OBV_SMA_short'\n 'OBV_SMA_medium' 'OBV_SMA_long' 'OBV_Trend_short' 'OBV_Trend_medium'\n 'OBV_Trend_long' 'OBV_Trend' 'ADL' 'ADL_norm' 'ADL_SMA5' 'ADL_SMA15'\n 'ADL_SMA30' 'ADL_Trend' 'Price_Trend' 'ADL_Divergence' 'PVT_change' 'PVT'\n 'PVT_norm' 'PVT_SMA10' 'PVT_SMA30' 'PVT_signal' 'PVT_cross'\n 'PVT_cross_signal' 'PVT_delta5' 'doji_type' 'doji' 'doji_strength'\n 'perfect_doji' 'doji_invalid' 'pattern_type' 'bullish_engulfing'\n 'bearish_engulfing' 'engulfing_strength' 'Keltner_Low' 'Keltner_Mid'\n 'Keltner_Width'] not found in axis"
Traceback (most recent call last):
  File "/home/parrochia/go/src/github.com/trading-prediction-with-machine-learning/./src/prediction_service.py", line 178, in handle_websocket
    x = prepare_prediction_data()
  File "/home/parrochia/go/src/github.com/trading-prediction-with-machine-learning/./src/prediction_service.py", line 268, in prepare_prediction_data
    x = prepare_data_for_prediction(df_5min, df_1h, df_4h, df_1d, sequence_length=SEQUENCE_LENGTH)
  File "/home/parrochia/go/src/github.com/trading-prediction-with-machine-learning/./src/prediction_service.py", line 59, in prepare_data_for_prediction
    features_df = create_parquet(df_5min, df_1h, df_4h, df_1d)
  File "/home/parrochia/go/src/github.com/trading-prediction-with-machine-learning/src/model_trainer.py", line 2533, in create_parquet
    print(features_df.drop(['FromDate', 'time_diff', 'Open', 'High', 'Low', 'Close',  'Volume',
  File "/home/parrochia/.local/lib/python3.10/site-packages/pandas/core/frame.py", line 5581, in drop
    return super().drop(
  File "/home/parrochia/.local/lib/python3.10/site-packages/pandas/core/generic.py", line 4788, in drop
    obj = obj._drop_axis(labels, axis, level=level, errors=errors)
  File "/home/parrochia/.local/lib/python3.10/site-packages/pandas/core/generic.py", line 4859, in _drop_axis
    raise KeyError(f"{labels} not found in axis")
KeyError: "['FromDate' 'time_diff' 'Open' 'High' 'Low' 'Close' 'Volume' 'date'\n 'prev_date' 'Volume_SMA_5' 'Volume_SMA_10' 'Stoch_RSI' 'Keltner_High'\n 'Volume_SMA_20' 'Volume_Ratio_SMA5' 'Volume_Ratio_SMA10'\n 'Volume_Ratio_SMA20' 'SuperTrend_Trend' 'SuperTrend_Direction'\n 'Volume_Change_1' 'Volume_Change_5' 'PV_Ratio' 'PV_Change' 'ATR_14'\n 'Bollinger_High' 'Bollinger_Low' 'Bollinger_Width' 'MFM' 'MFV' 'CMF_20'\n 'CCI_5' 'MACD' 'MACD_Signal' 'body_ratio_prev' 'SMA_10' 'EMA_10' 'CCI_10'\n 'CCI_15' 'corps_candle_prev' 'corps_sum' 'ratio_corps' 'EMA_12' 'EMA_26'\n 'upper_wick' 'lower_wick' 'same_direction' 'candle_trend' 'meche_basse'\n 'meche_haute' 'corps_candle' 'candle_range' 'direction'\n 'future_direction_2' 'RSI_Crossover_EMA' 'RSI_Crossover_SMA'\n 'RSI_Trend_Direction' 'RSI_Trend' 'RSI_EMA_14' 'RSI_EMA_7'\n 'Vol_Weighted_RSI_SMA' 'Volume_Oscillator' 'SMA_RSI' 'RSI' 'VWAP'\n 'RSI_SMA_7' 'RSI_SMA_14' 'VWMA_10' 'is_summer' 'RSI_14' 'stock_open_hour'\n 'market_open_hour' 'VWMA_20' 'Force_Index_1' 'minute' 'day_of_week'\n 'Force_Index_13' 'day' 'hour' 'year' 'month' 'timestamp'\n 'Vol_Weighted_RSI' 'Vol_Weighted_Down_Avg' 'Vol_Weighted_Up_Avg'\n 'Vol_Weighted_Down' 'Vol_Weighted_Up' 'MFI_14' 'Money_Flow_Negative'\n 'Money_Flow_Positive' 'Typical_Price_Prev' 'Raw_Money_Flow'\n 'Typical_Price' 'OBV' 'OBV_normalized' 'OBV_norm_minmax' 'OBV_SMA_short'\n 'OBV_SMA_medium' 'OBV_SMA_long' 'OBV_Trend_short' 'OBV_Trend_medium'\n 'OBV_Trend_long' 'OBV_Trend' 'ADL' 'ADL_norm' 'ADL_SMA5' 'ADL_SMA15'\n 'ADL_SMA30' 'ADL_Trend' 'Price_Trend' 'ADL_Divergence' 'PVT_change' 'PVT'\n 'PVT_norm' 'PVT_SMA10' 'PVT_SMA30' 'PVT_signal' 'PVT_cross'\n 'PVT_cross_signal' 'PVT_delta5' 'doji_type' 'doji' 'doji_strength'\n 'perfect_doji' 'doji_invalid' 'pattern_type' 'bullish_engulfing'\n 'bearish_engulfing' 'engulfing_strength' 'Keltner_Low' 'Keltner_Mid'\n 'Keltner_Width'] not found in axis"
2025-06-06 13:36:07,043 - websockets.server - INFO - server closing
2025-06-06 13:36:07,044 - websockets.server - INFO - server closed
2025-06-06 13:36:15,003 - absl - WARNING - Compiled the loaded model, but the compiled metrics have yet to be built. `model.compile_metrics` will be empty until you train or evaluate the model.
2025-06-06 13:36:15,472 - prediction_service - INFO - Modèle existant compatible avec 158 features
2025-06-06 13:36:15,472 - prediction_service - INFO - Démarrage du serveur WebSocket sur 0.0.0.0:8765
2025-06-06 13:36:15,487 - websockets.server - INFO - server listening on 0.0.0.0:8765
2025-06-06 13:36:15,608 - websockets.server - INFO - connection open
2025-06-06 13:36:15,609 - prediction_service - INFO - Nouvelle connexion WebSocket: ('127.0.0.1', 56252)
2025-06-06 13:36:15,651 - absl - WARNING - Compiled the loaded model, but the compiled metrics have yet to be built. `model.compile_metrics` will be empty until you train or evaluate the model.
2025-06-06 13:36:15,653 - prediction_service - INFO - Modèle chargé depuis ./model/best_model.h5
2025-06-06 13:36:16,814 - prediction_service - INFO - Message reçu: 5min - 50 barres
2025-06-06 13:36:16,821 - prediction_service - INFO - Données historiques mises à jour pour 5min: 50 barres du 2025-06-02 07:20:00 au 2025-06-02 11:25:00
2025-06-06 13:36:16,821 - prediction_service - WARNING - Données insuffisantes pour les timeframes suivants (au moins 14 lignes requises) : 1h, 4h, 1d
2025-06-06 13:36:16,822 - prediction_service - INFO - Message reçu: 1h - 50 barres
2025-06-06 13:36:16,825 - prediction_service - INFO - Données historiques mises à jour pour 1h: 50 barres du 2025-05-29 09:00:00 au 2025-06-02 13:00:00
2025-06-06 13:36:16,825 - prediction_service - WARNING - Données insuffisantes pour les timeframes suivants (au moins 14 lignes requises) : 4h, 1d
2025-06-06 13:36:16,826 - prediction_service - INFO - Message reçu: 4h - 50 barres
2025-06-06 13:36:16,829 - prediction_service - INFO - Données historiques mises à jour pour 4h: 50 barres du 2025-05-21 15:00:00 au 2025-06-02 11:00:00
2025-06-06 13:36:16,829 - prediction_service - WARNING - Données insuffisantes pour les timeframes suivants (au moins 14 lignes requises) : 1d
2025-06-06 13:36:16,829 - prediction_service - INFO - Message reçu: 1d - 50 barres
2025-06-06 13:36:16,832 - prediction_service - INFO - Données historiques mises à jour pour 1d: 50 barres du 2025-03-23 23:00:00 au 2025-06-01 22:00:00
2025-06-06 13:36:16,840 - prediction_service - INFO - DEBUG - Entrées dans prepare_data_for_prediction:
2025-06-06 13:36:16,840 - prediction_service - INFO -   5min: 49 lignes
2025-06-06 13:36:16,840 - prediction_service - INFO -   1h: 50 lignes
2025-06-06 13:36:16,840 - prediction_service - INFO -   4h: 50 lignes
2025-06-06 13:36:16,840 - prediction_service - INFO -   1d: 50 lignes
2025-06-06 13:36:16,840 - prediction_service - INFO - **************************************************** 1
2025-06-06 13:36:17,868 - prediction_service - ERROR - Erreur: "['FromDate' 'time_diff' 'Open' 'High' 'Low' 'Close' 'Volume' 'date'\n 'prev_date' 'Volume_SMA_5' 'Volume_SMA_10' 'Stoch_RSI' 'Keltner_High'\n 'Volume_SMA_20' 'Volume_Ratio_SMA5' 'Volume_Ratio_SMA10'\n 'Volume_Ratio_SMA20' 'SuperTrend_Trend' 'SuperTrend_Direction'\n 'Volume_Change_1' 'Volume_Change_5' 'PV_Ratio' 'PV_Change' 'ATR_14'\n 'Bollinger_High' 'Bollinger_Low' 'Bollinger_Width' 'MFM' 'MFV' 'CMF_20'\n 'CCI_5' 'MACD' 'MACD_Signal' 'body_ratio_prev' 'SMA_10' 'EMA_10' 'CCI_10'\n 'CCI_15' 'corps_candle_prev' 'corps_sum' 'ratio_corps' 'EMA_12' 'EMA_26'\n 'upper_wick' 'lower_wick' 'same_direction' 'candle_trend' 'meche_basse'\n 'meche_haute' 'corps_candle' 'candle_range' 'direction'\n 'future_direction_2' 'RSI_Crossover_EMA' 'RSI_Crossover_SMA'\n 'RSI_Trend_Direction' 'RSI_Trend' 'RSI_EMA_14' 'RSI_EMA_7'\n 'Vol_Weighted_RSI_SMA' 'Volume_Oscillator' 'SMA_RSI' 'RSI' 'VWAP'\n 'RSI_SMA_7' 'RSI_SMA_14' 'VWMA_10' 'is_summer' 'RSI_14' 'stock_open_hour'\n 'market_open_hour' 'VWMA_20' 'Force_Index_1' 'minute' 'day_of_week'\n 'Force_Index_13' 'day' 'hour' 'year' 'month' 'timestamp'\n 'Vol_Weighted_RSI' 'Vol_Weighted_Down_Avg' 'Vol_Weighted_Up_Avg'\n 'Vol_Weighted_Down' 'Vol_Weighted_Up' 'MFI_14' 'Money_Flow_Negative'\n 'Money_Flow_Positive' 'Typical_Price_Prev' 'Raw_Money_Flow'\n 'Typical_Price' 'OBV' 'OBV_normalized' 'OBV_norm_minmax' 'OBV_SMA_short'\n 'OBV_SMA_medium' 'OBV_SMA_long' 'OBV_Trend_short' 'OBV_Trend_medium'\n 'OBV_Trend_long' 'OBV_Trend' 'ADL' 'ADL_norm' 'ADL_SMA5' 'ADL_SMA15'\n 'ADL_SMA30' 'ADL_Trend' 'Price_Trend' 'ADL_Divergence' 'PVT_change' 'PVT'\n 'PVT_norm' 'PVT_SMA10' 'PVT_SMA30' 'PVT_signal' 'PVT_cross'\n 'PVT_cross_signal' 'PVT_delta5' 'doji_type' 'doji' 'doji_strength'\n 'perfect_doji' 'doji_invalid' 'pattern_type' 'bullish_engulfing'\n 'bearish_engulfing' 'engulfing_strength' 'Keltner_Low' 'Keltner_Mid'\n 'Keltner_Width'] not found in axis"
Traceback (most recent call last):
  File "/home/parrochia/go/src/github.com/trading-prediction-with-machine-learning/./src/prediction_service.py", line 178, in handle_websocket
    x = prepare_prediction_data()
  File "/home/parrochia/go/src/github.com/trading-prediction-with-machine-learning/./src/prediction_service.py", line 268, in prepare_prediction_data
    x = prepare_data_for_prediction(df_5min, df_1h, df_4h, df_1d, sequence_length=SEQUENCE_LENGTH)
  File "/home/parrochia/go/src/github.com/trading-prediction-with-machine-learning/./src/prediction_service.py", line 59, in prepare_data_for_prediction
    features_df = create_parquet(df_5min, df_1h, df_4h, df_1d)
  File "/home/parrochia/go/src/github.com/trading-prediction-with-machine-learning/src/model_trainer.py", line 2533, in create_parquet
    print(features_df.drop(['FromDate', 'time_diff', 'Open', 'High', 'Low', 'Close',  'Volume',
  File "/home/parrochia/.local/lib/python3.10/site-packages/pandas/core/frame.py", line 5581, in drop
    return super().drop(
  File "/home/parrochia/.local/lib/python3.10/site-packages/pandas/core/generic.py", line 4788, in drop
    obj = obj._drop_axis(labels, axis, level=level, errors=errors)
  File "/home/parrochia/.local/lib/python3.10/site-packages/pandas/core/generic.py", line 4859, in _drop_axis
    raise KeyError(f"{labels} not found in axis")
KeyError: "['FromDate' 'time_diff' 'Open' 'High' 'Low' 'Close' 'Volume' 'date'\n 'prev_date' 'Volume_SMA_5' 'Volume_SMA_10' 'Stoch_RSI' 'Keltner_High'\n 'Volume_SMA_20' 'Volume_Ratio_SMA5' 'Volume_Ratio_SMA10'\n 'Volume_Ratio_SMA20' 'SuperTrend_Trend' 'SuperTrend_Direction'\n 'Volume_Change_1' 'Volume_Change_5' 'PV_Ratio' 'PV_Change' 'ATR_14'\n 'Bollinger_High' 'Bollinger_Low' 'Bollinger_Width' 'MFM' 'MFV' 'CMF_20'\n 'CCI_5' 'MACD' 'MACD_Signal' 'body_ratio_prev' 'SMA_10' 'EMA_10' 'CCI_10'\n 'CCI_15' 'corps_candle_prev' 'corps_sum' 'ratio_corps' 'EMA_12' 'EMA_26'\n 'upper_wick' 'lower_wick' 'same_direction' 'candle_trend' 'meche_basse'\n 'meche_haute' 'corps_candle' 'candle_range' 'direction'\n 'future_direction_2' 'RSI_Crossover_EMA' 'RSI_Crossover_SMA'\n 'RSI_Trend_Direction' 'RSI_Trend' 'RSI_EMA_14' 'RSI_EMA_7'\n 'Vol_Weighted_RSI_SMA' 'Volume_Oscillator' 'SMA_RSI' 'RSI' 'VWAP'\n 'RSI_SMA_7' 'RSI_SMA_14' 'VWMA_10' 'is_summer' 'RSI_14' 'stock_open_hour'\n 'market_open_hour' 'VWMA_20' 'Force_Index_1' 'minute' 'day_of_week'\n 'Force_Index_13' 'day' 'hour' 'year' 'month' 'timestamp'\n 'Vol_Weighted_RSI' 'Vol_Weighted_Down_Avg' 'Vol_Weighted_Up_Avg'\n 'Vol_Weighted_Down' 'Vol_Weighted_Up' 'MFI_14' 'Money_Flow_Negative'\n 'Money_Flow_Positive' 'Typical_Price_Prev' 'Raw_Money_Flow'\n 'Typical_Price' 'OBV' 'OBV_normalized' 'OBV_norm_minmax' 'OBV_SMA_short'\n 'OBV_SMA_medium' 'OBV_SMA_long' 'OBV_Trend_short' 'OBV_Trend_medium'\n 'OBV_Trend_long' 'OBV_Trend' 'ADL' 'ADL_norm' 'ADL_SMA5' 'ADL_SMA15'\n 'ADL_SMA30' 'ADL_Trend' 'Price_Trend' 'ADL_Divergence' 'PVT_change' 'PVT'\n 'PVT_norm' 'PVT_SMA10' 'PVT_SMA30' 'PVT_signal' 'PVT_cross'\n 'PVT_cross_signal' 'PVT_delta5' 'doji_type' 'doji' 'doji_strength'\n 'perfect_doji' 'doji_invalid' 'pattern_type' 'bullish_engulfing'\n 'bearish_engulfing' 'engulfing_strength' 'Keltner_Low' 'Keltner_Mid'\n 'Keltner_Width'] not found in axis"
2025-06-06 13:38:05,977 - websockets.server - INFO - server closing
2025-06-06 13:38:05,977 - websockets.server - INFO - server closed
2025-06-06 13:38:14,890 - absl - WARNING - Compiled the loaded model, but the compiled metrics have yet to be built. `model.compile_metrics` will be empty until you train or evaluate the model.
2025-06-06 13:38:15,541 - prediction_service - INFO - Modèle existant compatible avec 158 features
2025-06-06 13:38:15,541 - prediction_service - INFO - Démarrage du serveur WebSocket sur 0.0.0.0:8765
2025-06-06 13:38:15,551 - websockets.server - INFO - server listening on 0.0.0.0:8765
2025-06-06 13:38:15,662 - websockets.server - INFO - connection open
2025-06-06 13:38:15,662 - prediction_service - INFO - Nouvelle connexion WebSocket: ('127.0.0.1', 48402)
2025-06-06 13:38:15,703 - absl - WARNING - Compiled the loaded model, but the compiled metrics have yet to be built. `model.compile_metrics` will be empty until you train or evaluate the model.
2025-06-06 13:38:15,705 - prediction_service - INFO - Modèle chargé depuis ./model/best_model.h5
2025-06-06 13:38:16,974 - prediction_service - INFO - Message reçu: 5min - 50 barres
2025-06-06 13:38:16,979 - prediction_service - INFO - Données historiques mises à jour pour 5min: 50 barres du 2025-06-02 07:20:00 au 2025-06-02 11:25:00
2025-06-06 13:38:16,979 - prediction_service - WARNING - Données insuffisantes pour les timeframes suivants (au moins 14 lignes requises) : 1h, 4h, 1d
2025-06-06 13:38:16,980 - prediction_service - INFO - Message reçu: 1h - 50 barres
2025-06-06 13:38:16,982 - prediction_service - INFO - Données historiques mises à jour pour 1h: 50 barres du 2025-05-29 09:00:00 au 2025-06-02 13:00:00
2025-06-06 13:38:16,983 - prediction_service - WARNING - Données insuffisantes pour les timeframes suivants (au moins 14 lignes requises) : 4h, 1d
2025-06-06 13:38:16,983 - prediction_service - INFO - Message reçu: 4h - 50 barres
2025-06-06 13:38:16,985 - prediction_service - INFO - Données historiques mises à jour pour 4h: 50 barres du 2025-05-21 15:00:00 au 2025-06-02 11:00:00
2025-06-06 13:38:16,985 - prediction_service - WARNING - Données insuffisantes pour les timeframes suivants (au moins 14 lignes requises) : 1d
2025-06-06 13:38:16,986 - prediction_service - INFO - Message reçu: 1d - 50 barres
2025-06-06 13:38:16,988 - prediction_service - INFO - Données historiques mises à jour pour 1d: 50 barres du 2025-03-23 23:00:00 au 2025-06-01 22:00:00
2025-06-06 13:38:16,991 - prediction_service - INFO - DEBUG - Entrées dans prepare_data_for_prediction:
2025-06-06 13:38:16,992 - prediction_service - INFO -   5min: 49 lignes
2025-06-06 13:38:16,992 - prediction_service - INFO -   1h: 50 lignes
2025-06-06 13:38:16,992 - prediction_service - INFO -   4h: 50 lignes
2025-06-06 13:38:16,992 - prediction_service - INFO -   1d: 50 lignes
2025-06-06 13:38:16,992 - prediction_service - INFO - **************************************************** 1
2025-06-06 13:38:17,825 - prediction_service - ERROR - Erreur: "['FromDate' 'time_diff' 'Open' 'High' 'Low' 'Close' 'Volume' 'date'\n 'prev_date' 'Volume_SMA_5' 'Volume_SMA_10' 'Stoch_RSI' 'Keltner_High'\n 'Volume_SMA_20' 'Volume_Ratio_SMA5' 'Volume_Ratio_SMA10'\n 'Volume_Ratio_SMA20' 'SuperTrend_Trend' 'SuperTrend_Direction'\n 'Volume_Change_1' 'Volume_Change_5' 'PV_Ratio' 'PV_Change' 'ATR_14'\n 'Bollinger_High' 'Bollinger_Low' 'Bollinger_Width' 'MFM' 'MFV' 'CMF_20'\n 'CCI_5' 'MACD' 'MACD_Signal' 'body_ratio_prev' 'SMA_10' 'EMA_10' 'CCI_10'\n 'CCI_15' 'corps_candle_prev' 'corps_sum' 'ratio_corps' 'EMA_12' 'EMA_26'\n 'upper_wick' 'lower_wick' 'same_direction' 'candle_trend' 'meche_basse'\n 'meche_haute' 'corps_candle' 'candle_range' 'direction'\n 'future_direction_2' 'RSI_Crossover_EMA' 'RSI_Crossover_SMA'\n 'RSI_Trend_Direction' 'RSI_Trend' 'RSI_EMA_14' 'RSI_EMA_7'\n 'Vol_Weighted_RSI_SMA' 'Volume_Oscillator' 'SMA_RSI' 'RSI' 'VWAP'\n 'RSI_SMA_7' 'RSI_SMA_14' 'VWMA_10' 'is_summer' 'RSI_14' 'stock_open_hour'\n 'market_open_hour' 'VWMA_20' 'Force_Index_1' 'minute' 'day_of_week'\n 'Force_Index_13' 'day' 'hour' 'year' 'month' 'timestamp'\n 'Vol_Weighted_RSI' 'Vol_Weighted_Down_Avg' 'Vol_Weighted_Up_Avg'\n 'Vol_Weighted_Down' 'Vol_Weighted_Up' 'MFI_14' 'Money_Flow_Negative'\n 'Money_Flow_Positive' 'Typical_Price_Prev' 'Raw_Money_Flow'\n 'Typical_Price' 'OBV' 'OBV_normalized' 'OBV_norm_minmax' 'OBV_SMA_short'\n 'OBV_SMA_medium' 'OBV_SMA_long' 'OBV_Trend_short' 'OBV_Trend_medium'\n 'OBV_Trend_long' 'OBV_Trend' 'ADL' 'ADL_norm' 'ADL_SMA5' 'ADL_SMA15'\n 'ADL_SMA30' 'ADL_Trend' 'Price_Trend' 'ADL_Divergence' 'PVT_change' 'PVT'\n 'PVT_norm' 'PVT_SMA10' 'PVT_SMA30' 'PVT_signal' 'PVT_cross'\n 'PVT_cross_signal' 'PVT_delta5' 'doji_type' 'doji' 'doji_strength'\n 'perfect_doji' 'doji_invalid' 'pattern_type' 'bullish_engulfing'\n 'bearish_engulfing' 'engulfing_strength' 'Keltner_Low' 'Keltner_Mid'\n 'Keltner_Width'] not found in axis"
Traceback (most recent call last):
  File "/home/parrochia/go/src/github.com/trading-prediction-with-machine-learning/./src/prediction_service.py", line 178, in handle_websocket
    x = prepare_prediction_data()
  File "/home/parrochia/go/src/github.com/trading-prediction-with-machine-learning/./src/prediction_service.py", line 268, in prepare_prediction_data
    x = prepare_data_for_prediction(df_5min, df_1h, df_4h, df_1d, sequence_length=SEQUENCE_LENGTH)
  File "/home/parrochia/go/src/github.com/trading-prediction-with-machine-learning/./src/prediction_service.py", line 59, in prepare_data_for_prediction
    features_df = create_parquet(df_5min, df_1h, df_4h, df_1d)
  File "/home/parrochia/go/src/github.com/trading-prediction-with-machine-learning/src/model_trainer.py", line 2536, in create_parquet
    print(features_df.drop(['FromDate', 'time_diff', 'Open', 'High', 'Low', 'Close',  'Volume',
  File "/home/parrochia/.local/lib/python3.10/site-packages/pandas/core/frame.py", line 5581, in drop
    return super().drop(
  File "/home/parrochia/.local/lib/python3.10/site-packages/pandas/core/generic.py", line 4788, in drop
    obj = obj._drop_axis(labels, axis, level=level, errors=errors)
  File "/home/parrochia/.local/lib/python3.10/site-packages/pandas/core/generic.py", line 4859, in _drop_axis
    raise KeyError(f"{labels} not found in axis")
KeyError: "['FromDate' 'time_diff' 'Open' 'High' 'Low' 'Close' 'Volume' 'date'\n 'prev_date' 'Volume_SMA_5' 'Volume_SMA_10' 'Stoch_RSI' 'Keltner_High'\n 'Volume_SMA_20' 'Volume_Ratio_SMA5' 'Volume_Ratio_SMA10'\n 'Volume_Ratio_SMA20' 'SuperTrend_Trend' 'SuperTrend_Direction'\n 'Volume_Change_1' 'Volume_Change_5' 'PV_Ratio' 'PV_Change' 'ATR_14'\n 'Bollinger_High' 'Bollinger_Low' 'Bollinger_Width' 'MFM' 'MFV' 'CMF_20'\n 'CCI_5' 'MACD' 'MACD_Signal' 'body_ratio_prev' 'SMA_10' 'EMA_10' 'CCI_10'\n 'CCI_15' 'corps_candle_prev' 'corps_sum' 'ratio_corps' 'EMA_12' 'EMA_26'\n 'upper_wick' 'lower_wick' 'same_direction' 'candle_trend' 'meche_basse'\n 'meche_haute' 'corps_candle' 'candle_range' 'direction'\n 'future_direction_2' 'RSI_Crossover_EMA' 'RSI_Crossover_SMA'\n 'RSI_Trend_Direction' 'RSI_Trend' 'RSI_EMA_14' 'RSI_EMA_7'\n 'Vol_Weighted_RSI_SMA' 'Volume_Oscillator' 'SMA_RSI' 'RSI' 'VWAP'\n 'RSI_SMA_7' 'RSI_SMA_14' 'VWMA_10' 'is_summer' 'RSI_14' 'stock_open_hour'\n 'market_open_hour' 'VWMA_20' 'Force_Index_1' 'minute' 'day_of_week'\n 'Force_Index_13' 'day' 'hour' 'year' 'month' 'timestamp'\n 'Vol_Weighted_RSI' 'Vol_Weighted_Down_Avg' 'Vol_Weighted_Up_Avg'\n 'Vol_Weighted_Down' 'Vol_Weighted_Up' 'MFI_14' 'Money_Flow_Negative'\n 'Money_Flow_Positive' 'Typical_Price_Prev' 'Raw_Money_Flow'\n 'Typical_Price' 'OBV' 'OBV_normalized' 'OBV_norm_minmax' 'OBV_SMA_short'\n 'OBV_SMA_medium' 'OBV_SMA_long' 'OBV_Trend_short' 'OBV_Trend_medium'\n 'OBV_Trend_long' 'OBV_Trend' 'ADL' 'ADL_norm' 'ADL_SMA5' 'ADL_SMA15'\n 'ADL_SMA30' 'ADL_Trend' 'Price_Trend' 'ADL_Divergence' 'PVT_change' 'PVT'\n 'PVT_norm' 'PVT_SMA10' 'PVT_SMA30' 'PVT_signal' 'PVT_cross'\n 'PVT_cross_signal' 'PVT_delta5' 'doji_type' 'doji' 'doji_strength'\n 'perfect_doji' 'doji_invalid' 'pattern_type' 'bullish_engulfing'\n 'bearish_engulfing' 'engulfing_strength' 'Keltner_Low' 'Keltner_Mid'\n 'Keltner_Width'] not found in axis"
2025-06-06 13:38:59,867 - websockets.server - INFO - server closing
2025-06-06 13:38:59,868 - websockets.server - INFO - server closed
2025-06-06 13:39:07,884 - absl - WARNING - Compiled the loaded model, but the compiled metrics have yet to be built. `model.compile_metrics` will be empty until you train or evaluate the model.
2025-06-06 13:39:08,362 - prediction_service - INFO - Modèle existant compatible avec 158 features
2025-06-06 13:39:08,362 - prediction_service - INFO - Démarrage du serveur WebSocket sur 0.0.0.0:8765
2025-06-06 13:39:08,380 - websockets.server - INFO - server listening on 0.0.0.0:8765
2025-06-06 13:39:09,207 - websockets.server - INFO - connection open
2025-06-06 13:39:09,207 - prediction_service - INFO - Nouvelle connexion WebSocket: ('127.0.0.1', 36420)
2025-06-06 13:39:09,255 - absl - WARNING - Compiled the loaded model, but the compiled metrics have yet to be built. `model.compile_metrics` will be empty until you train or evaluate the model.
2025-06-06 13:39:09,258 - prediction_service - INFO - Modèle chargé depuis ./model/best_model.h5
2025-06-06 13:39:10,551 - prediction_service - INFO - Message reçu: 5min - 50 barres
2025-06-06 13:39:10,557 - prediction_service - INFO - Données historiques mises à jour pour 5min: 50 barres du 2025-06-02 07:20:00 au 2025-06-02 11:25:00
2025-06-06 13:39:10,557 - prediction_service - WARNING - Données insuffisantes pour les timeframes suivants (au moins 14 lignes requises) : 1h, 4h, 1d
2025-06-06 13:39:10,558 - prediction_service - INFO - Message reçu: 1h - 50 barres
2025-06-06 13:39:10,561 - prediction_service - INFO - Données historiques mises à jour pour 1h: 50 barres du 2025-05-29 09:00:00 au 2025-06-02 13:00:00
2025-06-06 13:39:10,561 - prediction_service - WARNING - Données insuffisantes pour les timeframes suivants (au moins 14 lignes requises) : 4h, 1d
2025-06-06 13:39:10,561 - prediction_service - INFO - Message reçu: 4h - 50 barres
2025-06-06 13:39:10,564 - prediction_service - INFO - Données historiques mises à jour pour 4h: 50 barres du 2025-05-21 15:00:00 au 2025-06-02 11:00:00
2025-06-06 13:39:10,564 - prediction_service - WARNING - Données insuffisantes pour les timeframes suivants (au moins 14 lignes requises) : 1d
2025-06-06 13:39:10,565 - prediction_service - INFO - Message reçu: 1d - 50 barres
2025-06-06 13:39:10,567 - prediction_service - INFO - Données historiques mises à jour pour 1d: 50 barres du 2025-03-23 23:00:00 au 2025-06-01 22:00:00
2025-06-06 13:39:10,574 - prediction_service - INFO - DEBUG - Entrées dans prepare_data_for_prediction:
2025-06-06 13:39:10,574 - prediction_service - INFO -   5min: 49 lignes
2025-06-06 13:39:10,574 - prediction_service - INFO -   1h: 50 lignes
2025-06-06 13:39:10,574 - prediction_service - INFO -   4h: 50 lignes
2025-06-06 13:39:10,574 - prediction_service - INFO -   1d: 50 lignes
2025-06-06 13:39:10,574 - prediction_service - INFO - **************************************************** 1
2025-06-06 13:39:11,296 - prediction_service - ERROR - Erreur: "['FromDate' 'time_diff' 'Open' 'High' 'Low' 'Close' 'Volume' 'date'\n 'prev_date' 'Volume_SMA_5' 'Volume_SMA_10' 'Stoch_RSI' 'Keltner_High'\n 'Volume_SMA_20' 'Volume_Ratio_SMA5' 'Volume_Ratio_SMA10'\n 'Volume_Ratio_SMA20' 'SuperTrend_Trend' 'SuperTrend_Direction'\n 'Volume_Change_1' 'Volume_Change_5' 'PV_Ratio' 'PV_Change' 'ATR_14'\n 'Bollinger_High' 'Bollinger_Low' 'Bollinger_Width' 'MFM' 'MFV' 'CMF_20'\n 'CCI_5' 'MACD' 'MACD_Signal' 'body_ratio_prev' 'SMA_10' 'EMA_10' 'CCI_10'\n 'CCI_15' 'corps_candle_prev' 'corps_sum' 'ratio_corps' 'EMA_12' 'EMA_26'\n 'upper_wick' 'lower_wick' 'same_direction' 'candle_trend' 'meche_basse'\n 'meche_haute' 'corps_candle' 'candle_range' 'direction'\n 'future_direction_2' 'RSI_Crossover_EMA' 'RSI_Crossover_SMA'\n 'RSI_Trend_Direction' 'RSI_Trend' 'RSI_EMA_14' 'RSI_EMA_7'\n 'Vol_Weighted_RSI_SMA' 'Volume_Oscillator' 'SMA_RSI' 'RSI' 'VWAP'\n 'RSI_SMA_7' 'RSI_SMA_14' 'VWMA_10' 'is_summer' 'RSI_14' 'stock_open_hour'\n 'market_open_hour' 'VWMA_20' 'Force_Index_1' 'minute' 'day_of_week'\n 'Force_Index_13' 'day' 'hour' 'year' 'month' 'timestamp'\n 'Vol_Weighted_RSI' 'Vol_Weighted_Down_Avg' 'Vol_Weighted_Up_Avg'\n 'Vol_Weighted_Down' 'Vol_Weighted_Up' 'MFI_14' 'Money_Flow_Negative'\n 'Money_Flow_Positive' 'Typical_Price_Prev' 'Raw_Money_Flow'\n 'Typical_Price' 'OBV' 'OBV_normalized' 'OBV_norm_minmax' 'OBV_SMA_short'\n 'OBV_SMA_medium' 'OBV_SMA_long' 'OBV_Trend_short' 'OBV_Trend_medium'\n 'OBV_Trend_long' 'OBV_Trend' 'ADL' 'ADL_norm' 'ADL_SMA5' 'ADL_SMA15'\n 'ADL_SMA30' 'ADL_Trend' 'Price_Trend' 'ADL_Divergence' 'PVT_change' 'PVT'\n 'PVT_norm' 'PVT_SMA10' 'PVT_SMA30' 'PVT_signal' 'PVT_cross'\n 'PVT_cross_signal' 'PVT_delta5' 'doji_type' 'doji' 'doji_strength'\n 'perfect_doji' 'doji_invalid' 'pattern_type' 'bullish_engulfing'\n 'bearish_engulfing' 'engulfing_strength' 'Keltner_Low' 'Keltner_Mid'\n 'Keltner_Width'] not found in axis"
Traceback (most recent call last):
  File "/home/parrochia/go/src/github.com/trading-prediction-with-machine-learning/./src/prediction_service.py", line 178, in handle_websocket
    x = prepare_prediction_data()
  File "/home/parrochia/go/src/github.com/trading-prediction-with-machine-learning/./src/prediction_service.py", line 268, in prepare_prediction_data
    x = prepare_data_for_prediction(df_5min, df_1h, df_4h, df_1d, sequence_length=SEQUENCE_LENGTH)
  File "/home/parrochia/go/src/github.com/trading-prediction-with-machine-learning/./src/prediction_service.py", line 59, in prepare_data_for_prediction
    features_df = create_parquet(df_5min, df_1h, df_4h, df_1d)
  File "/home/parrochia/go/src/github.com/trading-prediction-with-machine-learning/src/model_trainer.py", line 2536, in create_parquet
    print(features_df.drop(['FromDate', 'time_diff', 'Open', 'High', 'Low', 'Close',  'Volume',
  File "/home/parrochia/.local/lib/python3.10/site-packages/pandas/core/frame.py", line 5581, in drop
    return super().drop(
  File "/home/parrochia/.local/lib/python3.10/site-packages/pandas/core/generic.py", line 4788, in drop
    obj = obj._drop_axis(labels, axis, level=level, errors=errors)
  File "/home/parrochia/.local/lib/python3.10/site-packages/pandas/core/generic.py", line 4859, in _drop_axis
    raise KeyError(f"{labels} not found in axis")
KeyError: "['FromDate' 'time_diff' 'Open' 'High' 'Low' 'Close' 'Volume' 'date'\n 'prev_date' 'Volume_SMA_5' 'Volume_SMA_10' 'Stoch_RSI' 'Keltner_High'\n 'Volume_SMA_20' 'Volume_Ratio_SMA5' 'Volume_Ratio_SMA10'\n 'Volume_Ratio_SMA20' 'SuperTrend_Trend' 'SuperTrend_Direction'\n 'Volume_Change_1' 'Volume_Change_5' 'PV_Ratio' 'PV_Change' 'ATR_14'\n 'Bollinger_High' 'Bollinger_Low' 'Bollinger_Width' 'MFM' 'MFV' 'CMF_20'\n 'CCI_5' 'MACD' 'MACD_Signal' 'body_ratio_prev' 'SMA_10' 'EMA_10' 'CCI_10'\n 'CCI_15' 'corps_candle_prev' 'corps_sum' 'ratio_corps' 'EMA_12' 'EMA_26'\n 'upper_wick' 'lower_wick' 'same_direction' 'candle_trend' 'meche_basse'\n 'meche_haute' 'corps_candle' 'candle_range' 'direction'\n 'future_direction_2' 'RSI_Crossover_EMA' 'RSI_Crossover_SMA'\n 'RSI_Trend_Direction' 'RSI_Trend' 'RSI_EMA_14' 'RSI_EMA_7'\n 'Vol_Weighted_RSI_SMA' 'Volume_Oscillator' 'SMA_RSI' 'RSI' 'VWAP'\n 'RSI_SMA_7' 'RSI_SMA_14' 'VWMA_10' 'is_summer' 'RSI_14' 'stock_open_hour'\n 'market_open_hour' 'VWMA_20' 'Force_Index_1' 'minute' 'day_of_week'\n 'Force_Index_13' 'day' 'hour' 'year' 'month' 'timestamp'\n 'Vol_Weighted_RSI' 'Vol_Weighted_Down_Avg' 'Vol_Weighted_Up_Avg'\n 'Vol_Weighted_Down' 'Vol_Weighted_Up' 'MFI_14' 'Money_Flow_Negative'\n 'Money_Flow_Positive' 'Typical_Price_Prev' 'Raw_Money_Flow'\n 'Typical_Price' 'OBV' 'OBV_normalized' 'OBV_norm_minmax' 'OBV_SMA_short'\n 'OBV_SMA_medium' 'OBV_SMA_long' 'OBV_Trend_short' 'OBV_Trend_medium'\n 'OBV_Trend_long' 'OBV_Trend' 'ADL' 'ADL_norm' 'ADL_SMA5' 'ADL_SMA15'\n 'ADL_SMA30' 'ADL_Trend' 'Price_Trend' 'ADL_Divergence' 'PVT_change' 'PVT'\n 'PVT_norm' 'PVT_SMA10' 'PVT_SMA30' 'PVT_signal' 'PVT_cross'\n 'PVT_cross_signal' 'PVT_delta5' 'doji_type' 'doji' 'doji_strength'\n 'perfect_doji' 'doji_invalid' 'pattern_type' 'bullish_engulfing'\n 'bearish_engulfing' 'engulfing_strength' 'Keltner_Low' 'Keltner_Mid'\n 'Keltner_Width'] not found in axis"
2025-06-06 13:40:02,513 - websockets.server - INFO - server closing
2025-06-06 13:40:02,514 - websockets.server - INFO - server closed
2025-06-06 13:40:06,826 - absl - WARNING - Compiled the loaded model, but the compiled metrics have yet to be built. `model.compile_metrics` will be empty until you train or evaluate the model.
2025-06-06 13:40:07,364 - prediction_service - INFO - Modèle existant compatible avec 158 features
2025-06-06 13:40:07,365 - prediction_service - INFO - Démarrage du serveur WebSocket sur 0.0.0.0:8765
2025-06-06 13:40:07,381 - websockets.server - INFO - server listening on 0.0.0.0:8765
2025-06-06 13:40:09,933 - websockets.server - INFO - connection open
2025-06-06 13:40:09,934 - prediction_service - INFO - Nouvelle connexion WebSocket: ('127.0.0.1', 37640)
2025-06-06 13:40:09,998 - absl - WARNING - Compiled the loaded model, but the compiled metrics have yet to be built. `model.compile_metrics` will be empty until you train or evaluate the model.
2025-06-06 13:40:10,002 - prediction_service - INFO - Modèle chargé depuis ./model/best_model.h5
2025-06-06 13:40:13,007 - prediction_service - INFO - Message reçu: 5min - 50 barres
2025-06-06 13:40:13,013 - prediction_service - INFO - Données historiques mises à jour pour 5min: 50 barres du 2025-06-02 07:20:00 au 2025-06-02 11:25:00
2025-06-06 13:40:13,014 - prediction_service - WARNING - Données insuffisantes pour les timeframes suivants (au moins 14 lignes requises) : 1h, 4h, 1d
2025-06-06 13:40:13,017 - prediction_service - INFO - Message reçu: 1h - 50 barres
2025-06-06 13:40:13,020 - prediction_service - INFO - Données historiques mises à jour pour 1h: 50 barres du 2025-05-29 09:00:00 au 2025-06-02 13:00:00
2025-06-06 13:40:13,021 - prediction_service - WARNING - Données insuffisantes pour les timeframes suivants (au moins 14 lignes requises) : 4h, 1d
2025-06-06 13:40:13,022 - prediction_service - INFO - Message reçu: 4h - 50 barres
2025-06-06 13:40:13,025 - prediction_service - INFO - Données historiques mises à jour pour 4h: 50 barres du 2025-05-21 15:00:00 au 2025-06-02 11:00:00
2025-06-06 13:40:13,025 - prediction_service - WARNING - Données insuffisantes pour les timeframes suivants (au moins 14 lignes requises) : 1d
2025-06-06 13:40:13,026 - prediction_service - INFO - Message reçu: 1d - 50 barres
2025-06-06 13:40:13,029 - prediction_service - INFO - Données historiques mises à jour pour 1d: 50 barres du 2025-03-23 23:00:00 au 2025-06-01 22:00:00
2025-06-06 13:40:13,038 - prediction_service - INFO - DEBUG - Entrées dans prepare_data_for_prediction:
2025-06-06 13:40:13,039 - prediction_service - INFO -   5min: 49 lignes
2025-06-06 13:40:13,039 - prediction_service - INFO -   1h: 50 lignes
2025-06-06 13:40:13,040 - prediction_service - INFO -   4h: 50 lignes
2025-06-06 13:40:13,040 - prediction_service - INFO -   1d: 50 lignes
2025-06-06 13:40:13,040 - prediction_service - INFO - **************************************************** 1
2025-06-06 13:40:13,761 - prediction_service - ERROR - Erreur: "['FromDate' 'time_diff' 'Open' 'High' 'Low' 'Close' 'Volume' 'date'\n 'prev_date' 'Volume_SMA_5' 'Volume_SMA_10' 'Stoch_RSI' 'Keltner_High'\n 'Volume_SMA_20' 'Volume_Ratio_SMA5' 'Volume_Ratio_SMA10'\n 'Volume_Ratio_SMA20' 'SuperTrend_Trend' 'SuperTrend_Direction'\n 'Volume_Change_1' 'Volume_Change_5' 'PV_Ratio' 'PV_Change' 'ATR_14'\n 'Bollinger_High' 'Bollinger_Low' 'Bollinger_Width' 'MFM' 'MFV' 'CMF_20'\n 'CCI_5' 'MACD' 'MACD_Signal' 'body_ratio_prev' 'SMA_10' 'EMA_10' 'CCI_10'\n 'CCI_15' 'corps_candle_prev' 'corps_sum' 'ratio_corps' 'EMA_12' 'EMA_26'\n 'upper_wick' 'lower_wick' 'same_direction' 'candle_trend' 'meche_basse'\n 'meche_haute' 'corps_candle' 'candle_range' 'direction'\n 'future_direction_2' 'RSI_Crossover_EMA' 'RSI_Crossover_SMA'\n 'RSI_Trend_Direction' 'RSI_Trend' 'RSI_EMA_14' 'RSI_EMA_7'\n 'Vol_Weighted_RSI_SMA' 'Volume_Oscillator' 'SMA_RSI' 'RSI' 'VWAP'\n 'RSI_SMA_7' 'RSI_SMA_14' 'VWMA_10' 'is_summer' 'RSI_14' 'stock_open_hour'\n 'market_open_hour' 'VWMA_20' 'Force_Index_1' 'minute' 'day_of_week'\n 'Force_Index_13' 'day' 'hour' 'year' 'month' 'timestamp'\n 'Vol_Weighted_RSI' 'Vol_Weighted_Down_Avg' 'Vol_Weighted_Up_Avg'\n 'Vol_Weighted_Down' 'Vol_Weighted_Up' 'MFI_14' 'Money_Flow_Negative'\n 'Money_Flow_Positive' 'Typical_Price_Prev' 'Raw_Money_Flow'\n 'Typical_Price' 'OBV' 'OBV_normalized' 'OBV_norm_minmax' 'OBV_SMA_short'\n 'OBV_SMA_medium' 'OBV_SMA_long' 'OBV_Trend_short' 'OBV_Trend_medium'\n 'OBV_Trend_long' 'OBV_Trend' 'ADL' 'ADL_norm' 'ADL_SMA5' 'ADL_SMA15'\n 'ADL_SMA30' 'ADL_Trend' 'Price_Trend' 'ADL_Divergence' 'PVT_change' 'PVT'\n 'PVT_norm' 'PVT_SMA10' 'PVT_SMA30' 'PVT_signal' 'PVT_cross'\n 'PVT_cross_signal' 'PVT_delta5' 'doji_type' 'doji' 'doji_strength'\n 'perfect_doji' 'doji_invalid' 'pattern_type' 'bullish_engulfing'\n 'bearish_engulfing' 'engulfing_strength' 'Keltner_Low' 'Keltner_Mid'\n 'Keltner_Width'] not found in axis"
Traceback (most recent call last):
  File "/home/parrochia/go/src/github.com/trading-prediction-with-machine-learning/./src/prediction_service.py", line 178, in handle_websocket
    x = prepare_prediction_data()
  File "/home/parrochia/go/src/github.com/trading-prediction-with-machine-learning/./src/prediction_service.py", line 268, in prepare_prediction_data
    x = prepare_data_for_prediction(df_5min, df_1h, df_4h, df_1d, sequence_length=SEQUENCE_LENGTH)
  File "/home/parrochia/go/src/github.com/trading-prediction-with-machine-learning/./src/prediction_service.py", line 59, in prepare_data_for_prediction
    features_df = create_parquet(df_5min, df_1h, df_4h, df_1d)
  File "/home/parrochia/go/src/github.com/trading-prediction-with-machine-learning/src/model_trainer.py", line 2536, in create_parquet
    print(features_df.drop(['FromDate', 'time_diff', 'Open', 'High', 'Low', 'Close',  'Volume',
  File "/home/parrochia/.local/lib/python3.10/site-packages/pandas/core/frame.py", line 5581, in drop
    return super().drop(
  File "/home/parrochia/.local/lib/python3.10/site-packages/pandas/core/generic.py", line 4788, in drop
    obj = obj._drop_axis(labels, axis, level=level, errors=errors)
  File "/home/parrochia/.local/lib/python3.10/site-packages/pandas/core/generic.py", line 4859, in _drop_axis
    raise KeyError(f"{labels} not found in axis")
KeyError: "['FromDate' 'time_diff' 'Open' 'High' 'Low' 'Close' 'Volume' 'date'\n 'prev_date' 'Volume_SMA_5' 'Volume_SMA_10' 'Stoch_RSI' 'Keltner_High'\n 'Volume_SMA_20' 'Volume_Ratio_SMA5' 'Volume_Ratio_SMA10'\n 'Volume_Ratio_SMA20' 'SuperTrend_Trend' 'SuperTrend_Direction'\n 'Volume_Change_1' 'Volume_Change_5' 'PV_Ratio' 'PV_Change' 'ATR_14'\n 'Bollinger_High' 'Bollinger_Low' 'Bollinger_Width' 'MFM' 'MFV' 'CMF_20'\n 'CCI_5' 'MACD' 'MACD_Signal' 'body_ratio_prev' 'SMA_10' 'EMA_10' 'CCI_10'\n 'CCI_15' 'corps_candle_prev' 'corps_sum' 'ratio_corps' 'EMA_12' 'EMA_26'\n 'upper_wick' 'lower_wick' 'same_direction' 'candle_trend' 'meche_basse'\n 'meche_haute' 'corps_candle' 'candle_range' 'direction'\n 'future_direction_2' 'RSI_Crossover_EMA' 'RSI_Crossover_SMA'\n 'RSI_Trend_Direction' 'RSI_Trend' 'RSI_EMA_14' 'RSI_EMA_7'\n 'Vol_Weighted_RSI_SMA' 'Volume_Oscillator' 'SMA_RSI' 'RSI' 'VWAP'\n 'RSI_SMA_7' 'RSI_SMA_14' 'VWMA_10' 'is_summer' 'RSI_14' 'stock_open_hour'\n 'market_open_hour' 'VWMA_20' 'Force_Index_1' 'minute' 'day_of_week'\n 'Force_Index_13' 'day' 'hour' 'year' 'month' 'timestamp'\n 'Vol_Weighted_RSI' 'Vol_Weighted_Down_Avg' 'Vol_Weighted_Up_Avg'\n 'Vol_Weighted_Down' 'Vol_Weighted_Up' 'MFI_14' 'Money_Flow_Negative'\n 'Money_Flow_Positive' 'Typical_Price_Prev' 'Raw_Money_Flow'\n 'Typical_Price' 'OBV' 'OBV_normalized' 'OBV_norm_minmax' 'OBV_SMA_short'\n 'OBV_SMA_medium' 'OBV_SMA_long' 'OBV_Trend_short' 'OBV_Trend_medium'\n 'OBV_Trend_long' 'OBV_Trend' 'ADL' 'ADL_norm' 'ADL_SMA5' 'ADL_SMA15'\n 'ADL_SMA30' 'ADL_Trend' 'Price_Trend' 'ADL_Divergence' 'PVT_change' 'PVT'\n 'PVT_norm' 'PVT_SMA10' 'PVT_SMA30' 'PVT_signal' 'PVT_cross'\n 'PVT_cross_signal' 'PVT_delta5' 'doji_type' 'doji' 'doji_strength'\n 'perfect_doji' 'doji_invalid' 'pattern_type' 'bullish_engulfing'\n 'bearish_engulfing' 'engulfing_strength' 'Keltner_Low' 'Keltner_Mid'\n 'Keltner_Width'] not found in axis"
2025-06-06 13:41:36,108 - websockets.server - INFO - server closing
2025-06-06 13:41:36,108 - websockets.server - INFO - server closed
2025-06-06 13:41:45,106 - absl - WARNING - Compiled the loaded model, but the compiled metrics have yet to be built. `model.compile_metrics` will be empty until you train or evaluate the model.
2025-06-06 13:41:45,462 - prediction_service - INFO - Modèle existant compatible avec 158 features
2025-06-06 13:41:45,463 - prediction_service - INFO - Démarrage du serveur WebSocket sur 0.0.0.0:8765
2025-06-06 13:41:45,470 - websockets.server - INFO - server listening on 0.0.0.0:8765
2025-06-06 13:41:45,595 - websockets.server - INFO - connection open
2025-06-06 13:41:45,595 - prediction_service - INFO - Nouvelle connexion WebSocket: ('127.0.0.1', 34130)
2025-06-06 13:41:45,635 - absl - WARNING - Compiled the loaded model, but the compiled metrics have yet to be built. `model.compile_metrics` will be empty until you train or evaluate the model.
2025-06-06 13:41:45,637 - prediction_service - INFO - Modèle chargé depuis ./model/best_model.h5
2025-06-06 13:41:48,896 - prediction_service - INFO - Message reçu: 5min - 50 barres
2025-06-06 13:41:48,903 - prediction_service - INFO - Données historiques mises à jour pour 5min: 50 barres du 2025-06-02 07:20:00 au 2025-06-02 11:25:00
2025-06-06 13:41:48,903 - prediction_service - WARNING - Données insuffisantes pour les timeframes suivants (au moins 14 lignes requises) : 1h, 4h, 1d
2025-06-06 13:41:48,904 - prediction_service - INFO - Message reçu: 1h - 50 barres
2025-06-06 13:41:48,906 - prediction_service - INFO - Données historiques mises à jour pour 1h: 50 barres du 2025-05-29 09:00:00 au 2025-06-02 13:00:00
2025-06-06 13:41:48,907 - prediction_service - WARNING - Données insuffisantes pour les timeframes suivants (au moins 14 lignes requises) : 4h, 1d
2025-06-06 13:41:48,907 - prediction_service - INFO - Message reçu: 4h - 50 barres
2025-06-06 13:41:48,910 - prediction_service - INFO - Données historiques mises à jour pour 4h: 50 barres du 2025-05-21 15:00:00 au 2025-06-02 11:00:00
2025-06-06 13:41:48,910 - prediction_service - WARNING - Données insuffisantes pour les timeframes suivants (au moins 14 lignes requises) : 1d
2025-06-06 13:41:48,910 - prediction_service - INFO - Message reçu: 1d - 50 barres
2025-06-06 13:41:48,913 - prediction_service - INFO - Données historiques mises à jour pour 1d: 50 barres du 2025-03-23 23:00:00 au 2025-06-01 22:00:00
2025-06-06 13:41:48,918 - prediction_service - INFO - DEBUG - Entrées dans prepare_data_for_prediction:
2025-06-06 13:41:48,918 - prediction_service - INFO -   5min: 49 lignes
2025-06-06 13:41:48,918 - prediction_service - INFO -   1h: 50 lignes
2025-06-06 13:41:48,918 - prediction_service - INFO -   4h: 50 lignes
2025-06-06 13:41:48,918 - prediction_service - INFO -   1d: 50 lignes
2025-06-06 13:41:48,918 - prediction_service - INFO - **************************************************** 1
2025-06-06 13:41:49,419 - prediction_service - ERROR - Erreur: "['FromDate' 'time_diff' 'Open' 'High' 'Low' 'Close' 'Volume' 'date'\n 'prev_date' 'Volume_SMA_5' 'Volume_SMA_10' 'Stoch_RSI' 'Keltner_High'\n 'Volume_SMA_20' 'Volume_Ratio_SMA5' 'Volume_Ratio_SMA10'\n 'Volume_Ratio_SMA20' 'SuperTrend_Trend' 'SuperTrend_Direction'\n 'Volume_Change_1' 'Volume_Change_5' 'PV_Ratio' 'PV_Change' 'ATR_14'\n 'Bollinger_High' 'Bollinger_Low' 'Bollinger_Width' 'MFM' 'MFV' 'CMF_20'\n 'CCI_5' 'MACD' 'MACD_Signal' 'body_ratio_prev' 'SMA_10' 'EMA_10' 'CCI_10'\n 'CCI_15' 'corps_candle_prev' 'corps_sum' 'ratio_corps' 'EMA_12' 'EMA_26'\n 'upper_wick' 'lower_wick' 'same_direction' 'candle_trend' 'meche_basse'\n 'meche_haute' 'corps_candle' 'candle_range' 'direction'\n 'future_direction_2' 'RSI_Crossover_EMA' 'RSI_Crossover_SMA'\n 'RSI_Trend_Direction' 'RSI_Trend' 'RSI_EMA_14' 'RSI_EMA_7'\n 'Vol_Weighted_RSI_SMA' 'Volume_Oscillator' 'SMA_RSI' 'RSI' 'VWAP'\n 'RSI_SMA_7' 'RSI_SMA_14' 'VWMA_10' 'is_summer' 'RSI_14' 'stock_open_hour'\n 'market_open_hour' 'VWMA_20' 'Force_Index_1' 'minute' 'day_of_week'\n 'Force_Index_13' 'day' 'hour' 'year' 'month' 'timestamp'\n 'Vol_Weighted_RSI' 'Vol_Weighted_Down_Avg' 'Vol_Weighted_Up_Avg'\n 'Vol_Weighted_Down' 'Vol_Weighted_Up' 'MFI_14' 'Money_Flow_Negative'\n 'Money_Flow_Positive' 'Typical_Price_Prev' 'Raw_Money_Flow'\n 'Typical_Price' 'OBV' 'OBV_normalized' 'OBV_norm_minmax' 'OBV_SMA_short'\n 'OBV_SMA_medium' 'OBV_SMA_long' 'OBV_Trend_short' 'OBV_Trend_medium'\n 'OBV_Trend_long' 'OBV_Trend' 'ADL' 'ADL_norm' 'ADL_SMA5' 'ADL_SMA15'\n 'ADL_SMA30' 'ADL_Trend' 'Price_Trend' 'ADL_Divergence' 'PVT_change' 'PVT'\n 'PVT_norm' 'PVT_SMA10' 'PVT_SMA30' 'PVT_signal' 'PVT_cross'\n 'PVT_cross_signal' 'PVT_delta5' 'doji_type' 'doji' 'doji_strength'\n 'perfect_doji' 'doji_invalid' 'pattern_type' 'bullish_engulfing'\n 'bearish_engulfing' 'engulfing_strength' 'Keltner_Low' 'Keltner_Mid'\n 'Keltner_Width'] not found in axis"
Traceback (most recent call last):
  File "/home/parrochia/go/src/github.com/trading-prediction-with-machine-learning/./src/prediction_service.py", line 178, in handle_websocket
    x = prepare_prediction_data()
  File "/home/parrochia/go/src/github.com/trading-prediction-with-machine-learning/./src/prediction_service.py", line 268, in prepare_prediction_data
    x = prepare_data_for_prediction(df_5min, df_1h, df_4h, df_1d, sequence_length=SEQUENCE_LENGTH)
  File "/home/parrochia/go/src/github.com/trading-prediction-with-machine-learning/./src/prediction_service.py", line 59, in prepare_data_for_prediction
    features_df = create_parquet(df_5min, df_1h, df_4h, df_1d)
  File "/home/parrochia/go/src/github.com/trading-prediction-with-machine-learning/src/model_trainer.py", line 2537, in create_parquet
    print(features_df.drop(['FromDate', 'time_diff', 'Open', 'High', 'Low', 'Close',  'Volume',
  File "/home/parrochia/.local/lib/python3.10/site-packages/pandas/core/frame.py", line 5581, in drop
    return super().drop(
  File "/home/parrochia/.local/lib/python3.10/site-packages/pandas/core/generic.py", line 4788, in drop
    obj = obj._drop_axis(labels, axis, level=level, errors=errors)
  File "/home/parrochia/.local/lib/python3.10/site-packages/pandas/core/generic.py", line 4859, in _drop_axis
    raise KeyError(f"{labels} not found in axis")
KeyError: "['FromDate' 'time_diff' 'Open' 'High' 'Low' 'Close' 'Volume' 'date'\n 'prev_date' 'Volume_SMA_5' 'Volume_SMA_10' 'Stoch_RSI' 'Keltner_High'\n 'Volume_SMA_20' 'Volume_Ratio_SMA5' 'Volume_Ratio_SMA10'\n 'Volume_Ratio_SMA20' 'SuperTrend_Trend' 'SuperTrend_Direction'\n 'Volume_Change_1' 'Volume_Change_5' 'PV_Ratio' 'PV_Change' 'ATR_14'\n 'Bollinger_High' 'Bollinger_Low' 'Bollinger_Width' 'MFM' 'MFV' 'CMF_20'\n 'CCI_5' 'MACD' 'MACD_Signal' 'body_ratio_prev' 'SMA_10' 'EMA_10' 'CCI_10'\n 'CCI_15' 'corps_candle_prev' 'corps_sum' 'ratio_corps' 'EMA_12' 'EMA_26'\n 'upper_wick' 'lower_wick' 'same_direction' 'candle_trend' 'meche_basse'\n 'meche_haute' 'corps_candle' 'candle_range' 'direction'\n 'future_direction_2' 'RSI_Crossover_EMA' 'RSI_Crossover_SMA'\n 'RSI_Trend_Direction' 'RSI_Trend' 'RSI_EMA_14' 'RSI_EMA_7'\n 'Vol_Weighted_RSI_SMA' 'Volume_Oscillator' 'SMA_RSI' 'RSI' 'VWAP'\n 'RSI_SMA_7' 'RSI_SMA_14' 'VWMA_10' 'is_summer' 'RSI_14' 'stock_open_hour'\n 'market_open_hour' 'VWMA_20' 'Force_Index_1' 'minute' 'day_of_week'\n 'Force_Index_13' 'day' 'hour' 'year' 'month' 'timestamp'\n 'Vol_Weighted_RSI' 'Vol_Weighted_Down_Avg' 'Vol_Weighted_Up_Avg'\n 'Vol_Weighted_Down' 'Vol_Weighted_Up' 'MFI_14' 'Money_Flow_Negative'\n 'Money_Flow_Positive' 'Typical_Price_Prev' 'Raw_Money_Flow'\n 'Typical_Price' 'OBV' 'OBV_normalized' 'OBV_norm_minmax' 'OBV_SMA_short'\n 'OBV_SMA_medium' 'OBV_SMA_long' 'OBV_Trend_short' 'OBV_Trend_medium'\n 'OBV_Trend_long' 'OBV_Trend' 'ADL' 'ADL_norm' 'ADL_SMA5' 'ADL_SMA15'\n 'ADL_SMA30' 'ADL_Trend' 'Price_Trend' 'ADL_Divergence' 'PVT_change' 'PVT'\n 'PVT_norm' 'PVT_SMA10' 'PVT_SMA30' 'PVT_signal' 'PVT_cross'\n 'PVT_cross_signal' 'PVT_delta5' 'doji_type' 'doji' 'doji_strength'\n 'perfect_doji' 'doji_invalid' 'pattern_type' 'bullish_engulfing'\n 'bearish_engulfing' 'engulfing_strength' 'Keltner_Low' 'Keltner_Mid'\n 'Keltner_Width'] not found in axis"
2025-06-06 13:42:59,405 - websockets.server - INFO - server closing
2025-06-06 13:42:59,405 - websockets.server - INFO - server closed
2025-06-06 13:43:09,014 - absl - WARNING - Compiled the loaded model, but the compiled metrics have yet to be built. `model.compile_metrics` will be empty until you train or evaluate the model.
2025-06-06 13:43:09,730 - prediction_service - INFO - Modèle existant compatible avec 158 features
2025-06-06 13:43:09,730 - prediction_service - INFO - Démarrage du serveur WebSocket sur 0.0.0.0:8765
2025-06-06 13:43:09,743 - websockets.server - INFO - server listening on 0.0.0.0:8765
2025-06-06 13:43:10,058 - websockets.server - INFO - connection open
2025-06-06 13:43:10,058 - prediction_service - INFO - Nouvelle connexion WebSocket: ('127.0.0.1', 54552)
2025-06-06 13:43:10,117 - absl - WARNING - Compiled the loaded model, but the compiled metrics have yet to be built. `model.compile_metrics` will be empty until you train or evaluate the model.
2025-06-06 13:43:10,121 - prediction_service - INFO - Modèle chargé depuis ./model/best_model.h5
2025-06-06 13:43:11,080 - prediction_service - INFO - Message reçu: 5min - 50 barres
2025-06-06 13:43:11,086 - prediction_service - INFO - Données historiques mises à jour pour 5min: 50 barres du 2025-06-02 07:20:00 au 2025-06-02 11:25:00
2025-06-06 13:43:11,086 - prediction_service - WARNING - Données insuffisantes pour les timeframes suivants (au moins 14 lignes requises) : 1h, 4h, 1d
2025-06-06 13:43:11,087 - prediction_service - INFO - Message reçu: 1h - 50 barres
2025-06-06 13:43:11,089 - prediction_service - INFO - Données historiques mises à jour pour 1h: 50 barres du 2025-05-29 09:00:00 au 2025-06-02 13:00:00
2025-06-06 13:43:11,090 - prediction_service - WARNING - Données insuffisantes pour les timeframes suivants (au moins 14 lignes requises) : 4h, 1d
2025-06-06 13:43:11,090 - prediction_service - INFO - Message reçu: 4h - 50 barres
2025-06-06 13:43:11,094 - prediction_service - INFO - Données historiques mises à jour pour 4h: 50 barres du 2025-05-21 15:00:00 au 2025-06-02 11:00:00
2025-06-06 13:43:11,094 - prediction_service - WARNING - Données insuffisantes pour les timeframes suivants (au moins 14 lignes requises) : 1d
2025-06-06 13:43:11,095 - prediction_service - INFO - Message reçu: 1d - 50 barres
2025-06-06 13:43:11,100 - prediction_service - INFO - Données historiques mises à jour pour 1d: 50 barres du 2025-03-23 23:00:00 au 2025-06-01 22:00:00
2025-06-06 13:43:11,107 - prediction_service - INFO - DEBUG - Entrées dans prepare_data_for_prediction:
2025-06-06 13:43:11,107 - prediction_service - INFO -   5min: 49 lignes
2025-06-06 13:43:11,107 - prediction_service - INFO -   1h: 50 lignes
2025-06-06 13:43:11,107 - prediction_service - INFO -   4h: 50 lignes
2025-06-06 13:43:11,107 - prediction_service - INFO -   1d: 50 lignes
2025-06-06 13:43:11,107 - prediction_service - INFO - **************************************************** 1
2025-06-06 13:43:11,696 - prediction_service - ERROR - Erreur: "['FromDate' 'time_diff' 'Open' 'High' 'Low' 'Close' 'Volume' 'date'\n 'prev_date' 'Volume_SMA_5' 'Volume_SMA_10' 'Stoch_RSI' 'Keltner_High'\n 'Volume_SMA_20' 'Volume_Ratio_SMA5' 'Volume_Ratio_SMA10'\n 'Volume_Ratio_SMA20' 'SuperTrend_Trend' 'SuperTrend_Direction'\n 'Volume_Change_1' 'Volume_Change_5' 'PV_Ratio' 'PV_Change' 'ATR_14'\n 'Bollinger_High' 'Bollinger_Low' 'Bollinger_Width' 'MFM' 'MFV' 'CMF_20'\n 'CCI_5' 'MACD' 'MACD_Signal' 'body_ratio_prev' 'SMA_10' 'EMA_10' 'CCI_10'\n 'CCI_15' 'corps_candle_prev' 'corps_sum' 'ratio_corps' 'EMA_12' 'EMA_26'\n 'upper_wick' 'lower_wick' 'same_direction' 'candle_trend' 'meche_basse'\n 'meche_haute' 'corps_candle' 'candle_range' 'direction'\n 'future_direction_2' 'RSI_Crossover_EMA' 'RSI_Crossover_SMA'\n 'RSI_Trend_Direction' 'RSI_Trend' 'RSI_EMA_14' 'RSI_EMA_7'\n 'Vol_Weighted_RSI_SMA' 'Volume_Oscillator' 'SMA_RSI' 'RSI' 'VWAP'\n 'RSI_SMA_7' 'RSI_SMA_14' 'VWMA_10' 'is_summer' 'RSI_14' 'stock_open_hour'\n 'market_open_hour' 'VWMA_20' 'Force_Index_1' 'minute' 'day_of_week'\n 'Force_Index_13' 'day' 'hour' 'year' 'month' 'timestamp'\n 'Vol_Weighted_RSI' 'Vol_Weighted_Down_Avg' 'Vol_Weighted_Up_Avg'\n 'Vol_Weighted_Down' 'Vol_Weighted_Up' 'MFI_14' 'Money_Flow_Negative'\n 'Money_Flow_Positive' 'Typical_Price_Prev' 'Raw_Money_Flow'\n 'Typical_Price' 'OBV' 'OBV_normalized' 'OBV_norm_minmax' 'OBV_SMA_short'\n 'OBV_SMA_medium' 'OBV_SMA_long' 'OBV_Trend_short' 'OBV_Trend_medium'\n 'OBV_Trend_long' 'OBV_Trend' 'ADL' 'ADL_norm' 'ADL_SMA5' 'ADL_SMA15'\n 'ADL_SMA30' 'ADL_Trend' 'Price_Trend' 'ADL_Divergence' 'PVT_change' 'PVT'\n 'PVT_norm' 'PVT_SMA10' 'PVT_SMA30' 'PVT_signal' 'PVT_cross'\n 'PVT_cross_signal' 'PVT_delta5' 'doji_type' 'doji' 'doji_strength'\n 'perfect_doji' 'doji_invalid' 'pattern_type' 'bullish_engulfing'\n 'bearish_engulfing' 'engulfing_strength' 'Keltner_Low' 'Keltner_Mid'\n 'Keltner_Width'] not found in axis"
Traceback (most recent call last):
  File "/home/parrochia/go/src/github.com/trading-prediction-with-machine-learning/./src/prediction_service.py", line 178, in handle_websocket
    x = prepare_prediction_data()
  File "/home/parrochia/go/src/github.com/trading-prediction-with-machine-learning/./src/prediction_service.py", line 268, in prepare_prediction_data
    x = prepare_data_for_prediction(df_5min, df_1h, df_4h, df_1d, sequence_length=SEQUENCE_LENGTH)
  File "/home/parrochia/go/src/github.com/trading-prediction-with-machine-learning/./src/prediction_service.py", line 59, in prepare_data_for_prediction
    features_df = create_parquet(df_5min, df_1h, df_4h, df_1d)
  File "/home/parrochia/go/src/github.com/trading-prediction-with-machine-learning/src/model_trainer.py", line 2537, in create_parquet
    print(features_df.drop(['FromDate', 'time_diff', 'Open', 'High', 'Low', 'Close',  'Volume',
  File "/home/parrochia/.local/lib/python3.10/site-packages/pandas/core/frame.py", line 5581, in drop
    return super().drop(
  File "/home/parrochia/.local/lib/python3.10/site-packages/pandas/core/generic.py", line 4788, in drop
    obj = obj._drop_axis(labels, axis, level=level, errors=errors)
  File "/home/parrochia/.local/lib/python3.10/site-packages/pandas/core/generic.py", line 4859, in _drop_axis
    raise KeyError(f"{labels} not found in axis")
KeyError: "['FromDate' 'time_diff' 'Open' 'High' 'Low' 'Close' 'Volume' 'date'\n 'prev_date' 'Volume_SMA_5' 'Volume_SMA_10' 'Stoch_RSI' 'Keltner_High'\n 'Volume_SMA_20' 'Volume_Ratio_SMA5' 'Volume_Ratio_SMA10'\n 'Volume_Ratio_SMA20' 'SuperTrend_Trend' 'SuperTrend_Direction'\n 'Volume_Change_1' 'Volume_Change_5' 'PV_Ratio' 'PV_Change' 'ATR_14'\n 'Bollinger_High' 'Bollinger_Low' 'Bollinger_Width' 'MFM' 'MFV' 'CMF_20'\n 'CCI_5' 'MACD' 'MACD_Signal' 'body_ratio_prev' 'SMA_10' 'EMA_10' 'CCI_10'\n 'CCI_15' 'corps_candle_prev' 'corps_sum' 'ratio_corps' 'EMA_12' 'EMA_26'\n 'upper_wick' 'lower_wick' 'same_direction' 'candle_trend' 'meche_basse'\n 'meche_haute' 'corps_candle' 'candle_range' 'direction'\n 'future_direction_2' 'RSI_Crossover_EMA' 'RSI_Crossover_SMA'\n 'RSI_Trend_Direction' 'RSI_Trend' 'RSI_EMA_14' 'RSI_EMA_7'\n 'Vol_Weighted_RSI_SMA' 'Volume_Oscillator' 'SMA_RSI' 'RSI' 'VWAP'\n 'RSI_SMA_7' 'RSI_SMA_14' 'VWMA_10' 'is_summer' 'RSI_14' 'stock_open_hour'\n 'market_open_hour' 'VWMA_20' 'Force_Index_1' 'minute' 'day_of_week'\n 'Force_Index_13' 'day' 'hour' 'year' 'month' 'timestamp'\n 'Vol_Weighted_RSI' 'Vol_Weighted_Down_Avg' 'Vol_Weighted_Up_Avg'\n 'Vol_Weighted_Down' 'Vol_Weighted_Up' 'MFI_14' 'Money_Flow_Negative'\n 'Money_Flow_Positive' 'Typical_Price_Prev' 'Raw_Money_Flow'\n 'Typical_Price' 'OBV' 'OBV_normalized' 'OBV_norm_minmax' 'OBV_SMA_short'\n 'OBV_SMA_medium' 'OBV_SMA_long' 'OBV_Trend_short' 'OBV_Trend_medium'\n 'OBV_Trend_long' 'OBV_Trend' 'ADL' 'ADL_norm' 'ADL_SMA5' 'ADL_SMA15'\n 'ADL_SMA30' 'ADL_Trend' 'Price_Trend' 'ADL_Divergence' 'PVT_change' 'PVT'\n 'PVT_norm' 'PVT_SMA10' 'PVT_SMA30' 'PVT_signal' 'PVT_cross'\n 'PVT_cross_signal' 'PVT_delta5' 'doji_type' 'doji' 'doji_strength'\n 'perfect_doji' 'doji_invalid' 'pattern_type' 'bullish_engulfing'\n 'bearish_engulfing' 'engulfing_strength' 'Keltner_Low' 'Keltner_Mid'\n 'Keltner_Width'] not found in axis"
2025-06-06 13:44:17,980 - websockets.server - INFO - server closing
2025-06-06 13:44:17,981 - websockets.server - INFO - server closed
2025-06-06 13:44:24,308 - absl - WARNING - Compiled the loaded model, but the compiled metrics have yet to be built. `model.compile_metrics` will be empty until you train or evaluate the model.
2025-06-06 13:44:24,625 - prediction_service - INFO - Modèle existant compatible avec 158 features
2025-06-06 13:44:24,625 - prediction_service - INFO - Démarrage du serveur WebSocket sur 0.0.0.0:8765
2025-06-06 13:44:24,635 - websockets.server - INFO - server listening on 0.0.0.0:8765
2025-06-06 13:44:25,871 - websockets.server - INFO - connection open
2025-06-06 13:44:25,873 - prediction_service - INFO - Nouvelle connexion WebSocket: ('127.0.0.1', 51588)
2025-06-06 13:44:25,917 - absl - WARNING - Compiled the loaded model, but the compiled metrics have yet to be built. `model.compile_metrics` will be empty until you train or evaluate the model.
2025-06-06 13:44:25,920 - prediction_service - INFO - Modèle chargé depuis ./model/best_model.h5
2025-06-06 13:44:27,075 - prediction_service - INFO - Message reçu: 5min - 50 barres
2025-06-06 13:44:27,082 - prediction_service - INFO - Données historiques mises à jour pour 5min: 50 barres du 2025-06-02 07:20:00 au 2025-06-02 11:25:00
2025-06-06 13:44:27,083 - prediction_service - WARNING - Données insuffisantes pour les timeframes suivants (au moins 14 lignes requises) : 1h, 4h, 1d
2025-06-06 13:44:27,083 - prediction_service - INFO - Message reçu: 1h - 50 barres
2025-06-06 13:44:27,086 - prediction_service - INFO - Données historiques mises à jour pour 1h: 50 barres du 2025-05-29 09:00:00 au 2025-06-02 13:00:00
2025-06-06 13:44:27,087 - prediction_service - WARNING - Données insuffisantes pour les timeframes suivants (au moins 14 lignes requises) : 4h, 1d
2025-06-06 13:44:27,088 - prediction_service - INFO - Message reçu: 4h - 50 barres
2025-06-06 13:44:27,091 - prediction_service - INFO - Données historiques mises à jour pour 4h: 50 barres du 2025-05-21 15:00:00 au 2025-06-02 11:00:00
2025-06-06 13:44:27,091 - prediction_service - WARNING - Données insuffisantes pour les timeframes suivants (au moins 14 lignes requises) : 1d
2025-06-06 13:44:27,092 - prediction_service - INFO - Message reçu: 1d - 50 barres
2025-06-06 13:44:27,096 - prediction_service - INFO - Données historiques mises à jour pour 1d: 50 barres du 2025-03-23 23:00:00 au 2025-06-01 22:00:00
2025-06-06 13:44:27,105 - prediction_service - INFO - DEBUG - Entrées dans prepare_data_for_prediction:
2025-06-06 13:44:27,105 - prediction_service - INFO -   5min: 49 lignes
2025-06-06 13:44:27,105 - prediction_service - INFO -   1h: 50 lignes
2025-06-06 13:44:27,105 - prediction_service - INFO -   4h: 50 lignes
2025-06-06 13:44:27,105 - prediction_service - INFO -   1d: 50 lignes
2025-06-06 13:44:27,105 - prediction_service - INFO - **************************************************** 1
2025-06-06 13:44:27,989 - prediction_service - ERROR - Erreur: "['FromDate' 'time_diff' 'Open' 'High' 'Low' 'Close' 'Volume' 'date'\n 'prev_date' 'Volume_SMA_5' 'Volume_SMA_10' 'Stoch_RSI' 'Keltner_High'\n 'Volume_SMA_20' 'Volume_Ratio_SMA5' 'Volume_Ratio_SMA10'\n 'Volume_Ratio_SMA20' 'SuperTrend_Trend' 'SuperTrend_Direction'\n 'Volume_Change_1' 'Volume_Change_5' 'PV_Ratio' 'PV_Change' 'ATR_14'\n 'Bollinger_High' 'Bollinger_Low' 'Bollinger_Width' 'MFM' 'MFV' 'CMF_20'\n 'CCI_5' 'MACD' 'MACD_Signal' 'body_ratio_prev' 'SMA_10' 'EMA_10' 'CCI_10'\n 'CCI_15' 'corps_candle_prev' 'corps_sum' 'ratio_corps' 'EMA_12' 'EMA_26'\n 'upper_wick' 'lower_wick' 'same_direction' 'candle_trend' 'meche_basse'\n 'meche_haute' 'corps_candle' 'candle_range' 'direction'\n 'future_direction_2' 'RSI_Crossover_EMA' 'RSI_Crossover_SMA'\n 'RSI_Trend_Direction' 'RSI_Trend' 'RSI_EMA_14' 'RSI_EMA_7'\n 'Vol_Weighted_RSI_SMA' 'Volume_Oscillator' 'SMA_RSI' 'RSI' 'VWAP'\n 'RSI_SMA_7' 'RSI_SMA_14' 'VWMA_10' 'is_summer' 'RSI_14' 'stock_open_hour'\n 'market_open_hour' 'VWMA_20' 'Force_Index_1' 'minute' 'day_of_week'\n 'Force_Index_13' 'day' 'hour' 'year' 'month' 'timestamp'\n 'Vol_Weighted_RSI' 'Vol_Weighted_Down_Avg' 'Vol_Weighted_Up_Avg'\n 'Vol_Weighted_Down' 'Vol_Weighted_Up' 'MFI_14' 'Money_Flow_Negative'\n 'Money_Flow_Positive' 'Typical_Price_Prev' 'Raw_Money_Flow'\n 'Typical_Price' 'OBV' 'OBV_normalized' 'OBV_norm_minmax' 'OBV_SMA_short'\n 'OBV_SMA_medium' 'OBV_SMA_long' 'OBV_Trend_short' 'OBV_Trend_medium'\n 'OBV_Trend_long' 'OBV_Trend' 'ADL' 'ADL_norm' 'ADL_SMA5' 'ADL_SMA15'\n 'ADL_SMA30' 'ADL_Trend' 'Price_Trend' 'ADL_Divergence' 'PVT_change' 'PVT'\n 'PVT_norm' 'PVT_SMA10' 'PVT_SMA30' 'PVT_signal' 'PVT_cross'\n 'PVT_cross_signal' 'PVT_delta5' 'doji_type' 'doji' 'doji_strength'\n 'perfect_doji' 'doji_invalid' 'pattern_type' 'bullish_engulfing'\n 'bearish_engulfing' 'engulfing_strength' 'Keltner_Low' 'Keltner_Mid'\n 'Keltner_Width'] not found in axis"
Traceback (most recent call last):
  File "/home/parrochia/go/src/github.com/trading-prediction-with-machine-learning/./src/prediction_service.py", line 178, in handle_websocket
    x = prepare_prediction_data()
  File "/home/parrochia/go/src/github.com/trading-prediction-with-machine-learning/./src/prediction_service.py", line 268, in prepare_prediction_data
    x = prepare_data_for_prediction(df_5min, df_1h, df_4h, df_1d, sequence_length=SEQUENCE_LENGTH)
  File "/home/parrochia/go/src/github.com/trading-prediction-with-machine-learning/./src/prediction_service.py", line 59, in prepare_data_for_prediction
    features_df = create_parquet(df_5min, df_1h, df_4h, df_1d)
  File "/home/parrochia/go/src/github.com/trading-prediction-with-machine-learning/src/model_trainer.py", line 2538, in create_parquet
    print(features_df.drop(['FromDate', 'time_diff', 'Open', 'High', 'Low', 'Close',  'Volume',
  File "/home/parrochia/.local/lib/python3.10/site-packages/pandas/core/frame.py", line 5581, in drop
    return super().drop(
  File "/home/parrochia/.local/lib/python3.10/site-packages/pandas/core/generic.py", line 4788, in drop
    obj = obj._drop_axis(labels, axis, level=level, errors=errors)
  File "/home/parrochia/.local/lib/python3.10/site-packages/pandas/core/generic.py", line 4859, in _drop_axis
    raise KeyError(f"{labels} not found in axis")
KeyError: "['FromDate' 'time_diff' 'Open' 'High' 'Low' 'Close' 'Volume' 'date'\n 'prev_date' 'Volume_SMA_5' 'Volume_SMA_10' 'Stoch_RSI' 'Keltner_High'\n 'Volume_SMA_20' 'Volume_Ratio_SMA5' 'Volume_Ratio_SMA10'\n 'Volume_Ratio_SMA20' 'SuperTrend_Trend' 'SuperTrend_Direction'\n 'Volume_Change_1' 'Volume_Change_5' 'PV_Ratio' 'PV_Change' 'ATR_14'\n 'Bollinger_High' 'Bollinger_Low' 'Bollinger_Width' 'MFM' 'MFV' 'CMF_20'\n 'CCI_5' 'MACD' 'MACD_Signal' 'body_ratio_prev' 'SMA_10' 'EMA_10' 'CCI_10'\n 'CCI_15' 'corps_candle_prev' 'corps_sum' 'ratio_corps' 'EMA_12' 'EMA_26'\n 'upper_wick' 'lower_wick' 'same_direction' 'candle_trend' 'meche_basse'\n 'meche_haute' 'corps_candle' 'candle_range' 'direction'\n 'future_direction_2' 'RSI_Crossover_EMA' 'RSI_Crossover_SMA'\n 'RSI_Trend_Direction' 'RSI_Trend' 'RSI_EMA_14' 'RSI_EMA_7'\n 'Vol_Weighted_RSI_SMA' 'Volume_Oscillator' 'SMA_RSI' 'RSI' 'VWAP'\n 'RSI_SMA_7' 'RSI_SMA_14' 'VWMA_10' 'is_summer' 'RSI_14' 'stock_open_hour'\n 'market_open_hour' 'VWMA_20' 'Force_Index_1' 'minute' 'day_of_week'\n 'Force_Index_13' 'day' 'hour' 'year' 'month' 'timestamp'\n 'Vol_Weighted_RSI' 'Vol_Weighted_Down_Avg' 'Vol_Weighted_Up_Avg'\n 'Vol_Weighted_Down' 'Vol_Weighted_Up' 'MFI_14' 'Money_Flow_Negative'\n 'Money_Flow_Positive' 'Typical_Price_Prev' 'Raw_Money_Flow'\n 'Typical_Price' 'OBV' 'OBV_normalized' 'OBV_norm_minmax' 'OBV_SMA_short'\n 'OBV_SMA_medium' 'OBV_SMA_long' 'OBV_Trend_short' 'OBV_Trend_medium'\n 'OBV_Trend_long' 'OBV_Trend' 'ADL' 'ADL_norm' 'ADL_SMA5' 'ADL_SMA15'\n 'ADL_SMA30' 'ADL_Trend' 'Price_Trend' 'ADL_Divergence' 'PVT_change' 'PVT'\n 'PVT_norm' 'PVT_SMA10' 'PVT_SMA30' 'PVT_signal' 'PVT_cross'\n 'PVT_cross_signal' 'PVT_delta5' 'doji_type' 'doji' 'doji_strength'\n 'perfect_doji' 'doji_invalid' 'pattern_type' 'bullish_engulfing'\n 'bearish_engulfing' 'engulfing_strength' 'Keltner_Low' 'Keltner_Mid'\n 'Keltner_Width'] not found in axis"
2025-06-06 13:46:34,528 - websockets.server - INFO - server closing
2025-06-06 13:46:34,529 - websockets.server - INFO - server closed
2025-06-06 13:46:40,655 - absl - WARNING - Compiled the loaded model, but the compiled metrics have yet to be built. `model.compile_metrics` will be empty until you train or evaluate the model.
2025-06-06 13:46:41,232 - prediction_service - INFO - Modèle existant compatible avec 158 features
2025-06-06 13:46:41,233 - prediction_service - INFO - Démarrage du serveur WebSocket sur 0.0.0.0:8765
2025-06-06 13:46:41,242 - websockets.server - INFO - server listening on 0.0.0.0:8765
2025-06-06 13:46:41,721 - websockets.server - INFO - connection open
2025-06-06 13:46:41,721 - prediction_service - INFO - Nouvelle connexion WebSocket: ('127.0.0.1', 48220)
2025-06-06 13:46:41,764 - absl - WARNING - Compiled the loaded model, but the compiled metrics have yet to be built. `model.compile_metrics` will be empty until you train or evaluate the model.
2025-06-06 13:46:41,767 - prediction_service - INFO - Modèle chargé depuis ./model/best_model.h5
2025-06-06 13:46:42,781 - prediction_service - INFO - Message reçu: 5min - 50 barres
2025-06-06 13:46:42,789 - prediction_service - INFO - Données historiques mises à jour pour 5min: 50 barres du 2025-06-02 07:20:00 au 2025-06-02 11:25:00
2025-06-06 13:46:42,789 - prediction_service - WARNING - Données insuffisantes pour les timeframes suivants (au moins 14 lignes requises) : 1h, 4h, 1d
2025-06-06 13:46:42,790 - prediction_service - INFO - Message reçu: 1h - 50 barres
2025-06-06 13:46:42,793 - prediction_service - INFO - Données historiques mises à jour pour 1h: 50 barres du 2025-05-29 09:00:00 au 2025-06-02 13:00:00
2025-06-06 13:46:42,793 - prediction_service - WARNING - Données insuffisantes pour les timeframes suivants (au moins 14 lignes requises) : 4h, 1d
2025-06-06 13:46:42,794 - prediction_service - INFO - Message reçu: 4h - 50 barres
2025-06-06 13:46:42,797 - prediction_service - INFO - Données historiques mises à jour pour 4h: 50 barres du 2025-05-21 15:00:00 au 2025-06-02 11:00:00
2025-06-06 13:46:42,797 - prediction_service - WARNING - Données insuffisantes pour les timeframes suivants (au moins 14 lignes requises) : 1d
2025-06-06 13:46:42,798 - prediction_service - INFO - Message reçu: 1d - 50 barres
2025-06-06 13:46:42,801 - prediction_service - INFO - Données historiques mises à jour pour 1d: 50 barres du 2025-03-23 23:00:00 au 2025-06-01 22:00:00
2025-06-06 13:46:42,810 - prediction_service - INFO - DEBUG - Entrées dans prepare_data_for_prediction:
2025-06-06 13:46:42,810 - prediction_service - INFO -   5min: 49 lignes
2025-06-06 13:46:42,810 - prediction_service - INFO -   1h: 50 lignes
2025-06-06 13:46:42,810 - prediction_service - INFO -   4h: 50 lignes
2025-06-06 13:46:42,810 - prediction_service - INFO -   1d: 50 lignes
2025-06-06 13:46:42,811 - prediction_service - INFO - **************************************************** 1
2025-06-06 13:46:43,789 - prediction_service - ERROR - Erreur: "['FromDate' 'time_diff' 'Open' 'High' 'Low' 'Close' 'Volume' 'date'\n 'prev_date' 'Volume_SMA_5' 'Volume_SMA_10' 'Stoch_RSI' 'Keltner_High'\n 'Volume_SMA_20' 'Volume_Ratio_SMA5' 'Volume_Ratio_SMA10'\n 'Volume_Ratio_SMA20' 'SuperTrend_Trend' 'SuperTrend_Direction'\n 'Volume_Change_1' 'Volume_Change_5' 'PV_Ratio' 'PV_Change' 'ATR_14'\n 'Bollinger_High' 'Bollinger_Low' 'Bollinger_Width' 'MFM' 'MFV' 'CMF_20'\n 'CCI_5' 'MACD' 'MACD_Signal' 'body_ratio_prev' 'SMA_10' 'EMA_10' 'CCI_10'\n 'CCI_15' 'corps_candle_prev' 'corps_sum' 'ratio_corps' 'EMA_12' 'EMA_26'\n 'upper_wick' 'lower_wick' 'same_direction' 'candle_trend' 'meche_basse'\n 'meche_haute' 'corps_candle' 'candle_range' 'direction'\n 'future_direction_2' 'RSI_Crossover_EMA' 'RSI_Crossover_SMA'\n 'RSI_Trend_Direction' 'RSI_Trend' 'RSI_EMA_14' 'RSI_EMA_7'\n 'Vol_Weighted_RSI_SMA' 'Volume_Oscillator' 'SMA_RSI' 'RSI' 'VWAP'\n 'RSI_SMA_7' 'RSI_SMA_14' 'VWMA_10' 'is_summer' 'RSI_14' 'stock_open_hour'\n 'market_open_hour' 'VWMA_20' 'Force_Index_1' 'minute' 'day_of_week'\n 'Force_Index_13' 'day' 'hour' 'year' 'month' 'timestamp'\n 'Vol_Weighted_RSI' 'Vol_Weighted_Down_Avg' 'Vol_Weighted_Up_Avg'\n 'Vol_Weighted_Down' 'Vol_Weighted_Up' 'MFI_14' 'Money_Flow_Negative'\n 'Money_Flow_Positive' 'Typical_Price_Prev' 'Raw_Money_Flow'\n 'Typical_Price' 'OBV' 'OBV_normalized' 'OBV_norm_minmax' 'OBV_SMA_short'\n 'OBV_SMA_medium' 'OBV_SMA_long' 'OBV_Trend_short' 'OBV_Trend_medium'\n 'OBV_Trend_long' 'OBV_Trend' 'ADL' 'ADL_norm' 'ADL_SMA5' 'ADL_SMA15'\n 'ADL_SMA30' 'ADL_Trend' 'Price_Trend' 'ADL_Divergence' 'PVT_change' 'PVT'\n 'PVT_norm' 'PVT_SMA10' 'PVT_SMA30' 'PVT_signal' 'PVT_cross'\n 'PVT_cross_signal' 'PVT_delta5' 'doji_type' 'doji' 'doji_strength'\n 'perfect_doji' 'doji_invalid' 'pattern_type' 'bullish_engulfing'\n 'bearish_engulfing' 'engulfing_strength' 'Keltner_Low' 'Keltner_Mid'\n 'Keltner_Width'] not found in axis"
Traceback (most recent call last):
  File "/home/parrochia/go/src/github.com/trading-prediction-with-machine-learning/./src/prediction_service.py", line 178, in handle_websocket
    x = prepare_prediction_data()
  File "/home/parrochia/go/src/github.com/trading-prediction-with-machine-learning/./src/prediction_service.py", line 268, in prepare_prediction_data
    x = prepare_data_for_prediction(df_5min, df_1h, df_4h, df_1d, sequence_length=SEQUENCE_LENGTH)
  File "/home/parrochia/go/src/github.com/trading-prediction-with-machine-learning/./src/prediction_service.py", line 59, in prepare_data_for_prediction
    features_df = create_parquet(df_5min, df_1h, df_4h, df_1d)
  File "/home/parrochia/go/src/github.com/trading-prediction-with-machine-learning/src/model_trainer.py", line 2534, in create_parquet
    print(features_df.drop(['FromDate', 'time_diff', 'Open', 'High', 'Low', 'Close',  'Volume',
  File "/home/parrochia/.local/lib/python3.10/site-packages/pandas/core/frame.py", line 5581, in drop
    return super().drop(
  File "/home/parrochia/.local/lib/python3.10/site-packages/pandas/core/generic.py", line 4788, in drop
    obj = obj._drop_axis(labels, axis, level=level, errors=errors)
  File "/home/parrochia/.local/lib/python3.10/site-packages/pandas/core/generic.py", line 4859, in _drop_axis
    raise KeyError(f"{labels} not found in axis")
KeyError: "['FromDate' 'time_diff' 'Open' 'High' 'Low' 'Close' 'Volume' 'date'\n 'prev_date' 'Volume_SMA_5' 'Volume_SMA_10' 'Stoch_RSI' 'Keltner_High'\n 'Volume_SMA_20' 'Volume_Ratio_SMA5' 'Volume_Ratio_SMA10'\n 'Volume_Ratio_SMA20' 'SuperTrend_Trend' 'SuperTrend_Direction'\n 'Volume_Change_1' 'Volume_Change_5' 'PV_Ratio' 'PV_Change' 'ATR_14'\n 'Bollinger_High' 'Bollinger_Low' 'Bollinger_Width' 'MFM' 'MFV' 'CMF_20'\n 'CCI_5' 'MACD' 'MACD_Signal' 'body_ratio_prev' 'SMA_10' 'EMA_10' 'CCI_10'\n 'CCI_15' 'corps_candle_prev' 'corps_sum' 'ratio_corps' 'EMA_12' 'EMA_26'\n 'upper_wick' 'lower_wick' 'same_direction' 'candle_trend' 'meche_basse'\n 'meche_haute' 'corps_candle' 'candle_range' 'direction'\n 'future_direction_2' 'RSI_Crossover_EMA' 'RSI_Crossover_SMA'\n 'RSI_Trend_Direction' 'RSI_Trend' 'RSI_EMA_14' 'RSI_EMA_7'\n 'Vol_Weighted_RSI_SMA' 'Volume_Oscillator' 'SMA_RSI' 'RSI' 'VWAP'\n 'RSI_SMA_7' 'RSI_SMA_14' 'VWMA_10' 'is_summer' 'RSI_14' 'stock_open_hour'\n 'market_open_hour' 'VWMA_20' 'Force_Index_1' 'minute' 'day_of_week'\n 'Force_Index_13' 'day' 'hour' 'year' 'month' 'timestamp'\n 'Vol_Weighted_RSI' 'Vol_Weighted_Down_Avg' 'Vol_Weighted_Up_Avg'\n 'Vol_Weighted_Down' 'Vol_Weighted_Up' 'MFI_14' 'Money_Flow_Negative'\n 'Money_Flow_Positive' 'Typical_Price_Prev' 'Raw_Money_Flow'\n 'Typical_Price' 'OBV' 'OBV_normalized' 'OBV_norm_minmax' 'OBV_SMA_short'\n 'OBV_SMA_medium' 'OBV_SMA_long' 'OBV_Trend_short' 'OBV_Trend_medium'\n 'OBV_Trend_long' 'OBV_Trend' 'ADL' 'ADL_norm' 'ADL_SMA5' 'ADL_SMA15'\n 'ADL_SMA30' 'ADL_Trend' 'Price_Trend' 'ADL_Divergence' 'PVT_change' 'PVT'\n 'PVT_norm' 'PVT_SMA10' 'PVT_SMA30' 'PVT_signal' 'PVT_cross'\n 'PVT_cross_signal' 'PVT_delta5' 'doji_type' 'doji' 'doji_strength'\n 'perfect_doji' 'doji_invalid' 'pattern_type' 'bullish_engulfing'\n 'bearish_engulfing' 'engulfing_strength' 'Keltner_Low' 'Keltner_Mid'\n 'Keltner_Width'] not found in axis"
2025-06-06 13:47:45,996 - websockets.server - INFO - server closing
2025-06-06 13:47:46,000 - websockets.server - INFO - server closed
2025-06-06 13:47:53,518 - absl - WARNING - Compiled the loaded model, but the compiled metrics have yet to be built. `model.compile_metrics` will be empty until you train or evaluate the model.
2025-06-06 13:47:54,061 - prediction_service - INFO - Modèle existant compatible avec 158 features
2025-06-06 13:47:54,061 - prediction_service - INFO - Démarrage du serveur WebSocket sur 0.0.0.0:8765
2025-06-06 13:47:54,073 - websockets.server - INFO - server listening on 0.0.0.0:8765
2025-06-06 13:47:54,163 - websockets.server - INFO - connection open
2025-06-06 13:47:54,164 - prediction_service - INFO - Nouvelle connexion WebSocket: ('127.0.0.1', 57454)
2025-06-06 13:47:54,212 - absl - WARNING - Compiled the loaded model, but the compiled metrics have yet to be built. `model.compile_metrics` will be empty until you train or evaluate the model.
2025-06-06 13:47:54,213 - prediction_service - INFO - Modèle chargé depuis ./model/best_model.h5
2025-06-06 13:47:55,375 - prediction_service - INFO - Message reçu: 5min - 50 barres
2025-06-06 13:47:55,382 - prediction_service - INFO - Données historiques mises à jour pour 5min: 50 barres du 2025-06-02 07:20:00 au 2025-06-02 11:25:00
2025-06-06 13:47:55,382 - prediction_service - WARNING - Données insuffisantes pour les timeframes suivants (au moins 14 lignes requises) : 1h, 4h, 1d
2025-06-06 13:47:55,383 - prediction_service - INFO - Message reçu: 1h - 50 barres
2025-06-06 13:47:55,386 - prediction_service - INFO - Données historiques mises à jour pour 1h: 50 barres du 2025-05-29 09:00:00 au 2025-06-02 13:00:00
2025-06-06 13:47:55,387 - prediction_service - WARNING - Données insuffisantes pour les timeframes suivants (au moins 14 lignes requises) : 4h, 1d
2025-06-06 13:47:55,387 - prediction_service - INFO - Message reçu: 4h - 50 barres
2025-06-06 13:47:55,390 - prediction_service - INFO - Données historiques mises à jour pour 4h: 50 barres du 2025-05-21 15:00:00 au 2025-06-02 11:00:00
2025-06-06 13:47:55,391 - prediction_service - WARNING - Données insuffisantes pour les timeframes suivants (au moins 14 lignes requises) : 1d
2025-06-06 13:47:55,391 - prediction_service - INFO - Message reçu: 1d - 50 barres
2025-06-06 13:47:55,394 - prediction_service - INFO - Données historiques mises à jour pour 1d: 50 barres du 2025-03-23 23:00:00 au 2025-06-01 22:00:00
2025-06-06 13:47:55,403 - prediction_service - INFO - DEBUG - Entrées dans prepare_data_for_prediction:
2025-06-06 13:47:55,403 - prediction_service - INFO -   5min: 49 lignes
2025-06-06 13:47:55,404 - prediction_service - INFO -   1h: 50 lignes
2025-06-06 13:47:55,404 - prediction_service - INFO -   4h: 50 lignes
2025-06-06 13:47:55,404 - prediction_service - INFO -   1d: 50 lignes
2025-06-06 13:47:55,404 - prediction_service - INFO - **************************************************** 1
2025-06-06 13:47:56,574 - prediction_service - ERROR - Erreur: "['FromDate' 'time_diff' 'Open' 'High' 'Low' 'Close' 'Volume' 'date'\n 'prev_date' 'Volume_SMA_5' 'Volume_SMA_10' 'Stoch_RSI' 'Keltner_High'\n 'Volume_SMA_20' 'Volume_Ratio_SMA5' 'Volume_Ratio_SMA10'\n 'Volume_Ratio_SMA20' 'SuperTrend_Trend' 'SuperTrend_Direction'\n 'Volume_Change_1' 'Volume_Change_5' 'PV_Ratio' 'PV_Change' 'ATR_14'\n 'Bollinger_High' 'Bollinger_Low' 'Bollinger_Width' 'MFM' 'MFV' 'CMF_20'\n 'CCI_5' 'MACD' 'MACD_Signal' 'body_ratio_prev' 'SMA_10' 'EMA_10' 'CCI_10'\n 'CCI_15' 'corps_candle_prev' 'corps_sum' 'ratio_corps' 'EMA_12' 'EMA_26'\n 'upper_wick' 'lower_wick' 'same_direction' 'candle_trend' 'meche_basse'\n 'meche_haute' 'corps_candle' 'candle_range' 'direction'\n 'future_direction_2' 'RSI_Crossover_EMA' 'RSI_Crossover_SMA'\n 'RSI_Trend_Direction' 'RSI_Trend' 'RSI_EMA_14' 'RSI_EMA_7'\n 'Vol_Weighted_RSI_SMA' 'Volume_Oscillator' 'SMA_RSI' 'RSI' 'VWAP'\n 'RSI_SMA_7' 'RSI_SMA_14' 'VWMA_10' 'is_summer' 'RSI_14' 'stock_open_hour'\n 'market_open_hour' 'VWMA_20' 'Force_Index_1' 'minute' 'day_of_week'\n 'Force_Index_13' 'day' 'hour' 'year' 'month' 'timestamp'\n 'Vol_Weighted_RSI' 'Vol_Weighted_Down_Avg' 'Vol_Weighted_Up_Avg'\n 'Vol_Weighted_Down' 'Vol_Weighted_Up' 'MFI_14' 'Money_Flow_Negative'\n 'Money_Flow_Positive' 'Typical_Price_Prev' 'Raw_Money_Flow'\n 'Typical_Price' 'OBV' 'OBV_normalized' 'OBV_norm_minmax' 'OBV_SMA_short'\n 'OBV_SMA_medium' 'OBV_SMA_long' 'OBV_Trend_short' 'OBV_Trend_medium'\n 'OBV_Trend_long' 'OBV_Trend' 'ADL' 'ADL_norm' 'ADL_SMA5' 'ADL_SMA15'\n 'ADL_SMA30' 'ADL_Trend' 'Price_Trend' 'ADL_Divergence' 'PVT_change' 'PVT'\n 'PVT_norm' 'PVT_SMA10' 'PVT_SMA30' 'PVT_signal' 'PVT_cross'\n 'PVT_cross_signal' 'PVT_delta5' 'doji_type' 'doji' 'doji_strength'\n 'perfect_doji' 'doji_invalid' 'pattern_type' 'bullish_engulfing'\n 'bearish_engulfing' 'engulfing_strength' 'Keltner_Low' 'Keltner_Mid'\n 'Keltner_Width'] not found in axis"
Traceback (most recent call last):
  File "/home/parrochia/go/src/github.com/trading-prediction-with-machine-learning/./src/prediction_service.py", line 178, in handle_websocket
    x = prepare_prediction_data()
  File "/home/parrochia/go/src/github.com/trading-prediction-with-machine-learning/./src/prediction_service.py", line 268, in prepare_prediction_data
    x = prepare_data_for_prediction(df_5min, df_1h, df_4h, df_1d, sequence_length=SEQUENCE_LENGTH)
  File "/home/parrochia/go/src/github.com/trading-prediction-with-machine-learning/./src/prediction_service.py", line 59, in prepare_data_for_prediction
    features_df = create_parquet(df_5min, df_1h, df_4h, df_1d)
  File "/home/parrochia/go/src/github.com/trading-prediction-with-machine-learning/src/model_trainer.py", line 2536, in create_parquet
    print(features_df.drop(['FromDate', 'time_diff', 'Open', 'High', 'Low', 'Close',  'Volume',
  File "/home/parrochia/.local/lib/python3.10/site-packages/pandas/core/frame.py", line 5581, in drop
    return super().drop(
  File "/home/parrochia/.local/lib/python3.10/site-packages/pandas/core/generic.py", line 4788, in drop
    obj = obj._drop_axis(labels, axis, level=level, errors=errors)
  File "/home/parrochia/.local/lib/python3.10/site-packages/pandas/core/generic.py", line 4859, in _drop_axis
    raise KeyError(f"{labels} not found in axis")
KeyError: "['FromDate' 'time_diff' 'Open' 'High' 'Low' 'Close' 'Volume' 'date'\n 'prev_date' 'Volume_SMA_5' 'Volume_SMA_10' 'Stoch_RSI' 'Keltner_High'\n 'Volume_SMA_20' 'Volume_Ratio_SMA5' 'Volume_Ratio_SMA10'\n 'Volume_Ratio_SMA20' 'SuperTrend_Trend' 'SuperTrend_Direction'\n 'Volume_Change_1' 'Volume_Change_5' 'PV_Ratio' 'PV_Change' 'ATR_14'\n 'Bollinger_High' 'Bollinger_Low' 'Bollinger_Width' 'MFM' 'MFV' 'CMF_20'\n 'CCI_5' 'MACD' 'MACD_Signal' 'body_ratio_prev' 'SMA_10' 'EMA_10' 'CCI_10'\n 'CCI_15' 'corps_candle_prev' 'corps_sum' 'ratio_corps' 'EMA_12' 'EMA_26'\n 'upper_wick' 'lower_wick' 'same_direction' 'candle_trend' 'meche_basse'\n 'meche_haute' 'corps_candle' 'candle_range' 'direction'\n 'future_direction_2' 'RSI_Crossover_EMA' 'RSI_Crossover_SMA'\n 'RSI_Trend_Direction' 'RSI_Trend' 'RSI_EMA_14' 'RSI_EMA_7'\n 'Vol_Weighted_RSI_SMA' 'Volume_Oscillator' 'SMA_RSI' 'RSI' 'VWAP'\n 'RSI_SMA_7' 'RSI_SMA_14' 'VWMA_10' 'is_summer' 'RSI_14' 'stock_open_hour'\n 'market_open_hour' 'VWMA_20' 'Force_Index_1' 'minute' 'day_of_week'\n 'Force_Index_13' 'day' 'hour' 'year' 'month' 'timestamp'\n 'Vol_Weighted_RSI' 'Vol_Weighted_Down_Avg' 'Vol_Weighted_Up_Avg'\n 'Vol_Weighted_Down' 'Vol_Weighted_Up' 'MFI_14' 'Money_Flow_Negative'\n 'Money_Flow_Positive' 'Typical_Price_Prev' 'Raw_Money_Flow'\n 'Typical_Price' 'OBV' 'OBV_normalized' 'OBV_norm_minmax' 'OBV_SMA_short'\n 'OBV_SMA_medium' 'OBV_SMA_long' 'OBV_Trend_short' 'OBV_Trend_medium'\n 'OBV_Trend_long' 'OBV_Trend' 'ADL' 'ADL_norm' 'ADL_SMA5' 'ADL_SMA15'\n 'ADL_SMA30' 'ADL_Trend' 'Price_Trend' 'ADL_Divergence' 'PVT_change' 'PVT'\n 'PVT_norm' 'PVT_SMA10' 'PVT_SMA30' 'PVT_signal' 'PVT_cross'\n 'PVT_cross_signal' 'PVT_delta5' 'doji_type' 'doji' 'doji_strength'\n 'perfect_doji' 'doji_invalid' 'pattern_type' 'bullish_engulfing'\n 'bearish_engulfing' 'engulfing_strength' 'Keltner_Low' 'Keltner_Mid'\n 'Keltner_Width'] not found in axis"
2025-06-06 13:49:06,410 - websockets.server - INFO - server closing
2025-06-06 13:49:06,411 - websockets.server - INFO - server closed
2025-06-06 13:49:14,124 - absl - WARNING - Compiled the loaded model, but the compiled metrics have yet to be built. `model.compile_metrics` will be empty until you train or evaluate the model.
2025-06-06 13:49:14,569 - prediction_service - INFO - Modèle existant compatible avec 158 features
2025-06-06 13:49:14,570 - prediction_service - INFO - Démarrage du serveur WebSocket sur 0.0.0.0:8765
2025-06-06 13:49:14,583 - websockets.server - INFO - server listening on 0.0.0.0:8765
2025-06-06 13:49:21,524 - websockets.server - INFO - connection open
2025-06-06 13:49:21,525 - prediction_service - INFO - Nouvelle connexion WebSocket: ('127.0.0.1', 59020)
2025-06-06 13:49:21,607 - absl - WARNING - Compiled the loaded model, but the compiled metrics have yet to be built. `model.compile_metrics` will be empty until you train or evaluate the model.
2025-06-06 13:49:21,611 - prediction_service - INFO - Modèle chargé depuis ./model/best_model.h5
2025-06-06 13:49:22,568 - prediction_service - INFO - Message reçu: 5min - 50 barres
2025-06-06 13:49:22,575 - prediction_service - INFO - Données historiques mises à jour pour 5min: 50 barres du 2025-06-02 07:20:00 au 2025-06-02 11:25:00
2025-06-06 13:49:22,576 - prediction_service - WARNING - Données insuffisantes pour les timeframes suivants (au moins 14 lignes requises) : 1h, 4h, 1d
2025-06-06 13:49:22,578 - prediction_service - INFO - Message reçu: 1h - 50 barres
2025-06-06 13:49:22,582 - prediction_service - INFO - Données historiques mises à jour pour 1h: 50 barres du 2025-05-29 09:00:00 au 2025-06-02 13:00:00
2025-06-06 13:49:22,583 - prediction_service - WARNING - Données insuffisantes pour les timeframes suivants (au moins 14 lignes requises) : 4h, 1d
2025-06-06 13:49:22,583 - prediction_service - INFO - Message reçu: 4h - 50 barres
2025-06-06 13:49:22,588 - prediction_service - INFO - Données historiques mises à jour pour 4h: 50 barres du 2025-05-21 15:00:00 au 2025-06-02 11:00:00
2025-06-06 13:49:22,588 - prediction_service - WARNING - Données insuffisantes pour les timeframes suivants (au moins 14 lignes requises) : 1d
2025-06-06 13:49:22,589 - prediction_service - INFO - Message reçu: 1d - 50 barres
2025-06-06 13:49:22,593 - prediction_service - INFO - Données historiques mises à jour pour 1d: 50 barres du 2025-03-23 23:00:00 au 2025-06-01 22:00:00
2025-06-06 13:49:22,605 - prediction_service - INFO - DEBUG - Entrées dans prepare_data_for_prediction:
2025-06-06 13:49:22,605 - prediction_service - INFO -   5min: 49 lignes
2025-06-06 13:49:22,605 - prediction_service - INFO -   1h: 50 lignes
2025-06-06 13:49:22,606 - prediction_service - INFO -   4h: 50 lignes
2025-06-06 13:49:22,606 - prediction_service - INFO -   1d: 50 lignes
2025-06-06 13:49:22,606 - prediction_service - INFO - **************************************************** 1
2025-06-06 13:49:23,549 - prediction_service - ERROR - Erreur: "['FromDate' 'time_diff' 'Open' 'High' 'Low' 'Close' 'Volume' 'date'\n 'prev_date' 'Volume_SMA_5' 'Volume_SMA_10' 'Stoch_RSI' 'Keltner_High'\n 'Volume_SMA_20' 'Volume_Ratio_SMA5' 'Volume_Ratio_SMA10'\n 'Volume_Ratio_SMA20' 'SuperTrend_Trend' 'SuperTrend_Direction'\n 'Volume_Change_1' 'Volume_Change_5' 'PV_Ratio' 'PV_Change' 'ATR_14'\n 'Bollinger_High' 'Bollinger_Low' 'Bollinger_Width' 'MFM' 'MFV' 'CMF_20'\n 'CCI_5' 'MACD' 'MACD_Signal' 'body_ratio_prev' 'SMA_10' 'EMA_10' 'CCI_10'\n 'CCI_15' 'corps_candle_prev' 'corps_sum' 'ratio_corps' 'EMA_12' 'EMA_26'\n 'upper_wick' 'lower_wick' 'same_direction' 'candle_trend' 'meche_basse'\n 'meche_haute' 'corps_candle' 'candle_range' 'direction'\n 'future_direction_2' 'RSI_Crossover_EMA' 'RSI_Crossover_SMA'\n 'RSI_Trend_Direction' 'RSI_Trend' 'RSI_EMA_14' 'RSI_EMA_7'\n 'Vol_Weighted_RSI_SMA' 'Volume_Oscillator' 'SMA_RSI' 'RSI' 'VWAP'\n 'RSI_SMA_7' 'RSI_SMA_14' 'VWMA_10' 'is_summer' 'RSI_14' 'stock_open_hour'\n 'market_open_hour' 'VWMA_20' 'Force_Index_1' 'minute' 'day_of_week'\n 'Force_Index_13' 'day' 'hour' 'year' 'month' 'timestamp'\n 'Vol_Weighted_RSI' 'Vol_Weighted_Down_Avg' 'Vol_Weighted_Up_Avg'\n 'Vol_Weighted_Down' 'Vol_Weighted_Up' 'MFI_14' 'Money_Flow_Negative'\n 'Money_Flow_Positive' 'Typical_Price_Prev' 'Raw_Money_Flow'\n 'Typical_Price' 'OBV' 'OBV_normalized' 'OBV_norm_minmax' 'OBV_SMA_short'\n 'OBV_SMA_medium' 'OBV_SMA_long' 'OBV_Trend_short' 'OBV_Trend_medium'\n 'OBV_Trend_long' 'OBV_Trend' 'ADL' 'ADL_norm' 'ADL_SMA5' 'ADL_SMA15'\n 'ADL_SMA30' 'ADL_Trend' 'Price_Trend' 'ADL_Divergence' 'PVT_change' 'PVT'\n 'PVT_norm' 'PVT_SMA10' 'PVT_SMA30' 'PVT_signal' 'PVT_cross'\n 'PVT_cross_signal' 'PVT_delta5' 'doji_type' 'doji' 'doji_strength'\n 'perfect_doji' 'doji_invalid' 'pattern_type' 'bullish_engulfing'\n 'bearish_engulfing' 'engulfing_strength' 'Keltner_Low' 'Keltner_Mid'\n 'Keltner_Width'] not found in axis"
Traceback (most recent call last):
  File "/home/parrochia/go/src/github.com/trading-prediction-with-machine-learning/./src/prediction_service.py", line 178, in handle_websocket
    x = prepare_prediction_data()
  File "/home/parrochia/go/src/github.com/trading-prediction-with-machine-learning/./src/prediction_service.py", line 268, in prepare_prediction_data
    x = prepare_data_for_prediction(df_5min, df_1h, df_4h, df_1d, sequence_length=SEQUENCE_LENGTH)
  File "/home/parrochia/go/src/github.com/trading-prediction-with-machine-learning/./src/prediction_service.py", line 59, in prepare_data_for_prediction
    features_df = create_parquet(df_5min, df_1h, df_4h, df_1d)
  File "/home/parrochia/go/src/github.com/trading-prediction-with-machine-learning/src/model_trainer.py", line 2517, in create_parquet
    print(features_df.drop(['FromDate', 'time_diff', 'Open', 'High', 'Low', 'Close',  'Volume',
  File "/home/parrochia/.local/lib/python3.10/site-packages/pandas/core/frame.py", line 5581, in drop
    return super().drop(
  File "/home/parrochia/.local/lib/python3.10/site-packages/pandas/core/generic.py", line 4788, in drop
    obj = obj._drop_axis(labels, axis, level=level, errors=errors)
  File "/home/parrochia/.local/lib/python3.10/site-packages/pandas/core/generic.py", line 4859, in _drop_axis
    raise KeyError(f"{labels} not found in axis")
KeyError: "['FromDate' 'time_diff' 'Open' 'High' 'Low' 'Close' 'Volume' 'date'\n 'prev_date' 'Volume_SMA_5' 'Volume_SMA_10' 'Stoch_RSI' 'Keltner_High'\n 'Volume_SMA_20' 'Volume_Ratio_SMA5' 'Volume_Ratio_SMA10'\n 'Volume_Ratio_SMA20' 'SuperTrend_Trend' 'SuperTrend_Direction'\n 'Volume_Change_1' 'Volume_Change_5' 'PV_Ratio' 'PV_Change' 'ATR_14'\n 'Bollinger_High' 'Bollinger_Low' 'Bollinger_Width' 'MFM' 'MFV' 'CMF_20'\n 'CCI_5' 'MACD' 'MACD_Signal' 'body_ratio_prev' 'SMA_10' 'EMA_10' 'CCI_10'\n 'CCI_15' 'corps_candle_prev' 'corps_sum' 'ratio_corps' 'EMA_12' 'EMA_26'\n 'upper_wick' 'lower_wick' 'same_direction' 'candle_trend' 'meche_basse'\n 'meche_haute' 'corps_candle' 'candle_range' 'direction'\n 'future_direction_2' 'RSI_Crossover_EMA' 'RSI_Crossover_SMA'\n 'RSI_Trend_Direction' 'RSI_Trend' 'RSI_EMA_14' 'RSI_EMA_7'\n 'Vol_Weighted_RSI_SMA' 'Volume_Oscillator' 'SMA_RSI' 'RSI' 'VWAP'\n 'RSI_SMA_7' 'RSI_SMA_14' 'VWMA_10' 'is_summer' 'RSI_14' 'stock_open_hour'\n 'market_open_hour' 'VWMA_20' 'Force_Index_1' 'minute' 'day_of_week'\n 'Force_Index_13' 'day' 'hour' 'year' 'month' 'timestamp'\n 'Vol_Weighted_RSI' 'Vol_Weighted_Down_Avg' 'Vol_Weighted_Up_Avg'\n 'Vol_Weighted_Down' 'Vol_Weighted_Up' 'MFI_14' 'Money_Flow_Negative'\n 'Money_Flow_Positive' 'Typical_Price_Prev' 'Raw_Money_Flow'\n 'Typical_Price' 'OBV' 'OBV_normalized' 'OBV_norm_minmax' 'OBV_SMA_short'\n 'OBV_SMA_medium' 'OBV_SMA_long' 'OBV_Trend_short' 'OBV_Trend_medium'\n 'OBV_Trend_long' 'OBV_Trend' 'ADL' 'ADL_norm' 'ADL_SMA5' 'ADL_SMA15'\n 'ADL_SMA30' 'ADL_Trend' 'Price_Trend' 'ADL_Divergence' 'PVT_change' 'PVT'\n 'PVT_norm' 'PVT_SMA10' 'PVT_SMA30' 'PVT_signal' 'PVT_cross'\n 'PVT_cross_signal' 'PVT_delta5' 'doji_type' 'doji' 'doji_strength'\n 'perfect_doji' 'doji_invalid' 'pattern_type' 'bullish_engulfing'\n 'bearish_engulfing' 'engulfing_strength' 'Keltner_Low' 'Keltner_Mid'\n 'Keltner_Width'] not found in axis"
2025-06-06 13:50:40,908 - websockets.server - INFO - server closing
2025-06-06 13:50:40,909 - websockets.server - INFO - server closed
2025-06-06 13:50:43,996 - absl - WARNING - Compiled the loaded model, but the compiled metrics have yet to be built. `model.compile_metrics` will be empty until you train or evaluate the model.
2025-06-06 13:50:44,288 - prediction_service - INFO - Modèle existant compatible avec 158 features
2025-06-06 13:50:44,288 - prediction_service - INFO - Démarrage du serveur WebSocket sur 0.0.0.0:8765
2025-06-06 13:50:44,294 - websockets.server - INFO - server listening on 0.0.0.0:8765
2025-06-06 13:50:46,014 - websockets.server - INFO - connection open
2025-06-06 13:50:46,014 - prediction_service - INFO - Nouvelle connexion WebSocket: ('127.0.0.1', 58792)
2025-06-06 13:50:46,165 - absl - WARNING - Compiled the loaded model, but the compiled metrics have yet to be built. `model.compile_metrics` will be empty until you train or evaluate the model.
2025-06-06 13:50:46,178 - prediction_service - INFO - Modèle chargé depuis ./model/best_model.h5
2025-06-06 13:50:47,889 - prediction_service - INFO - Message reçu: 5min - 50 barres
2025-06-06 13:50:47,895 - prediction_service - INFO - Données historiques mises à jour pour 5min: 50 barres du 2025-06-02 07:20:00 au 2025-06-02 11:25:00
2025-06-06 13:50:47,898 - prediction_service - WARNING - Données insuffisantes pour les timeframes suivants (au moins 14 lignes requises) : 1h, 4h, 1d
2025-06-06 13:50:47,899 - prediction_service - INFO - Message reçu: 1h - 50 barres
2025-06-06 13:50:47,901 - prediction_service - INFO - Données historiques mises à jour pour 1h: 50 barres du 2025-05-29 09:00:00 au 2025-06-02 13:00:00
2025-06-06 13:50:47,901 - prediction_service - WARNING - Données insuffisantes pour les timeframes suivants (au moins 14 lignes requises) : 4h, 1d
2025-06-06 13:50:47,901 - prediction_service - INFO - Message reçu: 4h - 50 barres
2025-06-06 13:50:47,904 - prediction_service - INFO - Données historiques mises à jour pour 4h: 50 barres du 2025-05-21 15:00:00 au 2025-06-02 11:00:00
2025-06-06 13:50:47,904 - prediction_service - WARNING - Données insuffisantes pour les timeframes suivants (au moins 14 lignes requises) : 1d
2025-06-06 13:50:47,904 - prediction_service - INFO - Message reçu: 1d - 50 barres
2025-06-06 13:50:47,906 - prediction_service - INFO - Données historiques mises à jour pour 1d: 50 barres du 2025-03-23 23:00:00 au 2025-06-01 22:00:00
2025-06-06 13:50:47,913 - prediction_service - INFO - DEBUG - Entrées dans prepare_data_for_prediction:
2025-06-06 13:50:47,913 - prediction_service - INFO -   5min: 49 lignes
2025-06-06 13:50:47,913 - prediction_service - INFO -   1h: 50 lignes
2025-06-06 13:50:47,913 - prediction_service - INFO -   4h: 50 lignes
2025-06-06 13:50:47,913 - prediction_service - INFO -   1d: 50 lignes
2025-06-06 13:50:47,913 - prediction_service - INFO - **************************************************** 1
2025-06-06 13:50:48,663 - prediction_service - ERROR - Erreur: "['FromDate' 'time_diff' 'Open' 'High' 'Low' 'Close' 'Volume' 'date'\n 'prev_date' 'Volume_SMA_5' 'Volume_SMA_10' 'Stoch_RSI' 'Keltner_High'\n 'Volume_SMA_20' 'Volume_Ratio_SMA5' 'Volume_Ratio_SMA10'\n 'Volume_Ratio_SMA20' 'SuperTrend_Trend' 'SuperTrend_Direction'\n 'Volume_Change_1' 'Volume_Change_5' 'PV_Ratio' 'PV_Change' 'ATR_14'\n 'Bollinger_High' 'Bollinger_Low' 'Bollinger_Width' 'MFM' 'MFV' 'CMF_20'\n 'CCI_5' 'MACD' 'MACD_Signal' 'body_ratio_prev' 'SMA_10' 'EMA_10' 'CCI_10'\n 'CCI_15' 'corps_candle_prev' 'corps_sum' 'ratio_corps' 'EMA_12' 'EMA_26'\n 'upper_wick' 'lower_wick' 'same_direction' 'candle_trend' 'meche_basse'\n 'meche_haute' 'corps_candle' 'candle_range' 'direction'\n 'future_direction_2' 'RSI_Crossover_EMA' 'RSI_Crossover_SMA'\n 'RSI_Trend_Direction' 'RSI_Trend' 'RSI_EMA_14' 'RSI_EMA_7'\n 'Vol_Weighted_RSI_SMA' 'Volume_Oscillator' 'SMA_RSI' 'RSI' 'VWAP'\n 'RSI_SMA_7' 'RSI_SMA_14' 'VWMA_10' 'is_summer' 'RSI_14' 'stock_open_hour'\n 'market_open_hour' 'VWMA_20' 'Force_Index_1' 'minute' 'day_of_week'\n 'Force_Index_13' 'day' 'hour' 'year' 'month' 'timestamp'\n 'Vol_Weighted_RSI' 'Vol_Weighted_Down_Avg' 'Vol_Weighted_Up_Avg'\n 'Vol_Weighted_Down' 'Vol_Weighted_Up' 'MFI_14' 'Money_Flow_Negative'\n 'Money_Flow_Positive' 'Typical_Price_Prev' 'Raw_Money_Flow'\n 'Typical_Price' 'OBV' 'OBV_normalized' 'OBV_norm_minmax' 'OBV_SMA_short'\n 'OBV_SMA_medium' 'OBV_SMA_long' 'OBV_Trend_short' 'OBV_Trend_medium'\n 'OBV_Trend_long' 'OBV_Trend' 'ADL' 'ADL_norm' 'ADL_SMA5' 'ADL_SMA15'\n 'ADL_SMA30' 'ADL_Trend' 'Price_Trend' 'ADL_Divergence' 'PVT_change' 'PVT'\n 'PVT_norm' 'PVT_SMA10' 'PVT_SMA30' 'PVT_signal' 'PVT_cross'\n 'PVT_cross_signal' 'PVT_delta5' 'doji_type' 'doji' 'doji_strength'\n 'perfect_doji' 'doji_invalid' 'pattern_type' 'bullish_engulfing'\n 'bearish_engulfing' 'engulfing_strength' 'Keltner_Low' 'Keltner_Mid'\n 'Keltner_Width'] not found in axis"
Traceback (most recent call last):
  File "/home/parrochia/go/src/github.com/trading-prediction-with-machine-learning/./src/prediction_service.py", line 178, in handle_websocket
    x = prepare_prediction_data()
  File "/home/parrochia/go/src/github.com/trading-prediction-with-machine-learning/./src/prediction_service.py", line 268, in prepare_prediction_data
    x = prepare_data_for_prediction(df_5min, df_1h, df_4h, df_1d, sequence_length=SEQUENCE_LENGTH)
  File "/home/parrochia/go/src/github.com/trading-prediction-with-machine-learning/./src/prediction_service.py", line 59, in prepare_data_for_prediction
    features_df = create_parquet(df_5min, df_1h, df_4h, df_1d)
  File "/home/parrochia/go/src/github.com/trading-prediction-with-machine-learning/src/model_trainer.py", line 2517, in create_parquet
    print(features_df.drop(['FromDate', 'time_diff', 'Open', 'High', 'Low', 'Close',  'Volume',
  File "/home/parrochia/.local/lib/python3.10/site-packages/pandas/core/frame.py", line 5581, in drop
    return super().drop(
  File "/home/parrochia/.local/lib/python3.10/site-packages/pandas/core/generic.py", line 4788, in drop
    obj = obj._drop_axis(labels, axis, level=level, errors=errors)
  File "/home/parrochia/.local/lib/python3.10/site-packages/pandas/core/generic.py", line 4859, in _drop_axis
    raise KeyError(f"{labels} not found in axis")
KeyError: "['FromDate' 'time_diff' 'Open' 'High' 'Low' 'Close' 'Volume' 'date'\n 'prev_date' 'Volume_SMA_5' 'Volume_SMA_10' 'Stoch_RSI' 'Keltner_High'\n 'Volume_SMA_20' 'Volume_Ratio_SMA5' 'Volume_Ratio_SMA10'\n 'Volume_Ratio_SMA20' 'SuperTrend_Trend' 'SuperTrend_Direction'\n 'Volume_Change_1' 'Volume_Change_5' 'PV_Ratio' 'PV_Change' 'ATR_14'\n 'Bollinger_High' 'Bollinger_Low' 'Bollinger_Width' 'MFM' 'MFV' 'CMF_20'\n 'CCI_5' 'MACD' 'MACD_Signal' 'body_ratio_prev' 'SMA_10' 'EMA_10' 'CCI_10'\n 'CCI_15' 'corps_candle_prev' 'corps_sum' 'ratio_corps' 'EMA_12' 'EMA_26'\n 'upper_wick' 'lower_wick' 'same_direction' 'candle_trend' 'meche_basse'\n 'meche_haute' 'corps_candle' 'candle_range' 'direction'\n 'future_direction_2' 'RSI_Crossover_EMA' 'RSI_Crossover_SMA'\n 'RSI_Trend_Direction' 'RSI_Trend' 'RSI_EMA_14' 'RSI_EMA_7'\n 'Vol_Weighted_RSI_SMA' 'Volume_Oscillator' 'SMA_RSI' 'RSI' 'VWAP'\n 'RSI_SMA_7' 'RSI_SMA_14' 'VWMA_10' 'is_summer' 'RSI_14' 'stock_open_hour'\n 'market_open_hour' 'VWMA_20' 'Force_Index_1' 'minute' 'day_of_week'\n 'Force_Index_13' 'day' 'hour' 'year' 'month' 'timestamp'\n 'Vol_Weighted_RSI' 'Vol_Weighted_Down_Avg' 'Vol_Weighted_Up_Avg'\n 'Vol_Weighted_Down' 'Vol_Weighted_Up' 'MFI_14' 'Money_Flow_Negative'\n 'Money_Flow_Positive' 'Typical_Price_Prev' 'Raw_Money_Flow'\n 'Typical_Price' 'OBV' 'OBV_normalized' 'OBV_norm_minmax' 'OBV_SMA_short'\n 'OBV_SMA_medium' 'OBV_SMA_long' 'OBV_Trend_short' 'OBV_Trend_medium'\n 'OBV_Trend_long' 'OBV_Trend' 'ADL' 'ADL_norm' 'ADL_SMA5' 'ADL_SMA15'\n 'ADL_SMA30' 'ADL_Trend' 'Price_Trend' 'ADL_Divergence' 'PVT_change' 'PVT'\n 'PVT_norm' 'PVT_SMA10' 'PVT_SMA30' 'PVT_signal' 'PVT_cross'\n 'PVT_cross_signal' 'PVT_delta5' 'doji_type' 'doji' 'doji_strength'\n 'perfect_doji' 'doji_invalid' 'pattern_type' 'bullish_engulfing'\n 'bearish_engulfing' 'engulfing_strength' 'Keltner_Low' 'Keltner_Mid'\n 'Keltner_Width'] not found in axis"
2025-06-06 13:52:49,457 - websockets.server - INFO - server closing
2025-06-06 13:52:49,458 - websockets.server - INFO - server closed
2025-06-06 13:52:58,085 - absl - WARNING - Compiled the loaded model, but the compiled metrics have yet to be built. `model.compile_metrics` will be empty until you train or evaluate the model.
2025-06-06 13:52:58,735 - prediction_service - INFO - Modèle existant compatible avec 158 features
2025-06-06 13:52:58,735 - prediction_service - INFO - Démarrage du serveur WebSocket sur 0.0.0.0:8765
2025-06-06 13:52:58,747 - websockets.server - INFO - server listening on 0.0.0.0:8765
2025-06-06 13:52:58,889 - websockets.server - INFO - connection open
2025-06-06 13:52:58,890 - prediction_service - INFO - Nouvelle connexion WebSocket: ('127.0.0.1', 55106)
2025-06-06 13:52:58,924 - absl - WARNING - Compiled the loaded model, but the compiled metrics have yet to be built. `model.compile_metrics` will be empty until you train or evaluate the model.
2025-06-06 13:52:58,926 - prediction_service - INFO - Modèle chargé depuis ./model/best_model.h5
2025-06-06 13:53:00,027 - prediction_service - INFO - Message reçu: 5min - 50 barres
2025-06-06 13:53:00,034 - prediction_service - INFO - Données historiques mises à jour pour 5min: 50 barres du 2025-06-02 07:20:00 au 2025-06-02 11:25:00
2025-06-06 13:53:00,034 - prediction_service - WARNING - Données insuffisantes pour les timeframes suivants (au moins 14 lignes requises) : 1h, 4h, 1d
2025-06-06 13:53:00,036 - prediction_service - INFO - Message reçu: 1h - 50 barres
2025-06-06 13:53:00,041 - prediction_service - INFO - Données historiques mises à jour pour 1h: 50 barres du 2025-05-29 09:00:00 au 2025-06-02 13:00:00
2025-06-06 13:53:00,041 - prediction_service - WARNING - Données insuffisantes pour les timeframes suivants (au moins 14 lignes requises) : 4h, 1d
2025-06-06 13:53:00,043 - prediction_service - INFO - Message reçu: 4h - 50 barres
2025-06-06 13:53:00,045 - prediction_service - INFO - Données historiques mises à jour pour 4h: 50 barres du 2025-05-21 15:00:00 au 2025-06-02 11:00:00
2025-06-06 13:53:00,045 - prediction_service - WARNING - Données insuffisantes pour les timeframes suivants (au moins 14 lignes requises) : 1d
2025-06-06 13:53:00,046 - prediction_service - INFO - Message reçu: 1d - 50 barres
2025-06-06 13:53:00,049 - prediction_service - INFO - Données historiques mises à jour pour 1d: 50 barres du 2025-03-23 23:00:00 au 2025-06-01 22:00:00
2025-06-06 13:53:00,057 - prediction_service - INFO - DEBUG - Entrées dans prepare_data_for_prediction:
2025-06-06 13:53:00,057 - prediction_service - INFO -   5min: 49 lignes
2025-06-06 13:53:00,057 - prediction_service - INFO -   1h: 50 lignes
2025-06-06 13:53:00,057 - prediction_service - INFO -   4h: 50 lignes
2025-06-06 13:53:00,057 - prediction_service - INFO -   1d: 50 lignes
2025-06-06 13:53:00,057 - prediction_service - INFO - **************************************************** 1
2025-06-06 13:53:01,297 - prediction_service - ERROR - Erreur: "['FromDate' 'time_diff' 'Open' 'High' 'Low' 'Close' 'Volume' 'date'\n 'prev_date' 'Volume_SMA_5' 'Volume_SMA_10' 'Stoch_RSI' 'Keltner_High'\n 'Volume_SMA_20' 'Volume_Ratio_SMA5' 'Volume_Ratio_SMA10'\n 'Volume_Ratio_SMA20' 'SuperTrend_Trend' 'SuperTrend_Direction'\n 'Volume_Change_1' 'Volume_Change_5' 'PV_Ratio' 'PV_Change' 'ATR_14'\n 'Bollinger_High' 'Bollinger_Low' 'Bollinger_Width' 'MFM' 'MFV' 'CMF_20'\n 'CCI_5' 'MACD' 'MACD_Signal' 'body_ratio_prev' 'SMA_10' 'EMA_10' 'CCI_10'\n 'CCI_15' 'corps_candle_prev' 'corps_sum' 'ratio_corps' 'EMA_12' 'EMA_26'\n 'upper_wick' 'lower_wick' 'same_direction' 'candle_trend' 'meche_basse'\n 'meche_haute' 'corps_candle' 'candle_range' 'direction'\n 'future_direction_2' 'RSI_Crossover_EMA' 'RSI_Crossover_SMA'\n 'RSI_Trend_Direction' 'RSI_Trend' 'RSI_EMA_14' 'RSI_EMA_7'\n 'Vol_Weighted_RSI_SMA' 'Volume_Oscillator' 'SMA_RSI' 'RSI' 'VWAP'\n 'RSI_SMA_7' 'RSI_SMA_14' 'VWMA_10' 'is_summer' 'RSI_14' 'stock_open_hour'\n 'market_open_hour' 'VWMA_20' 'Force_Index_1' 'minute' 'day_of_week'\n 'Force_Index_13' 'day' 'hour' 'year' 'month' 'timestamp'\n 'Vol_Weighted_RSI' 'Vol_Weighted_Down_Avg' 'Vol_Weighted_Up_Avg'\n 'Vol_Weighted_Down' 'Vol_Weighted_Up' 'MFI_14' 'Money_Flow_Negative'\n 'Money_Flow_Positive' 'Typical_Price_Prev' 'Raw_Money_Flow'\n 'Typical_Price' 'OBV' 'OBV_normalized' 'OBV_norm_minmax' 'OBV_SMA_short'\n 'OBV_SMA_medium' 'OBV_SMA_long' 'OBV_Trend_short' 'OBV_Trend_medium'\n 'OBV_Trend_long' 'OBV_Trend' 'ADL' 'ADL_norm' 'ADL_SMA5' 'ADL_SMA15'\n 'ADL_SMA30' 'ADL_Trend' 'Price_Trend' 'ADL_Divergence' 'PVT_change' 'PVT'\n 'PVT_norm' 'PVT_SMA10' 'PVT_SMA30' 'PVT_signal' 'PVT_cross'\n 'PVT_cross_signal' 'PVT_delta5' 'doji_type' 'doji' 'doji_strength'\n 'perfect_doji' 'doji_invalid' 'pattern_type' 'bullish_engulfing'\n 'bearish_engulfing' 'engulfing_strength' 'Keltner_Low' 'Keltner_Mid'\n 'Keltner_Width'] not found in axis"
Traceback (most recent call last):
  File "/home/parrochia/go/src/github.com/trading-prediction-with-machine-learning/./src/prediction_service.py", line 178, in handle_websocket
    x = prepare_prediction_data()
  File "/home/parrochia/go/src/github.com/trading-prediction-with-machine-learning/./src/prediction_service.py", line 268, in prepare_prediction_data
    x = prepare_data_for_prediction(df_5min, df_1h, df_4h, df_1d, sequence_length=SEQUENCE_LENGTH)
  File "/home/parrochia/go/src/github.com/trading-prediction-with-machine-learning/./src/prediction_service.py", line 59, in prepare_data_for_prediction
    features_df = create_parquet(df_5min, df_1h, df_4h, df_1d)
  File "/home/parrochia/go/src/github.com/trading-prediction-with-machine-learning/src/model_trainer.py", line 2519, in create_parquet
    print(features_df.drop(['FromDate', 'time_diff', 'Open', 'High', 'Low', 'Close',  'Volume',
  File "/home/parrochia/.local/lib/python3.10/site-packages/pandas/core/frame.py", line 5581, in drop
    return super().drop(
  File "/home/parrochia/.local/lib/python3.10/site-packages/pandas/core/generic.py", line 4788, in drop
    obj = obj._drop_axis(labels, axis, level=level, errors=errors)
  File "/home/parrochia/.local/lib/python3.10/site-packages/pandas/core/generic.py", line 4859, in _drop_axis
    raise KeyError(f"{labels} not found in axis")
KeyError: "['FromDate' 'time_diff' 'Open' 'High' 'Low' 'Close' 'Volume' 'date'\n 'prev_date' 'Volume_SMA_5' 'Volume_SMA_10' 'Stoch_RSI' 'Keltner_High'\n 'Volume_SMA_20' 'Volume_Ratio_SMA5' 'Volume_Ratio_SMA10'\n 'Volume_Ratio_SMA20' 'SuperTrend_Trend' 'SuperTrend_Direction'\n 'Volume_Change_1' 'Volume_Change_5' 'PV_Ratio' 'PV_Change' 'ATR_14'\n 'Bollinger_High' 'Bollinger_Low' 'Bollinger_Width' 'MFM' 'MFV' 'CMF_20'\n 'CCI_5' 'MACD' 'MACD_Signal' 'body_ratio_prev' 'SMA_10' 'EMA_10' 'CCI_10'\n 'CCI_15' 'corps_candle_prev' 'corps_sum' 'ratio_corps' 'EMA_12' 'EMA_26'\n 'upper_wick' 'lower_wick' 'same_direction' 'candle_trend' 'meche_basse'\n 'meche_haute' 'corps_candle' 'candle_range' 'direction'\n 'future_direction_2' 'RSI_Crossover_EMA' 'RSI_Crossover_SMA'\n 'RSI_Trend_Direction' 'RSI_Trend' 'RSI_EMA_14' 'RSI_EMA_7'\n 'Vol_Weighted_RSI_SMA' 'Volume_Oscillator' 'SMA_RSI' 'RSI' 'VWAP'\n 'RSI_SMA_7' 'RSI_SMA_14' 'VWMA_10' 'is_summer' 'RSI_14' 'stock_open_hour'\n 'market_open_hour' 'VWMA_20' 'Force_Index_1' 'minute' 'day_of_week'\n 'Force_Index_13' 'day' 'hour' 'year' 'month' 'timestamp'\n 'Vol_Weighted_RSI' 'Vol_Weighted_Down_Avg' 'Vol_Weighted_Up_Avg'\n 'Vol_Weighted_Down' 'Vol_Weighted_Up' 'MFI_14' 'Money_Flow_Negative'\n 'Money_Flow_Positive' 'Typical_Price_Prev' 'Raw_Money_Flow'\n 'Typical_Price' 'OBV' 'OBV_normalized' 'OBV_norm_minmax' 'OBV_SMA_short'\n 'OBV_SMA_medium' 'OBV_SMA_long' 'OBV_Trend_short' 'OBV_Trend_medium'\n 'OBV_Trend_long' 'OBV_Trend' 'ADL' 'ADL_norm' 'ADL_SMA5' 'ADL_SMA15'\n 'ADL_SMA30' 'ADL_Trend' 'Price_Trend' 'ADL_Divergence' 'PVT_change' 'PVT'\n 'PVT_norm' 'PVT_SMA10' 'PVT_SMA30' 'PVT_signal' 'PVT_cross'\n 'PVT_cross_signal' 'PVT_delta5' 'doji_type' 'doji' 'doji_strength'\n 'perfect_doji' 'doji_invalid' 'pattern_type' 'bullish_engulfing'\n 'bearish_engulfing' 'engulfing_strength' 'Keltner_Low' 'Keltner_Mid'\n 'Keltner_Width'] not found in axis"
2025-06-06 13:54:29,503 - websockets.server - INFO - server closing
2025-06-06 13:54:29,504 - websockets.server - INFO - server closed
2025-06-06 13:54:37,186 - absl - WARNING - Compiled the loaded model, but the compiled metrics have yet to be built. `model.compile_metrics` will be empty until you train or evaluate the model.
2025-06-06 13:54:37,827 - prediction_service - INFO - Modèle existant compatible avec 158 features
2025-06-06 13:54:37,828 - prediction_service - INFO - Démarrage du serveur WebSocket sur 0.0.0.0:8765
2025-06-06 13:54:37,847 - websockets.server - INFO - server listening on 0.0.0.0:8765
2025-06-06 13:54:38,385 - websockets.server - INFO - connection open
2025-06-06 13:54:38,386 - prediction_service - INFO - Nouvelle connexion WebSocket: ('127.0.0.1', 58786)
2025-06-06 13:54:38,417 - absl - WARNING - Compiled the loaded model, but the compiled metrics have yet to be built. `model.compile_metrics` will be empty until you train or evaluate the model.
2025-06-06 13:54:38,420 - prediction_service - INFO - Modèle chargé depuis ./model/best_model.h5
2025-06-06 13:54:39,460 - prediction_service - INFO - Message reçu: 5min - 50 barres
2025-06-06 13:54:39,466 - prediction_service - INFO - Données historiques mises à jour pour 5min: 50 barres du 2025-06-02 07:20:00 au 2025-06-02 11:25:00
2025-06-06 13:54:39,467 - prediction_service - WARNING - Données insuffisantes pour les timeframes suivants (au moins 14 lignes requises) : 1h, 4h, 1d
2025-06-06 13:54:39,468 - prediction_service - INFO - Message reçu: 1h - 50 barres
2025-06-06 13:54:39,470 - prediction_service - INFO - Données historiques mises à jour pour 1h: 50 barres du 2025-05-29 09:00:00 au 2025-06-02 13:00:00
2025-06-06 13:54:39,470 - prediction_service - WARNING - Données insuffisantes pour les timeframes suivants (au moins 14 lignes requises) : 4h, 1d
2025-06-06 13:54:39,471 - prediction_service - INFO - Message reçu: 4h - 50 barres
2025-06-06 13:54:39,473 - prediction_service - INFO - Données historiques mises à jour pour 4h: 50 barres du 2025-05-21 15:00:00 au 2025-06-02 11:00:00
2025-06-06 13:54:39,473 - prediction_service - WARNING - Données insuffisantes pour les timeframes suivants (au moins 14 lignes requises) : 1d
2025-06-06 13:54:39,474 - prediction_service - INFO - Message reçu: 1d - 50 barres
2025-06-06 13:54:39,476 - prediction_service - INFO - Données historiques mises à jour pour 1d: 50 barres du 2025-03-23 23:00:00 au 2025-06-01 22:00:00
2025-06-06 13:54:39,484 - prediction_service - INFO - DEBUG - Entrées dans prepare_data_for_prediction:
2025-06-06 13:54:39,484 - prediction_service - INFO -   5min: 49 lignes
2025-06-06 13:54:39,484 - prediction_service - INFO -   1h: 50 lignes
2025-06-06 13:54:39,484 - prediction_service - INFO -   4h: 50 lignes
2025-06-06 13:54:39,484 - prediction_service - INFO -   1d: 50 lignes
2025-06-06 13:54:39,484 - prediction_service - INFO - **************************************************** 1
2025-06-06 13:54:40,456 - prediction_service - ERROR - Erreur: "['FromDate' 'time_diff' 'Open' 'High' 'Low' 'Close' 'Volume' 'date'\n 'prev_date' 'Volume_SMA_5' 'Volume_SMA_10' 'Stoch_RSI' 'Keltner_High'\n 'Volume_SMA_20' 'Volume_Ratio_SMA5' 'Volume_Ratio_SMA10'\n 'Volume_Ratio_SMA20' 'SuperTrend_Trend' 'SuperTrend_Direction'\n 'Volume_Change_1' 'Volume_Change_5' 'PV_Ratio' 'PV_Change' 'ATR_14'\n 'Bollinger_High' 'Bollinger_Low' 'Bollinger_Width' 'MFM' 'MFV' 'CMF_20'\n 'CCI_5' 'MACD' 'MACD_Signal' 'body_ratio_prev' 'SMA_10' 'EMA_10' 'CCI_10'\n 'CCI_15' 'corps_candle_prev' 'corps_sum' 'ratio_corps' 'EMA_12' 'EMA_26'\n 'upper_wick' 'lower_wick' 'same_direction' 'candle_trend' 'meche_basse'\n 'meche_haute' 'corps_candle' 'candle_range' 'direction'\n 'future_direction_2' 'RSI_Crossover_EMA' 'RSI_Crossover_SMA'\n 'RSI_Trend_Direction' 'RSI_Trend' 'RSI_EMA_14' 'RSI_EMA_7'\n 'Vol_Weighted_RSI_SMA' 'Volume_Oscillator' 'SMA_RSI' 'RSI' 'VWAP'\n 'RSI_SMA_7' 'RSI_SMA_14' 'VWMA_10' 'is_summer' 'RSI_14' 'stock_open_hour'\n 'market_open_hour' 'VWMA_20' 'Force_Index_1' 'minute' 'day_of_week'\n 'Force_Index_13' 'day' 'hour' 'year' 'month' 'timestamp'\n 'Vol_Weighted_RSI' 'Vol_Weighted_Down_Avg' 'Vol_Weighted_Up_Avg'\n 'Vol_Weighted_Down' 'Vol_Weighted_Up' 'MFI_14' 'Money_Flow_Negative'\n 'Money_Flow_Positive' 'Typical_Price_Prev' 'Raw_Money_Flow'\n 'Typical_Price' 'OBV' 'OBV_normalized' 'OBV_norm_minmax' 'OBV_SMA_short'\n 'OBV_SMA_medium' 'OBV_SMA_long' 'OBV_Trend_short' 'OBV_Trend_medium'\n 'OBV_Trend_long' 'OBV_Trend' 'ADL' 'ADL_norm' 'ADL_SMA5' 'ADL_SMA15'\n 'ADL_SMA30' 'ADL_Trend' 'Price_Trend' 'ADL_Divergence' 'PVT_change' 'PVT'\n 'PVT_norm' 'PVT_SMA10' 'PVT_SMA30' 'PVT_signal' 'PVT_cross'\n 'PVT_cross_signal' 'PVT_delta5' 'doji_type' 'doji' 'doji_strength'\n 'perfect_doji' 'doji_invalid' 'pattern_type' 'bullish_engulfing'\n 'bearish_engulfing' 'engulfing_strength' 'Keltner_Low' 'Keltner_Mid'\n 'Keltner_Width'] not found in axis"
Traceback (most recent call last):
  File "/home/parrochia/go/src/github.com/trading-prediction-with-machine-learning/./src/prediction_service.py", line 178, in handle_websocket
    x = prepare_prediction_data()
  File "/home/parrochia/go/src/github.com/trading-prediction-with-machine-learning/./src/prediction_service.py", line 268, in prepare_prediction_data
    x = prepare_data_for_prediction(df_5min, df_1h, df_4h, df_1d, sequence_length=SEQUENCE_LENGTH)
  File "/home/parrochia/go/src/github.com/trading-prediction-with-machine-learning/./src/prediction_service.py", line 59, in prepare_data_for_prediction
    features_df = create_parquet(df_5min, df_1h, df_4h, df_1d)
  File "/home/parrochia/go/src/github.com/trading-prediction-with-machine-learning/src/model_trainer.py", line 2519, in create_parquet
    print(features_df.drop(['FromDate', 'time_diff', 'Open', 'High', 'Low', 'Close',  'Volume',
  File "/home/parrochia/.local/lib/python3.10/site-packages/pandas/core/frame.py", line 5581, in drop
    return super().drop(
  File "/home/parrochia/.local/lib/python3.10/site-packages/pandas/core/generic.py", line 4788, in drop
    obj = obj._drop_axis(labels, axis, level=level, errors=errors)
  File "/home/parrochia/.local/lib/python3.10/site-packages/pandas/core/generic.py", line 4859, in _drop_axis
    raise KeyError(f"{labels} not found in axis")
KeyError: "['FromDate' 'time_diff' 'Open' 'High' 'Low' 'Close' 'Volume' 'date'\n 'prev_date' 'Volume_SMA_5' 'Volume_SMA_10' 'Stoch_RSI' 'Keltner_High'\n 'Volume_SMA_20' 'Volume_Ratio_SMA5' 'Volume_Ratio_SMA10'\n 'Volume_Ratio_SMA20' 'SuperTrend_Trend' 'SuperTrend_Direction'\n 'Volume_Change_1' 'Volume_Change_5' 'PV_Ratio' 'PV_Change' 'ATR_14'\n 'Bollinger_High' 'Bollinger_Low' 'Bollinger_Width' 'MFM' 'MFV' 'CMF_20'\n 'CCI_5' 'MACD' 'MACD_Signal' 'body_ratio_prev' 'SMA_10' 'EMA_10' 'CCI_10'\n 'CCI_15' 'corps_candle_prev' 'corps_sum' 'ratio_corps' 'EMA_12' 'EMA_26'\n 'upper_wick' 'lower_wick' 'same_direction' 'candle_trend' 'meche_basse'\n 'meche_haute' 'corps_candle' 'candle_range' 'direction'\n 'future_direction_2' 'RSI_Crossover_EMA' 'RSI_Crossover_SMA'\n 'RSI_Trend_Direction' 'RSI_Trend' 'RSI_EMA_14' 'RSI_EMA_7'\n 'Vol_Weighted_RSI_SMA' 'Volume_Oscillator' 'SMA_RSI' 'RSI' 'VWAP'\n 'RSI_SMA_7' 'RSI_SMA_14' 'VWMA_10' 'is_summer' 'RSI_14' 'stock_open_hour'\n 'market_open_hour' 'VWMA_20' 'Force_Index_1' 'minute' 'day_of_week'\n 'Force_Index_13' 'day' 'hour' 'year' 'month' 'timestamp'\n 'Vol_Weighted_RSI' 'Vol_Weighted_Down_Avg' 'Vol_Weighted_Up_Avg'\n 'Vol_Weighted_Down' 'Vol_Weighted_Up' 'MFI_14' 'Money_Flow_Negative'\n 'Money_Flow_Positive' 'Typical_Price_Prev' 'Raw_Money_Flow'\n 'Typical_Price' 'OBV' 'OBV_normalized' 'OBV_norm_minmax' 'OBV_SMA_short'\n 'OBV_SMA_medium' 'OBV_SMA_long' 'OBV_Trend_short' 'OBV_Trend_medium'\n 'OBV_Trend_long' 'OBV_Trend' 'ADL' 'ADL_norm' 'ADL_SMA5' 'ADL_SMA15'\n 'ADL_SMA30' 'ADL_Trend' 'Price_Trend' 'ADL_Divergence' 'PVT_change' 'PVT'\n 'PVT_norm' 'PVT_SMA10' 'PVT_SMA30' 'PVT_signal' 'PVT_cross'\n 'PVT_cross_signal' 'PVT_delta5' 'doji_type' 'doji' 'doji_strength'\n 'perfect_doji' 'doji_invalid' 'pattern_type' 'bullish_engulfing'\n 'bearish_engulfing' 'engulfing_strength' 'Keltner_Low' 'Keltner_Mid'\n 'Keltner_Width'] not found in axis"
2025-06-06 13:55:27,152 - websockets.server - INFO - server closing
2025-06-06 13:55:27,152 - websockets.server - INFO - server closed
2025-06-06 13:55:35,730 - absl - WARNING - Compiled the loaded model, but the compiled metrics have yet to be built. `model.compile_metrics` will be empty until you train or evaluate the model.
2025-06-06 13:55:36,699 - prediction_service - INFO - Modèle existant compatible avec 158 features
2025-06-06 13:55:36,700 - prediction_service - INFO - Démarrage du serveur WebSocket sur 0.0.0.0:8765
2025-06-06 13:55:36,718 - websockets.server - INFO - server listening on 0.0.0.0:8765
2025-06-06 13:55:36,785 - websockets.server - INFO - connection open
2025-06-06 13:55:36,786 - prediction_service - INFO - Nouvelle connexion WebSocket: ('127.0.0.1', 48678)
2025-06-06 13:55:36,822 - absl - WARNING - Compiled the loaded model, but the compiled metrics have yet to be built. `model.compile_metrics` will be empty until you train or evaluate the model.
2025-06-06 13:55:36,824 - prediction_service - INFO - Modèle chargé depuis ./model/best_model.h5
2025-06-06 13:55:38,086 - prediction_service - INFO - Message reçu: 5min - 50 barres
2025-06-06 13:55:38,093 - prediction_service - INFO - Données historiques mises à jour pour 5min: 50 barres du 2025-06-02 07:20:00 au 2025-06-02 11:25:00
2025-06-06 13:55:38,093 - prediction_service - WARNING - Données insuffisantes pour les timeframes suivants (au moins 14 lignes requises) : 1h, 4h, 1d
2025-06-06 13:55:38,094 - prediction_service - INFO - Message reçu: 1h - 50 barres
2025-06-06 13:55:38,096 - prediction_service - INFO - Données historiques mises à jour pour 1h: 50 barres du 2025-05-29 09:00:00 au 2025-06-02 13:00:00
2025-06-06 13:55:38,097 - prediction_service - WARNING - Données insuffisantes pour les timeframes suivants (au moins 14 lignes requises) : 4h, 1d
2025-06-06 13:55:38,097 - prediction_service - INFO - Message reçu: 4h - 50 barres
2025-06-06 13:55:38,100 - prediction_service - INFO - Données historiques mises à jour pour 4h: 50 barres du 2025-05-21 15:00:00 au 2025-06-02 11:00:00
2025-06-06 13:55:38,101 - prediction_service - WARNING - Données insuffisantes pour les timeframes suivants (au moins 14 lignes requises) : 1d
2025-06-06 13:55:38,101 - prediction_service - INFO - Message reçu: 1d - 50 barres
2025-06-06 13:55:38,104 - prediction_service - INFO - Données historiques mises à jour pour 1d: 50 barres du 2025-03-23 23:00:00 au 2025-06-01 22:00:00
2025-06-06 13:55:38,109 - prediction_service - INFO - DEBUG - Entrées dans prepare_data_for_prediction:
2025-06-06 13:55:38,109 - prediction_service - INFO -   5min: 49 lignes
2025-06-06 13:55:38,109 - prediction_service - INFO -   1h: 50 lignes
2025-06-06 13:55:38,109 - prediction_service - INFO -   4h: 50 lignes
2025-06-06 13:55:38,109 - prediction_service - INFO -   1d: 50 lignes
2025-06-06 13:55:38,109 - prediction_service - INFO - **************************************************** 1
2025-06-06 13:55:38,995 - prediction_service - ERROR - Erreur: "['FromDate' 'time_diff' 'Open' 'High' 'Low' 'Close' 'Volume' 'date'\n 'prev_date' 'Volume_SMA_5' 'Volume_SMA_10' 'Stoch_RSI' 'Keltner_High'\n 'Volume_SMA_20' 'Volume_Ratio_SMA5' 'Volume_Ratio_SMA10'\n 'Volume_Ratio_SMA20' 'SuperTrend_Trend' 'SuperTrend_Direction'\n 'Volume_Change_1' 'Volume_Change_5' 'PV_Ratio' 'PV_Change' 'ATR_14'\n 'Bollinger_High' 'Bollinger_Low' 'Bollinger_Width' 'MFM' 'MFV' 'CMF_20'\n 'CCI_5' 'MACD' 'MACD_Signal' 'body_ratio_prev' 'SMA_10' 'EMA_10' 'CCI_10'\n 'CCI_15' 'corps_candle_prev' 'corps_sum' 'ratio_corps' 'EMA_12' 'EMA_26'\n 'upper_wick' 'lower_wick' 'same_direction' 'candle_trend' 'meche_basse'\n 'meche_haute' 'corps_candle' 'candle_range' 'direction'\n 'future_direction_2' 'RSI_Crossover_EMA' 'RSI_Crossover_SMA'\n 'RSI_Trend_Direction' 'RSI_Trend' 'RSI_EMA_14' 'RSI_EMA_7'\n 'Vol_Weighted_RSI_SMA' 'Volume_Oscillator' 'SMA_RSI' 'RSI' 'VWAP'\n 'RSI_SMA_7' 'RSI_SMA_14' 'VWMA_10' 'is_summer' 'RSI_14' 'stock_open_hour'\n 'market_open_hour' 'VWMA_20' 'Force_Index_1' 'minute' 'day_of_week'\n 'Force_Index_13' 'day' 'hour' 'year' 'month' 'timestamp'\n 'Vol_Weighted_RSI' 'Vol_Weighted_Down_Avg' 'Vol_Weighted_Up_Avg'\n 'Vol_Weighted_Down' 'Vol_Weighted_Up' 'MFI_14' 'Money_Flow_Negative'\n 'Money_Flow_Positive' 'Typical_Price_Prev' 'Raw_Money_Flow'\n 'Typical_Price' 'OBV' 'OBV_normalized' 'OBV_norm_minmax' 'OBV_SMA_short'\n 'OBV_SMA_medium' 'OBV_SMA_long' 'OBV_Trend_short' 'OBV_Trend_medium'\n 'OBV_Trend_long' 'OBV_Trend' 'ADL' 'ADL_norm' 'ADL_SMA5' 'ADL_SMA15'\n 'ADL_SMA30' 'ADL_Trend' 'Price_Trend' 'ADL_Divergence' 'PVT_change' 'PVT'\n 'PVT_norm' 'PVT_SMA10' 'PVT_SMA30' 'PVT_signal' 'PVT_cross'\n 'PVT_cross_signal' 'PVT_delta5' 'doji_type' 'doji' 'doji_strength'\n 'perfect_doji' 'doji_invalid' 'pattern_type' 'bullish_engulfing'\n 'bearish_engulfing' 'engulfing_strength' 'Keltner_Low' 'Keltner_Mid'\n 'Keltner_Width'] not found in axis"
Traceback (most recent call last):
  File "/home/parrochia/go/src/github.com/trading-prediction-with-machine-learning/./src/prediction_service.py", line 178, in handle_websocket
    x = prepare_prediction_data()
  File "/home/parrochia/go/src/github.com/trading-prediction-with-machine-learning/./src/prediction_service.py", line 268, in prepare_prediction_data
    x = prepare_data_for_prediction(df_5min, df_1h, df_4h, df_1d, sequence_length=SEQUENCE_LENGTH)
  File "/home/parrochia/go/src/github.com/trading-prediction-with-machine-learning/./src/prediction_service.py", line 59, in prepare_data_for_prediction
    features_df = create_parquet(df_5min, df_1h, df_4h, df_1d)
  File "/home/parrochia/go/src/github.com/trading-prediction-with-machine-learning/src/model_trainer.py", line 2520, in create_parquet
    print(features_df.drop(['FromDate', 'time_diff', 'Open', 'High', 'Low', 'Close',  'Volume',
  File "/home/parrochia/.local/lib/python3.10/site-packages/pandas/core/frame.py", line 5581, in drop
    return super().drop(
  File "/home/parrochia/.local/lib/python3.10/site-packages/pandas/core/generic.py", line 4788, in drop
    obj = obj._drop_axis(labels, axis, level=level, errors=errors)
  File "/home/parrochia/.local/lib/python3.10/site-packages/pandas/core/generic.py", line 4859, in _drop_axis
    raise KeyError(f"{labels} not found in axis")
KeyError: "['FromDate' 'time_diff' 'Open' 'High' 'Low' 'Close' 'Volume' 'date'\n 'prev_date' 'Volume_SMA_5' 'Volume_SMA_10' 'Stoch_RSI' 'Keltner_High'\n 'Volume_SMA_20' 'Volume_Ratio_SMA5' 'Volume_Ratio_SMA10'\n 'Volume_Ratio_SMA20' 'SuperTrend_Trend' 'SuperTrend_Direction'\n 'Volume_Change_1' 'Volume_Change_5' 'PV_Ratio' 'PV_Change' 'ATR_14'\n 'Bollinger_High' 'Bollinger_Low' 'Bollinger_Width' 'MFM' 'MFV' 'CMF_20'\n 'CCI_5' 'MACD' 'MACD_Signal' 'body_ratio_prev' 'SMA_10' 'EMA_10' 'CCI_10'\n 'CCI_15' 'corps_candle_prev' 'corps_sum' 'ratio_corps' 'EMA_12' 'EMA_26'\n 'upper_wick' 'lower_wick' 'same_direction' 'candle_trend' 'meche_basse'\n 'meche_haute' 'corps_candle' 'candle_range' 'direction'\n 'future_direction_2' 'RSI_Crossover_EMA' 'RSI_Crossover_SMA'\n 'RSI_Trend_Direction' 'RSI_Trend' 'RSI_EMA_14' 'RSI_EMA_7'\n 'Vol_Weighted_RSI_SMA' 'Volume_Oscillator' 'SMA_RSI' 'RSI' 'VWAP'\n 'RSI_SMA_7' 'RSI_SMA_14' 'VWMA_10' 'is_summer' 'RSI_14' 'stock_open_hour'\n 'market_open_hour' 'VWMA_20' 'Force_Index_1' 'minute' 'day_of_week'\n 'Force_Index_13' 'day' 'hour' 'year' 'month' 'timestamp'\n 'Vol_Weighted_RSI' 'Vol_Weighted_Down_Avg' 'Vol_Weighted_Up_Avg'\n 'Vol_Weighted_Down' 'Vol_Weighted_Up' 'MFI_14' 'Money_Flow_Negative'\n 'Money_Flow_Positive' 'Typical_Price_Prev' 'Raw_Money_Flow'\n 'Typical_Price' 'OBV' 'OBV_normalized' 'OBV_norm_minmax' 'OBV_SMA_short'\n 'OBV_SMA_medium' 'OBV_SMA_long' 'OBV_Trend_short' 'OBV_Trend_medium'\n 'OBV_Trend_long' 'OBV_Trend' 'ADL' 'ADL_norm' 'ADL_SMA5' 'ADL_SMA15'\n 'ADL_SMA30' 'ADL_Trend' 'Price_Trend' 'ADL_Divergence' 'PVT_change' 'PVT'\n 'PVT_norm' 'PVT_SMA10' 'PVT_SMA30' 'PVT_signal' 'PVT_cross'\n 'PVT_cross_signal' 'PVT_delta5' 'doji_type' 'doji' 'doji_strength'\n 'perfect_doji' 'doji_invalid' 'pattern_type' 'bullish_engulfing'\n 'bearish_engulfing' 'engulfing_strength' 'Keltner_Low' 'Keltner_Mid'\n 'Keltner_Width'] not found in axis"
2025-06-06 13:56:32,865 - websockets.server - INFO - server closing
2025-06-06 13:56:32,866 - websockets.server - INFO - server closed
2025-06-06 13:56:45,834 - absl - WARNING - Compiled the loaded model, but the compiled metrics have yet to be built. `model.compile_metrics` will be empty until you train or evaluate the model.
2025-06-06 13:56:46,275 - prediction_service - INFO - Modèle existant compatible avec 158 features
2025-06-06 13:56:46,276 - prediction_service - INFO - Démarrage du serveur WebSocket sur 0.0.0.0:8765
2025-06-06 13:56:46,284 - websockets.server - INFO - server listening on 0.0.0.0:8765
2025-06-06 14:01:36,791 - websockets.server - INFO - connection open
2025-06-06 14:01:36,792 - prediction_service - INFO - Nouvelle connexion WebSocket: ('127.0.0.1', 52878)
2025-06-06 14:01:36,859 - absl - WARNING - Compiled the loaded model, but the compiled metrics have yet to be built. `model.compile_metrics` will be empty until you train or evaluate the model.
2025-06-06 14:01:36,862 - prediction_service - INFO - Modèle chargé depuis ./model/best_model.h5
2025-06-06 14:01:37,843 - prediction_service - INFO - Message reçu: 5min - 50 barres
2025-06-06 14:01:37,853 - prediction_service - INFO - Données historiques mises à jour pour 5min: 50 barres du 2025-06-02 07:20:00 au 2025-06-02 11:25:00
2025-06-06 14:01:37,854 - prediction_service - WARNING - Données insuffisantes pour les timeframes suivants (au moins 14 lignes requises) : 1h, 4h, 1d
2025-06-06 14:01:37,855 - prediction_service - INFO - Message reçu: 1h - 50 barres
2025-06-06 14:01:37,859 - prediction_service - INFO - Données historiques mises à jour pour 1h: 50 barres du 2025-05-29 09:00:00 au 2025-06-02 13:00:00
2025-06-06 14:01:37,859 - prediction_service - WARNING - Données insuffisantes pour les timeframes suivants (au moins 14 lignes requises) : 4h, 1d
2025-06-06 14:01:37,860 - prediction_service - INFO - Message reçu: 4h - 50 barres
2025-06-06 14:01:37,865 - prediction_service - INFO - Données historiques mises à jour pour 4h: 50 barres du 2025-05-21 15:00:00 au 2025-06-02 11:00:00
2025-06-06 14:01:37,865 - prediction_service - WARNING - Données insuffisantes pour les timeframes suivants (au moins 14 lignes requises) : 1d
2025-06-06 14:01:37,865 - prediction_service - INFO - Message reçu: 1d - 50 barres
2025-06-06 14:01:37,871 - prediction_service - INFO - Données historiques mises à jour pour 1d: 50 barres du 2025-03-23 23:00:00 au 2025-06-01 22:00:00
2025-06-06 14:01:37,882 - prediction_service - INFO - DEBUG - Entrées dans prepare_data_for_prediction:
2025-06-06 14:01:37,882 - prediction_service - INFO -   5min: 49 lignes
2025-06-06 14:01:37,882 - prediction_service - INFO -   1h: 50 lignes
2025-06-06 14:01:37,883 - prediction_service - INFO -   4h: 50 lignes
2025-06-06 14:01:37,883 - prediction_service - INFO -   1d: 50 lignes
2025-06-06 14:01:37,883 - prediction_service - INFO - **************************************************** 1
2025-06-06 14:01:38,468 - prediction_service - ERROR - Erreur: "['FromDate' 'time_diff' 'Open' 'High' 'Low' 'Close' 'Volume' 'date'\n 'prev_date' 'Volume_SMA_5' 'Volume_SMA_10' 'Stoch_RSI' 'Keltner_High'\n 'Volume_SMA_20' 'Volume_Ratio_SMA5' 'Volume_Ratio_SMA10'\n 'Volume_Ratio_SMA20' 'SuperTrend_Trend' 'SuperTrend_Direction'\n 'Volume_Change_1' 'Volume_Change_5' 'PV_Ratio' 'PV_Change' 'ATR_14'\n 'Bollinger_High' 'Bollinger_Low' 'Bollinger_Width' 'MFM' 'MFV' 'CMF_20'\n 'CCI_5' 'MACD' 'MACD_Signal' 'body_ratio_prev' 'SMA_10' 'EMA_10' 'CCI_10'\n 'CCI_15' 'corps_candle_prev' 'corps_sum' 'ratio_corps' 'EMA_12' 'EMA_26'\n 'upper_wick' 'lower_wick' 'same_direction' 'candle_trend' 'meche_basse'\n 'meche_haute' 'corps_candle' 'candle_range' 'direction'\n 'future_direction_2' 'RSI_Crossover_EMA' 'RSI_Crossover_SMA'\n 'RSI_Trend_Direction' 'RSI_Trend' 'RSI_EMA_14' 'RSI_EMA_7'\n 'Vol_Weighted_RSI_SMA' 'Volume_Oscillator' 'SMA_RSI' 'RSI' 'VWAP'\n 'RSI_SMA_7' 'RSI_SMA_14' 'VWMA_10' 'is_summer' 'RSI_14' 'stock_open_hour'\n 'market_open_hour' 'VWMA_20' 'Force_Index_1' 'minute' 'day_of_week'\n 'Force_Index_13' 'day' 'hour' 'year' 'month' 'timestamp'\n 'Vol_Weighted_RSI' 'Vol_Weighted_Down_Avg' 'Vol_Weighted_Up_Avg'\n 'Vol_Weighted_Down' 'Vol_Weighted_Up' 'MFI_14' 'Money_Flow_Negative'\n 'Money_Flow_Positive' 'Typical_Price_Prev' 'Raw_Money_Flow'\n 'Typical_Price' 'OBV' 'OBV_normalized' 'OBV_norm_minmax' 'OBV_SMA_short'\n 'OBV_SMA_medium' 'OBV_SMA_long' 'OBV_Trend_short' 'OBV_Trend_medium'\n 'OBV_Trend_long' 'OBV_Trend' 'ADL' 'ADL_norm' 'ADL_SMA5' 'ADL_SMA15'\n 'ADL_SMA30' 'ADL_Trend' 'Price_Trend' 'ADL_Divergence' 'PVT_change' 'PVT'\n 'PVT_norm' 'PVT_SMA10' 'PVT_SMA30' 'PVT_signal' 'PVT_cross'\n 'PVT_cross_signal' 'PVT_delta5' 'doji_type' 'doji' 'doji_strength'\n 'perfect_doji' 'doji_invalid' 'pattern_type' 'bullish_engulfing'\n 'bearish_engulfing' 'engulfing_strength' 'Keltner_Low' 'Keltner_Mid'\n 'Keltner_Width'] not found in axis"
Traceback (most recent call last):
  File "/home/parrochia/go/src/github.com/trading-prediction-with-machine-learning/./src/prediction_service.py", line 178, in handle_websocket
    x = prepare_prediction_data()
  File "/home/parrochia/go/src/github.com/trading-prediction-with-machine-learning/./src/prediction_service.py", line 268, in prepare_prediction_data
    x = prepare_data_for_prediction(df_5min, df_1h, df_4h, df_1d, sequence_length=SEQUENCE_LENGTH)
  File "/home/parrochia/go/src/github.com/trading-prediction-with-machine-learning/./src/prediction_service.py", line 59, in prepare_data_for_prediction
    features_df = create_parquet(df_5min, df_1h, df_4h, df_1d)
  File "/home/parrochia/go/src/github.com/trading-prediction-with-machine-learning/src/model_trainer.py", line 2521, in create_parquet
    print(features_df.drop(['FromDate', 'time_diff', 'Open', 'High', 'Low', 'Close',  'Volume',
  File "/home/parrochia/.local/lib/python3.10/site-packages/pandas/core/frame.py", line 5581, in drop
    return super().drop(
  File "/home/parrochia/.local/lib/python3.10/site-packages/pandas/core/generic.py", line 4788, in drop
    obj = obj._drop_axis(labels, axis, level=level, errors=errors)
  File "/home/parrochia/.local/lib/python3.10/site-packages/pandas/core/generic.py", line 4859, in _drop_axis
    raise KeyError(f"{labels} not found in axis")
KeyError: "['FromDate' 'time_diff' 'Open' 'High' 'Low' 'Close' 'Volume' 'date'\n 'prev_date' 'Volume_SMA_5' 'Volume_SMA_10' 'Stoch_RSI' 'Keltner_High'\n 'Volume_SMA_20' 'Volume_Ratio_SMA5' 'Volume_Ratio_SMA10'\n 'Volume_Ratio_SMA20' 'SuperTrend_Trend' 'SuperTrend_Direction'\n 'Volume_Change_1' 'Volume_Change_5' 'PV_Ratio' 'PV_Change' 'ATR_14'\n 'Bollinger_High' 'Bollinger_Low' 'Bollinger_Width' 'MFM' 'MFV' 'CMF_20'\n 'CCI_5' 'MACD' 'MACD_Signal' 'body_ratio_prev' 'SMA_10' 'EMA_10' 'CCI_10'\n 'CCI_15' 'corps_candle_prev' 'corps_sum' 'ratio_corps' 'EMA_12' 'EMA_26'\n 'upper_wick' 'lower_wick' 'same_direction' 'candle_trend' 'meche_basse'\n 'meche_haute' 'corps_candle' 'candle_range' 'direction'\n 'future_direction_2' 'RSI_Crossover_EMA' 'RSI_Crossover_SMA'\n 'RSI_Trend_Direction' 'RSI_Trend' 'RSI_EMA_14' 'RSI_EMA_7'\n 'Vol_Weighted_RSI_SMA' 'Volume_Oscillator' 'SMA_RSI' 'RSI' 'VWAP'\n 'RSI_SMA_7' 'RSI_SMA_14' 'VWMA_10' 'is_summer' 'RSI_14' 'stock_open_hour'\n 'market_open_hour' 'VWMA_20' 'Force_Index_1' 'minute' 'day_of_week'\n 'Force_Index_13' 'day' 'hour' 'year' 'month' 'timestamp'\n 'Vol_Weighted_RSI' 'Vol_Weighted_Down_Avg' 'Vol_Weighted_Up_Avg'\n 'Vol_Weighted_Down' 'Vol_Weighted_Up' 'MFI_14' 'Money_Flow_Negative'\n 'Money_Flow_Positive' 'Typical_Price_Prev' 'Raw_Money_Flow'\n 'Typical_Price' 'OBV' 'OBV_normalized' 'OBV_norm_minmax' 'OBV_SMA_short'\n 'OBV_SMA_medium' 'OBV_SMA_long' 'OBV_Trend_short' 'OBV_Trend_medium'\n 'OBV_Trend_long' 'OBV_Trend' 'ADL' 'ADL_norm' 'ADL_SMA5' 'ADL_SMA15'\n 'ADL_SMA30' 'ADL_Trend' 'Price_Trend' 'ADL_Divergence' 'PVT_change' 'PVT'\n 'PVT_norm' 'PVT_SMA10' 'PVT_SMA30' 'PVT_signal' 'PVT_cross'\n 'PVT_cross_signal' 'PVT_delta5' 'doji_type' 'doji' 'doji_strength'\n 'perfect_doji' 'doji_invalid' 'pattern_type' 'bullish_engulfing'\n 'bearish_engulfing' 'engulfing_strength' 'Keltner_Low' 'Keltner_Mid'\n 'Keltner_Width'] not found in axis"
2025-06-06 14:04:05,164 - websockets.server - INFO - server closing
2025-06-06 14:04:05,165 - websockets.server - INFO - server closed
2025-06-06 14:04:12,901 - absl - WARNING - Compiled the loaded model, but the compiled metrics have yet to be built. `model.compile_metrics` will be empty until you train or evaluate the model.
2025-06-06 14:04:13,325 - prediction_service - INFO - Modèle existant compatible avec 158 features
2025-06-06 14:04:13,325 - prediction_service - INFO - Démarrage du serveur WebSocket sur 0.0.0.0:8765
2025-06-06 14:04:13,334 - websockets.server - INFO - server listening on 0.0.0.0:8765
2025-06-06 14:04:14,245 - websockets.server - INFO - connection open
2025-06-06 14:04:14,246 - prediction_service - INFO - Nouvelle connexion WebSocket: ('127.0.0.1', 47828)
2025-06-06 14:04:14,288 - absl - WARNING - Compiled the loaded model, but the compiled metrics have yet to be built. `model.compile_metrics` will be empty until you train or evaluate the model.
2025-06-06 14:04:14,296 - prediction_service - INFO - Modèle chargé depuis ./model/best_model.h5
2025-06-06 14:04:15,140 - prediction_service - INFO - Message reçu: 5min - 50 barres
2025-06-06 14:04:15,145 - prediction_service - INFO - Données historiques mises à jour pour 5min: 50 barres du 2025-06-02 07:20:00 au 2025-06-02 11:25:00
2025-06-06 14:04:15,145 - prediction_service - WARNING - Données insuffisantes pour les timeframes suivants (au moins 14 lignes requises) : 1h, 4h, 1d
2025-06-06 14:04:15,146 - prediction_service - INFO - Message reçu: 1h - 50 barres
2025-06-06 14:04:15,149 - prediction_service - INFO - Données historiques mises à jour pour 1h: 50 barres du 2025-05-29 09:00:00 au 2025-06-02 13:00:00
2025-06-06 14:04:15,149 - prediction_service - WARNING - Données insuffisantes pour les timeframes suivants (au moins 14 lignes requises) : 4h, 1d
2025-06-06 14:04:15,150 - prediction_service - INFO - Message reçu: 4h - 50 barres
2025-06-06 14:04:15,152 - prediction_service - INFO - Données historiques mises à jour pour 4h: 50 barres du 2025-05-21 15:00:00 au 2025-06-02 11:00:00
2025-06-06 14:04:15,152 - prediction_service - WARNING - Données insuffisantes pour les timeframes suivants (au moins 14 lignes requises) : 1d
2025-06-06 14:04:15,153 - prediction_service - INFO - Message reçu: 1d - 50 barres
2025-06-06 14:04:15,155 - prediction_service - INFO - Données historiques mises à jour pour 1d: 50 barres du 2025-03-23 23:00:00 au 2025-06-01 22:00:00
2025-06-06 14:04:15,164 - prediction_service - INFO - DEBUG - Entrées dans prepare_data_for_prediction:
2025-06-06 14:04:15,164 - prediction_service - INFO -   5min: 49 lignes
2025-06-06 14:04:15,164 - prediction_service - INFO -   1h: 50 lignes
2025-06-06 14:04:15,164 - prediction_service - INFO -   4h: 50 lignes
2025-06-06 14:04:15,164 - prediction_service - INFO -   1d: 50 lignes
2025-06-06 14:04:15,164 - prediction_service - INFO - **************************************************** 1
2025-06-06 14:04:16,206 - prediction_service - ERROR - Erreur: 'High'
Traceback (most recent call last):
  File "/home/parrochia/.local/lib/python3.10/site-packages/pandas/core/indexes/base.py", line 3805, in get_loc
    return self._engine.get_loc(casted_key)
  File "index.pyx", line 167, in pandas._libs.index.IndexEngine.get_loc
  File "index.pyx", line 191, in pandas._libs.index.IndexEngine.get_loc
  File "index.pyx", line 234, in pandas._libs.index.IndexEngine._get_loc_duplicates
  File "index.pyx", line 242, in pandas._libs.index.IndexEngine._maybe_get_bool_indexer
  File "index.pyx", line 134, in pandas._libs.index._unpack_bool_indexer
KeyError: 'High'

The above exception was the direct cause of the following exception:

Traceback (most recent call last):
  File "/home/parrochia/go/src/github.com/trading-prediction-with-machine-learning/./src/prediction_service.py", line 178, in handle_websocket
    x = prepare_prediction_data()
  File "/home/parrochia/go/src/github.com/trading-prediction-with-machine-learning/./src/prediction_service.py", line 268, in prepare_prediction_data
    x = prepare_data_for_prediction(df_5min, df_1h, df_4h, df_1d, sequence_length=SEQUENCE_LENGTH)
  File "/home/parrochia/go/src/github.com/trading-prediction-with-machine-learning/./src/prediction_service.py", line 59, in prepare_data_for_prediction
    features_df = create_parquet(df_5min, df_1h, df_4h, df_1d)
  File "/home/parrochia/go/src/github.com/trading-prediction-with-machine-learning/src/model_trainer.py", line 2550, in create_parquet
    high=features_df['High'],
  File "/home/parrochia/.local/lib/python3.10/site-packages/pandas/core/frame.py", line 4102, in __getitem__
    indexer = self.columns.get_loc(key)
  File "/home/parrochia/.local/lib/python3.10/site-packages/pandas/core/indexes/base.py", line 3812, in get_loc
    raise KeyError(key) from err
KeyError: 'High'
2025-06-06 14:06:37,081 - websockets.server - INFO - server closing
2025-06-06 14:06:37,081 - websockets.server - INFO - server closed
2025-06-06 14:06:45,924 - absl - WARNING - Compiled the loaded model, but the compiled metrics have yet to be built. `model.compile_metrics` will be empty until you train or evaluate the model.
2025-06-06 14:06:46,386 - prediction_service - INFO - Modèle existant compatible avec 158 features
2025-06-06 14:06:46,386 - prediction_service - INFO - Démarrage du serveur WebSocket sur 0.0.0.0:8765
2025-06-06 14:06:46,398 - websockets.server - INFO - server listening on 0.0.0.0:8765
2025-06-06 14:06:46,802 - websockets.server - INFO - connection open
2025-06-06 14:06:46,802 - prediction_service - INFO - Nouvelle connexion WebSocket: ('127.0.0.1', 39126)
2025-06-06 14:06:46,842 - absl - WARNING - Compiled the loaded model, but the compiled metrics have yet to be built. `model.compile_metrics` will be empty until you train or evaluate the model.
2025-06-06 14:06:46,845 - prediction_service - INFO - Modèle chargé depuis ./model/best_model.h5
2025-06-06 14:06:47,839 - prediction_service - INFO - Message reçu: 5min - 50 barres
2025-06-06 14:06:47,846 - prediction_service - INFO - Données historiques mises à jour pour 5min: 50 barres du 2025-06-02 07:20:00 au 2025-06-02 11:25:00
2025-06-06 14:06:47,846 - prediction_service - WARNING - Données insuffisantes pour les timeframes suivants (au moins 14 lignes requises) : 1h, 4h, 1d
2025-06-06 14:06:47,847 - prediction_service - INFO - Message reçu: 1h - 50 barres
2025-06-06 14:06:47,850 - prediction_service - INFO - Données historiques mises à jour pour 1h: 50 barres du 2025-05-29 09:00:00 au 2025-06-02 13:00:00
2025-06-06 14:06:47,850 - prediction_service - WARNING - Données insuffisantes pour les timeframes suivants (au moins 14 lignes requises) : 4h, 1d
2025-06-06 14:06:47,851 - prediction_service - INFO - Message reçu: 4h - 50 barres
2025-06-06 14:06:47,853 - prediction_service - INFO - Données historiques mises à jour pour 4h: 50 barres du 2025-05-21 15:00:00 au 2025-06-02 11:00:00
2025-06-06 14:06:47,854 - prediction_service - WARNING - Données insuffisantes pour les timeframes suivants (au moins 14 lignes requises) : 1d
2025-06-06 14:06:47,854 - prediction_service - INFO - Message reçu: 1d - 50 barres
2025-06-06 14:06:47,857 - prediction_service - INFO - Données historiques mises à jour pour 1d: 50 barres du 2025-03-23 23:00:00 au 2025-06-01 22:00:00
2025-06-06 14:06:47,864 - prediction_service - INFO - DEBUG - Entrées dans prepare_data_for_prediction:
2025-06-06 14:06:47,865 - prediction_service - INFO -   5min: 49 lignes
2025-06-06 14:06:47,865 - prediction_service - INFO -   1h: 50 lignes
2025-06-06 14:06:47,865 - prediction_service - INFO -   4h: 50 lignes
2025-06-06 14:06:47,865 - prediction_service - INFO -   1d: 50 lignes
2025-06-06 14:06:47,865 - prediction_service - INFO - **************************************************** 1
2025-06-06 14:06:48,624 - prediction_service - ERROR - Erreur: 'High'
Traceback (most recent call last):
  File "/home/parrochia/.local/lib/python3.10/site-packages/pandas/core/indexes/base.py", line 3805, in get_loc
    return self._engine.get_loc(casted_key)
  File "index.pyx", line 167, in pandas._libs.index.IndexEngine.get_loc
  File "index.pyx", line 191, in pandas._libs.index.IndexEngine.get_loc
  File "index.pyx", line 234, in pandas._libs.index.IndexEngine._get_loc_duplicates
  File "index.pyx", line 242, in pandas._libs.index.IndexEngine._maybe_get_bool_indexer
  File "index.pyx", line 134, in pandas._libs.index._unpack_bool_indexer
KeyError: 'High'

The above exception was the direct cause of the following exception:

Traceback (most recent call last):
  File "/home/parrochia/go/src/github.com/trading-prediction-with-machine-learning/./src/prediction_service.py", line 178, in handle_websocket
    x = prepare_prediction_data()
  File "/home/parrochia/go/src/github.com/trading-prediction-with-machine-learning/./src/prediction_service.py", line 268, in prepare_prediction_data
    x = prepare_data_for_prediction(df_5min, df_1h, df_4h, df_1d, sequence_length=SEQUENCE_LENGTH)
  File "/home/parrochia/go/src/github.com/trading-prediction-with-machine-learning/./src/prediction_service.py", line 59, in prepare_data_for_prediction
    features_df = create_parquet(df_5min, df_1h, df_4h, df_1d)
  File "/home/parrochia/go/src/github.com/trading-prediction-with-machine-learning/src/model_trainer.py", line 2550, in create_parquet
    high=features_df['High'],
  File "/home/parrochia/.local/lib/python3.10/site-packages/pandas/core/frame.py", line 4102, in __getitem__
    indexer = self.columns.get_loc(key)
  File "/home/parrochia/.local/lib/python3.10/site-packages/pandas/core/indexes/base.py", line 3812, in get_loc
    raise KeyError(key) from err
KeyError: 'High'
2025-06-06 14:07:56,068 - websockets.server - INFO - server closing
2025-06-06 14:07:56,068 - websockets.server - INFO - server closed
2025-06-06 14:08:00,758 - absl - WARNING - Compiled the loaded model, but the compiled metrics have yet to be built. `model.compile_metrics` will be empty until you train or evaluate the model.
2025-06-06 14:08:01,033 - prediction_service - INFO - Modèle existant compatible avec 158 features
2025-06-06 14:08:01,033 - prediction_service - INFO - Démarrage du serveur WebSocket sur 0.0.0.0:8765
2025-06-06 14:08:01,045 - websockets.server - INFO - server listening on 0.0.0.0:8765
2025-06-06 14:08:03,822 - websockets.server - INFO - connection open
2025-06-06 14:08:03,823 - prediction_service - INFO - Nouvelle connexion WebSocket: ('127.0.0.1', 55902)
2025-06-06 14:08:03,877 - absl - WARNING - Compiled the loaded model, but the compiled metrics have yet to be built. `model.compile_metrics` will be empty until you train or evaluate the model.
2025-06-06 14:08:03,880 - prediction_service - INFO - Modèle chargé depuis ./model/best_model.h5
2025-06-06 14:08:05,015 - prediction_service - INFO - Message reçu: 5min - 50 barres
2025-06-06 14:08:05,021 - prediction_service - INFO - Données historiques mises à jour pour 5min: 50 barres du 2025-06-02 07:20:00 au 2025-06-02 11:25:00
2025-06-06 14:08:05,022 - prediction_service - WARNING - Données insuffisantes pour les timeframes suivants (au moins 14 lignes requises) : 1h, 4h, 1d
2025-06-06 14:08:05,023 - prediction_service - INFO - Message reçu: 1h - 50 barres
2025-06-06 14:08:05,025 - prediction_service - INFO - Données historiques mises à jour pour 1h: 50 barres du 2025-05-29 09:00:00 au 2025-06-02 13:00:00
2025-06-06 14:08:05,026 - prediction_service - WARNING - Données insuffisantes pour les timeframes suivants (au moins 14 lignes requises) : 4h, 1d
2025-06-06 14:08:05,026 - prediction_service - INFO - Message reçu: 4h - 50 barres
2025-06-06 14:08:05,029 - prediction_service - INFO - Données historiques mises à jour pour 4h: 50 barres du 2025-05-21 15:00:00 au 2025-06-02 11:00:00
2025-06-06 14:08:05,029 - prediction_service - WARNING - Données insuffisantes pour les timeframes suivants (au moins 14 lignes requises) : 1d
2025-06-06 14:08:05,029 - prediction_service - INFO - Message reçu: 1d - 50 barres
2025-06-06 14:08:05,032 - prediction_service - INFO - Données historiques mises à jour pour 1d: 50 barres du 2025-03-23 23:00:00 au 2025-06-01 22:00:00
2025-06-06 14:08:05,040 - prediction_service - INFO - DEBUG - Entrées dans prepare_data_for_prediction:
2025-06-06 14:08:05,041 - prediction_service - INFO -   5min: 49 lignes
2025-06-06 14:08:05,041 - prediction_service - INFO -   1h: 50 lignes
2025-06-06 14:08:05,041 - prediction_service - INFO -   4h: 50 lignes
2025-06-06 14:08:05,041 - prediction_service - INFO -   1d: 50 lignes
2025-06-06 14:08:05,041 - prediction_service - INFO - **************************************************** 1
2025-06-06 14:08:06,081 - prediction_service - INFO - **************************************************** 2
2025-06-06 14:08:06,081 - prediction_service - INFO - DEBUG - Après create_parquet: 30 lignes
2025-06-06 14:08:06,081 - prediction_service - INFO - **************************************************** 3
2025-06-06 14:08:06,081 - prediction_service - INFO - DEBUG - Features disponibles: []
2025-06-06 14:08:06,081 - prediction_service - INFO - DEBUG - Colonnes avant nettoyage: ['Open_1h', 'High_1h', 'Low_1h', 'Close_1h', 'Volume_1h', 'Volume_SMA', 'OBV_std', 'OBV_norm_std', 'OBV_SMA_10', 'OBV_EMA_10', 'OBV_WMA_10', 'OBV_SMA_20', 'OBV_EMA_20', 'OBV_WMA_20', 'OBV_SMA_50', 'OBV_EMA_50', 'OBV_WMA_50', 'OBV_Bullish_Div_10', 'OBV_Bearish_Div_10', 'OBV_Bullish_Div_20', 'OBV_Bearish_Div_20', 'OBV_Bullish_Div_50', 'OBV_Bearish_Div_50', 'VWAP_10', 'Open_4h', 'High_4h', 'Low_4h', 'Close_4h', 'Volume_4h', 'candle_range_4h', 'corps_candle_4h', 'meche_haute_4h', 'meche_basse_4h', 'candle_trend_4h', 'doji_type_4h', 'doji_4h', 'doji_strength_4h', 'perfect_doji_4h', 'upper_wick_4h', 'lower_wick_4h', 'ratio_corps_4h', 'doji_invalid_4h', 'pattern_type_4h', 'bullish_engulfing_4h', 'bearish_engulfing_4h', 'engulfing_strength_4h', 'corps_candle_prev_4h', 'corps_sum_4h', 'Volume_SMA_5_4h', 'Volume_SMA_10_4h', 'Volume_SMA_20_4h', 'Volume_Ratio_SMA5_4h', 'Volume_Ratio_SMA10_4h', 'Volume_Ratio_SMA20_4h', 'Volume_Change_1_4h', 'Volume_Change_5_4h', 'PV_Ratio_4h', 'PV_Change_4h', 'OBV_4h', 'Volume_SMA_4h', 'OBV_normalized_4h', 'OBV_norm_minmax_4h', 'OBV_std_4h', 'OBV_norm_std_4h', 'OBV_SMA_10_4h', 'OBV_EMA_10_4h', 'OBV_WMA_10_4h', 'OBV_SMA_20_4h', 'OBV_EMA_20_4h', 'OBV_WMA_20_4h', 'OBV_SMA_50_4h', 'OBV_EMA_50_4h', 'OBV_WMA_50_4h', 'OBV_Trend_short_4h', 'OBV_Trend_medium_4h', 'OBV_Trend_long_4h', 'OBV_Bullish_Div_10_4h', 'OBV_Bearish_Div_10_4h', 'OBV_Bullish_Div_20_4h', 'OBV_Bearish_Div_20_4h', 'OBV_Bullish_Div_50_4h', 'OBV_Bearish_Div_50_4h', 'MFV_4h', 'ADL_4h', 'ADL_norm_4h', 'ADL_SMA5_4h', 'ADL_SMA15_4h', 'ADL_SMA30_4h', 'ADL_Trend_4h', 'Price_Trend_4h', 'ADL_Divergence_4h', 'MFM_4h', 'CMF_20_4h', 'PVT_change_4h', 'PVT_4h', 'PVT_norm_4h', 'PVT_SMA10_4h', 'PVT_SMA30_4h', 'PVT_signal_4h', 'PVT_cross_4h', 'PVT_cross_signal_4h', 'PVT_delta5_4h', 'CCI_5_4h', 'CCI_10_4h', 'CCI_15_4h', 'Volume_Oscillator_4h', 'VWAP_4h', 'VWMA_10_4h', 'VWMA_20_4h', 'Force_Index_1_4h', 'Force_Index_13_4h', 'Typical_Price_4h', 'Raw_Money_Flow_4h', 'Typical_Price_Prev_4h', 'Money_Flow_Positive_4h', 'Money_Flow_Negative_4h', 'MFI_14_4h', 'Vol_Weighted_Up_4h', 'Vol_Weighted_Down_4h', 'Vol_Weighted_Up_Avg_4h', 'Vol_Weighted_Down_Avg_4h', 'Vol_Weighted_RSI_4h', 'VWAP_10_4h', 'Open_1d', 'High_1d', 'Low_1d', 'Close_1d', 'Volume_1d', 'candle_range_1d', 'corps_candle_1d', 'meche_haute_1d', 'meche_basse_1d', 'candle_trend_1d', 'doji_type_1d', 'doji_1d', 'doji_strength_1d', 'perfect_doji_1d', 'upper_wick_1d', 'lower_wick_1d', 'ratio_corps_1d', 'doji_invalid_1d', 'pattern_type_1d', 'bullish_engulfing_1d', 'bearish_engulfing_1d', 'engulfing_strength_1d', 'corps_candle_prev_1d', 'corps_sum_1d', 'Volume_SMA_5_1d', 'Volume_SMA_10_1d', 'Volume_SMA_20_1d', 'Volume_Ratio_SMA5_1d', 'Volume_Ratio_SMA10_1d', 'Volume_Ratio_SMA20_1d', 'Volume_Change_1_1d', 'Volume_Change_5_1d', 'PV_Ratio_1d', 'PV_Change_1d', 'OBV_1d', 'Volume_SMA_1d', 'OBV_normalized_1d', 'OBV_norm_minmax_1d', 'OBV_std_1d', 'OBV_norm_std_1d', 'OBV_SMA_10_1d', 'OBV_EMA_10_1d', 'OBV_WMA_10_1d', 'OBV_SMA_20_1d', 'OBV_EMA_20_1d', 'OBV_WMA_20_1d', 'OBV_SMA_50_1d', 'OBV_EMA_50_1d', 'OBV_WMA_50_1d', 'OBV_Trend_short_1d', 'OBV_Trend_medium_1d', 'OBV_Trend_long_1d', 'OBV_Bullish_Div_10_1d', 'OBV_Bearish_Div_10_1d', 'OBV_Bullish_Div_20_1d', 'OBV_Bearish_Div_20_1d', 'OBV_Bullish_Div_50_1d', 'OBV_Bearish_Div_50_1d', 'MFV_1d', 'ADL_1d', 'ADL_norm_1d', 'ADL_SMA5_1d', 'ADL_SMA15_1d', 'ADL_SMA30_1d', 'ADL_Trend_1d', 'Price_Trend_1d', 'ADL_Divergence_1d', 'MFM_1d', 'CMF_20_1d', 'PVT_change_1d', 'PVT_1d', 'PVT_norm_1d', 'PVT_SMA10_1d', 'PVT_SMA30_1d', 'PVT_signal_1d', 'PVT_cross_1d', 'PVT_cross_signal_1d', 'PVT_delta5_1d', 'CCI_5_1d', 'CCI_10_1d', 'CCI_15_1d', 'Volume_Oscillator_1d', 'VWAP_1d', 'VWMA_10_1d', 'VWMA_20_1d', 'Force_Index_1_1d', 'Force_Index_13_1d', 'Typical_Price_1d', 'Raw_Money_Flow_1d', 'Typical_Price_Prev_1d', 'Money_Flow_Positive_1d', 'Money_Flow_Negative_1d', 'MFI_14_1d', 'Vol_Weighted_Up_1d', 'Vol_Weighted_Down_1d', 'Vol_Weighted_Up_Avg_1d', 'Vol_Weighted_Down_Avg_1d', 'Vol_Weighted_RSI_1d', 'VWAP_10_1d', 'Volume_SMA', 'OBV_std', 'OBV_norm_std', 'OBV_SMA_10', 'OBV_EMA_10', 'OBV_WMA_10', 'OBV_SMA_20', 'OBV_EMA_20', 'OBV_WMA_20', 'OBV_SMA_50', 'OBV_EMA_50', 'OBV_WMA_50', 'OBV_Bullish_Div_10', 'OBV_Bearish_Div_10', 'OBV_Bullish_Div_20', 'OBV_Bearish_Div_20', 'OBV_Bullish_Div_50', 'OBV_Bearish_Div_50', 'SuperTrend_Long', 'SuperTrend_Short', 'ADX', 'Williams_R', 'day_of_year', 'sin_day', 'cos_day', 'sin_hour', 'cos_hour', 'period_of_day', 'hourly_return', 'hourly_volatility', 'volatility_by_period', 'volatility_6h', 'volatility_12h', 'volatility_24h', 'volatility_period_0', 'volatility_period_1', 'volatility_period_2', 'volatility_period_3', 'volatility_morning', 'volatility_afternoon', 'volatility_evening', 'volatility_night', 'log_return_5m', 'log_return_1h', 'momentum_1h', 'log_return_4h', 'momentum_4h', 'log_return_1d', 'momentum_1d', 'momentum_5m']
2025-06-06 14:08:06,082 - prediction_service - INFO - DEBUG - Colonnes non-numériques détectées: ['doji_type_4h', 'pattern_type_4h', 'doji_type_1d', 'pattern_type_1d']
2025-06-06 14:08:06,084 - prediction_service - INFO - DEBUG - Colonnes finales: ['Open_1h', 'High_1h', 'Low_1h', 'Close_1h', 'Volume_1h', 'Volume_SMA', 'OBV_std', 'OBV_norm_std', 'OBV_SMA_10', 'OBV_EMA_10', 'OBV_WMA_10', 'OBV_SMA_20', 'OBV_EMA_20', 'OBV_WMA_20', 'OBV_SMA_50', 'OBV_EMA_50', 'OBV_WMA_50', 'OBV_Bullish_Div_10', 'OBV_Bearish_Div_10', 'OBV_Bullish_Div_20', 'OBV_Bearish_Div_20', 'OBV_Bullish_Div_50', 'OBV_Bearish_Div_50', 'VWAP_10', 'Open_4h', 'High_4h', 'Low_4h', 'Close_4h', 'Volume_4h', 'candle_range_4h', 'corps_candle_4h', 'meche_haute_4h', 'meche_basse_4h', 'candle_trend_4h', 'doji_4h', 'doji_strength_4h', 'perfect_doji_4h', 'upper_wick_4h', 'lower_wick_4h', 'ratio_corps_4h', 'doji_invalid_4h', 'bullish_engulfing_4h', 'bearish_engulfing_4h', 'engulfing_strength_4h', 'corps_candle_prev_4h', 'corps_sum_4h', 'Volume_SMA_5_4h', 'Volume_SMA_10_4h', 'Volume_SMA_20_4h', 'Volume_Ratio_SMA5_4h', 'Volume_Ratio_SMA10_4h', 'Volume_Ratio_SMA20_4h', 'Volume_Change_1_4h', 'Volume_Change_5_4h', 'PV_Ratio_4h', 'PV_Change_4h', 'OBV_4h', 'Volume_SMA_4h', 'OBV_normalized_4h', 'OBV_norm_minmax_4h', 'OBV_std_4h', 'OBV_norm_std_4h', 'OBV_SMA_10_4h', 'OBV_EMA_10_4h', 'OBV_WMA_10_4h', 'OBV_SMA_20_4h', 'OBV_EMA_20_4h', 'OBV_WMA_20_4h', 'OBV_SMA_50_4h', 'OBV_EMA_50_4h', 'OBV_WMA_50_4h', 'OBV_Trend_short_4h', 'OBV_Trend_medium_4h', 'OBV_Trend_long_4h', 'OBV_Bullish_Div_10_4h', 'OBV_Bearish_Div_10_4h', 'OBV_Bullish_Div_20_4h', 'OBV_Bearish_Div_20_4h', 'OBV_Bullish_Div_50_4h', 'OBV_Bearish_Div_50_4h', 'MFV_4h', 'ADL_4h', 'ADL_norm_4h', 'ADL_SMA5_4h', 'ADL_SMA15_4h', 'ADL_SMA30_4h', 'ADL_Trend_4h', 'Price_Trend_4h', 'ADL_Divergence_4h', 'MFM_4h', 'CMF_20_4h', 'PVT_change_4h', 'PVT_4h', 'PVT_norm_4h', 'PVT_SMA10_4h', 'PVT_SMA30_4h', 'PVT_signal_4h', 'PVT_cross_4h', 'PVT_cross_signal_4h', 'PVT_delta5_4h', 'CCI_5_4h', 'CCI_10_4h', 'CCI_15_4h', 'Volume_Oscillator_4h', 'VWAP_4h', 'VWMA_10_4h', 'VWMA_20_4h', 'Force_Index_1_4h', 'Force_Index_13_4h', 'Typical_Price_4h', 'Raw_Money_Flow_4h', 'Typical_Price_Prev_4h', 'Money_Flow_Positive_4h', 'Money_Flow_Negative_4h', 'MFI_14_4h', 'Vol_Weighted_Up_4h', 'Vol_Weighted_Down_4h', 'Vol_Weighted_Up_Avg_4h', 'Vol_Weighted_Down_Avg_4h', 'Vol_Weighted_RSI_4h', 'VWAP_10_4h', 'Open_1d', 'High_1d', 'Low_1d', 'Close_1d', 'Volume_1d', 'candle_range_1d', 'corps_candle_1d', 'meche_haute_1d', 'meche_basse_1d', 'candle_trend_1d', 'doji_1d', 'doji_strength_1d', 'perfect_doji_1d', 'upper_wick_1d', 'lower_wick_1d', 'ratio_corps_1d', 'doji_invalid_1d', 'bullish_engulfing_1d', 'bearish_engulfing_1d', 'engulfing_strength_1d', 'corps_candle_prev_1d', 'corps_sum_1d', 'Volume_SMA_5_1d', 'Volume_SMA_10_1d', 'Volume_SMA_20_1d', 'Volume_Ratio_SMA5_1d', 'Volume_Ratio_SMA10_1d', 'Volume_Ratio_SMA20_1d', 'Volume_Change_1_1d', 'Volume_Change_5_1d', 'PV_Ratio_1d', 'PV_Change_1d', 'OBV_1d', 'Volume_SMA_1d', 'OBV_normalized_1d', 'OBV_norm_minmax_1d', 'OBV_std_1d', 'OBV_norm_std_1d', 'OBV_SMA_10_1d', 'OBV_EMA_10_1d', 'OBV_WMA_10_1d', 'OBV_SMA_20_1d', 'OBV_EMA_20_1d', 'OBV_WMA_20_1d', 'OBV_SMA_50_1d', 'OBV_EMA_50_1d', 'OBV_WMA_50_1d', 'OBV_Trend_short_1d', 'OBV_Trend_medium_1d', 'OBV_Trend_long_1d', 'OBV_Bullish_Div_10_1d', 'OBV_Bearish_Div_10_1d', 'OBV_Bullish_Div_20_1d', 'OBV_Bearish_Div_20_1d', 'OBV_Bullish_Div_50_1d', 'OBV_Bearish_Div_50_1d', 'MFV_1d', 'ADL_1d', 'ADL_norm_1d', 'ADL_SMA5_1d', 'ADL_SMA15_1d', 'ADL_SMA30_1d', 'ADL_Trend_1d', 'Price_Trend_1d', 'ADL_Divergence_1d', 'MFM_1d', 'CMF_20_1d', 'PVT_change_1d', 'PVT_1d', 'PVT_norm_1d', 'PVT_SMA10_1d', 'PVT_SMA30_1d', 'PVT_signal_1d', 'PVT_cross_1d', 'PVT_cross_signal_1d', 'PVT_delta5_1d', 'CCI_5_1d', 'CCI_10_1d', 'CCI_15_1d', 'Volume_Oscillator_1d', 'VWAP_1d', 'VWMA_10_1d', 'VWMA_20_1d', 'Force_Index_1_1d', 'Force_Index_13_1d', 'Typical_Price_1d', 'Raw_Money_Flow_1d', 'Typical_Price_Prev_1d', 'Money_Flow_Positive_1d', 'Money_Flow_Negative_1d', 'MFI_14_1d', 'Vol_Weighted_Up_1d', 'Vol_Weighted_Down_1d', 'Vol_Weighted_Up_Avg_1d', 'Vol_Weighted_Down_Avg_1d', 'Vol_Weighted_RSI_1d', 'VWAP_10_1d', 'Volume_SMA', 'OBV_std', 'OBV_norm_std', 'OBV_SMA_10', 'OBV_EMA_10', 'OBV_WMA_10', 'OBV_SMA_20', 'OBV_EMA_20', 'OBV_WMA_20', 'OBV_SMA_50', 'OBV_EMA_50', 'OBV_WMA_50', 'OBV_Bullish_Div_10', 'OBV_Bearish_Div_10', 'OBV_Bullish_Div_20', 'OBV_Bearish_Div_20', 'OBV_Bullish_Div_50', 'OBV_Bearish_Div_50', 'SuperTrend_Long', 'SuperTrend_Short', 'ADX', 'Williams_R', 'day_of_year', 'sin_day', 'cos_day', 'sin_hour', 'cos_hour', 'period_of_day', 'hourly_return', 'hourly_volatility', 'volatility_by_period', 'volatility_6h', 'volatility_12h', 'volatility_24h', 'volatility_period_0', 'volatility_period_1', 'volatility_period_2', 'volatility_period_3', 'volatility_morning', 'volatility_afternoon', 'volatility_evening', 'volatility_night', 'log_return_5m', 'log_return_1h', 'momentum_1h', 'log_return_4h', 'momentum_4h', 'log_return_1d', 'momentum_1d', 'momentum_5m']
2025-06-06 14:08:06,084 - prediction_service - INFO - DEBUG - Types de données: [dtype('float64') dtype('int64') dtype('int32')]
2025-06-06 14:08:06,085 - prediction_service - INFO - Séquences conservées pour la prédiction (shape=(16, 268)): [[ 6.48660000e+03  6.51110000e+03  6.46860000e+03 ...  4.55879395e-02
   2.92200000e+02 -9.80000000e+00]
 [ 6.48660000e+03  6.51110000e+03  6.46860000e+03 ...  4.55879395e-02
   2.92200000e+02 -3.10000000e+00]
 [ 6.48660000e+03  6.51110000e+03  6.46860000e+03 ...  4.55879395e-02
   2.92200000e+02  2.10000000e+00]
 ...
 [ 6.50900000e+03  6.51200000e+03  6.49420000e+03 ...  4.55879395e-02
   2.92200000e+02 -2.90000000e+00]
 [ 6.50900000e+03  6.51200000e+03  6.49420000e+03 ...  4.55879395e-02
   2.92200000e+02  1.10000000e+00]
 [ 6.50900000e+03  6.51200000e+03  6.49420000e+03 ...  4.55879395e-02
   2.92200000e+02  0.00000000e+00]]
2025-06-06 14:08:06,232 - prediction_service - ERROR - Erreur lors de la vérification NaN/Inf: The truth value of a Series is ambiguous. Use a.empty, a.bool(), a.item(), a.any() or a.all().
2025-06-06 14:12:35,618 - websockets.server - INFO - server closing
2025-06-06 14:12:35,618 - websockets.server - INFO - server closed
2025-06-06 14:12:40,764 - absl - WARNING - Compiled the loaded model, but the compiled metrics have yet to be built. `model.compile_metrics` will be empty until you train or evaluate the model.
2025-06-06 14:12:41,193 - prediction_service - INFO - Modèle existant compatible avec 158 features
2025-06-06 14:12:41,193 - prediction_service - INFO - Démarrage du serveur WebSocket sur 0.0.0.0:8765
2025-06-06 14:12:41,201 - websockets.server - INFO - server listening on 0.0.0.0:8765
2025-06-06 14:12:43,033 - websockets.server - INFO - connection open
2025-06-06 14:12:43,034 - prediction_service - INFO - Nouvelle connexion WebSocket: ('127.0.0.1', 60184)
2025-06-06 14:12:43,081 - absl - WARNING - Compiled the loaded model, but the compiled metrics have yet to be built. `model.compile_metrics` will be empty until you train or evaluate the model.
2025-06-06 14:12:43,086 - prediction_service - INFO - Modèle chargé depuis ./model/best_model.h5
2025-06-06 14:12:45,996 - prediction_service - INFO - Message reçu: 5min - 50 barres
2025-06-06 14:12:46,007 - prediction_service - INFO - Données historiques mises à jour pour 5min: 50 barres du 2025-06-02 07:20:00 au 2025-06-02 11:25:00
2025-06-06 14:12:46,007 - prediction_service - WARNING - Données insuffisantes pour les timeframes suivants (au moins 14 lignes requises) : 1h, 4h, 1d
2025-06-06 14:12:46,009 - prediction_service - INFO - Message reçu: 1h - 50 barres
2025-06-06 14:12:46,013 - prediction_service - INFO - Données historiques mises à jour pour 1h: 50 barres du 2025-05-29 09:00:00 au 2025-06-02 13:00:00
2025-06-06 14:12:46,013 - prediction_service - WARNING - Données insuffisantes pour les timeframes suivants (au moins 14 lignes requises) : 4h, 1d
2025-06-06 14:12:46,014 - prediction_service - INFO - Message reçu: 4h - 50 barres
2025-06-06 14:12:46,017 - prediction_service - INFO - Données historiques mises à jour pour 4h: 50 barres du 2025-05-21 15:00:00 au 2025-06-02 11:00:00
2025-06-06 14:12:46,017 - prediction_service - WARNING - Données insuffisantes pour les timeframes suivants (au moins 14 lignes requises) : 1d
2025-06-06 14:12:46,018 - prediction_service - INFO - Message reçu: 1d - 50 barres
2025-06-06 14:12:46,022 - prediction_service - INFO - Données historiques mises à jour pour 1d: 50 barres du 2025-03-23 23:00:00 au 2025-06-01 22:00:00
2025-06-06 14:12:46,033 - prediction_service - INFO - DEBUG - Entrées dans prepare_data_for_prediction:
2025-06-06 14:12:46,034 - prediction_service - INFO -   5min: 49 lignes
2025-06-06 14:12:46,034 - prediction_service - INFO -   1h: 50 lignes
2025-06-06 14:12:46,034 - prediction_service - INFO -   4h: 50 lignes
2025-06-06 14:12:46,034 - prediction_service - INFO -   1d: 50 lignes
2025-06-06 14:12:46,034 - prediction_service - INFO - **************************************************** 1
2025-06-06 14:12:46,494 - prediction_service - INFO - **************************************************** 2
2025-06-06 14:12:46,494 - prediction_service - INFO - DEBUG - Après create_parquet: 30 lignes
2025-06-06 14:12:46,494 - prediction_service - INFO - **************************************************** 3
2025-06-06 14:12:46,494 - prediction_service - INFO - DEBUG - Features disponibles: []
2025-06-06 14:12:46,494 - prediction_service - INFO - DEBUG - Colonnes avant nettoyage: ['Open_1h', 'High_1h', 'Low_1h', 'Close_1h', 'Volume_1h', 'Volume_SMA', 'OBV_std', 'OBV_norm_std', 'OBV_SMA_10', 'OBV_EMA_10', 'OBV_WMA_10', 'OBV_SMA_20', 'OBV_EMA_20', 'OBV_WMA_20', 'OBV_SMA_50', 'OBV_EMA_50', 'OBV_WMA_50', 'OBV_Bullish_Div_10', 'OBV_Bearish_Div_10', 'OBV_Bullish_Div_20', 'OBV_Bearish_Div_20', 'OBV_Bullish_Div_50', 'OBV_Bearish_Div_50', 'VWAP_10', 'Open_4h', 'High_4h', 'Low_4h', 'Close_4h', 'Volume_4h', 'candle_range_4h', 'corps_candle_4h', 'meche_haute_4h', 'meche_basse_4h', 'candle_trend_4h', 'doji_type_4h', 'doji_4h', 'doji_strength_4h', 'perfect_doji_4h', 'upper_wick_4h', 'lower_wick_4h', 'ratio_corps_4h', 'doji_invalid_4h', 'pattern_type_4h', 'bullish_engulfing_4h', 'bearish_engulfing_4h', 'engulfing_strength_4h', 'corps_candle_prev_4h', 'corps_sum_4h', 'Volume_SMA_5_4h', 'Volume_SMA_10_4h', 'Volume_SMA_20_4h', 'Volume_Ratio_SMA5_4h', 'Volume_Ratio_SMA10_4h', 'Volume_Ratio_SMA20_4h', 'Volume_Change_1_4h', 'Volume_Change_5_4h', 'PV_Ratio_4h', 'PV_Change_4h', 'OBV_4h', 'Volume_SMA_4h', 'OBV_normalized_4h', 'OBV_norm_minmax_4h', 'OBV_std_4h', 'OBV_norm_std_4h', 'OBV_SMA_10_4h', 'OBV_EMA_10_4h', 'OBV_WMA_10_4h', 'OBV_SMA_20_4h', 'OBV_EMA_20_4h', 'OBV_WMA_20_4h', 'OBV_SMA_50_4h', 'OBV_EMA_50_4h', 'OBV_WMA_50_4h', 'OBV_Trend_short_4h', 'OBV_Trend_medium_4h', 'OBV_Trend_long_4h', 'OBV_Bullish_Div_10_4h', 'OBV_Bearish_Div_10_4h', 'OBV_Bullish_Div_20_4h', 'OBV_Bearish_Div_20_4h', 'OBV_Bullish_Div_50_4h', 'OBV_Bearish_Div_50_4h', 'MFV_4h', 'ADL_4h', 'ADL_norm_4h', 'ADL_SMA5_4h', 'ADL_SMA15_4h', 'ADL_SMA30_4h', 'ADL_Trend_4h', 'Price_Trend_4h', 'ADL_Divergence_4h', 'MFM_4h', 'CMF_20_4h', 'PVT_change_4h', 'PVT_4h', 'PVT_norm_4h', 'PVT_SMA10_4h', 'PVT_SMA30_4h', 'PVT_signal_4h', 'PVT_cross_4h', 'PVT_cross_signal_4h', 'PVT_delta5_4h', 'CCI_5_4h', 'CCI_10_4h', 'CCI_15_4h', 'Volume_Oscillator_4h', 'VWAP_4h', 'VWMA_10_4h', 'VWMA_20_4h', 'Force_Index_1_4h', 'Force_Index_13_4h', 'Typical_Price_4h', 'Raw_Money_Flow_4h', 'Typical_Price_Prev_4h', 'Money_Flow_Positive_4h', 'Money_Flow_Negative_4h', 'MFI_14_4h', 'Vol_Weighted_Up_4h', 'Vol_Weighted_Down_4h', 'Vol_Weighted_Up_Avg_4h', 'Vol_Weighted_Down_Avg_4h', 'Vol_Weighted_RSI_4h', 'VWAP_10_4h', 'Open_1d', 'High_1d', 'Low_1d', 'Close_1d', 'Volume_1d', 'candle_range_1d', 'corps_candle_1d', 'meche_haute_1d', 'meche_basse_1d', 'candle_trend_1d', 'doji_type_1d', 'doji_1d', 'doji_strength_1d', 'perfect_doji_1d', 'upper_wick_1d', 'lower_wick_1d', 'ratio_corps_1d', 'doji_invalid_1d', 'pattern_type_1d', 'bullish_engulfing_1d', 'bearish_engulfing_1d', 'engulfing_strength_1d', 'corps_candle_prev_1d', 'corps_sum_1d', 'Volume_SMA_5_1d', 'Volume_SMA_10_1d', 'Volume_SMA_20_1d', 'Volume_Ratio_SMA5_1d', 'Volume_Ratio_SMA10_1d', 'Volume_Ratio_SMA20_1d', 'Volume_Change_1_1d', 'Volume_Change_5_1d', 'PV_Ratio_1d', 'PV_Change_1d', 'OBV_1d', 'Volume_SMA_1d', 'OBV_normalized_1d', 'OBV_norm_minmax_1d', 'OBV_std_1d', 'OBV_norm_std_1d', 'OBV_SMA_10_1d', 'OBV_EMA_10_1d', 'OBV_WMA_10_1d', 'OBV_SMA_20_1d', 'OBV_EMA_20_1d', 'OBV_WMA_20_1d', 'OBV_SMA_50_1d', 'OBV_EMA_50_1d', 'OBV_WMA_50_1d', 'OBV_Trend_short_1d', 'OBV_Trend_medium_1d', 'OBV_Trend_long_1d', 'OBV_Bullish_Div_10_1d', 'OBV_Bearish_Div_10_1d', 'OBV_Bullish_Div_20_1d', 'OBV_Bearish_Div_20_1d', 'OBV_Bullish_Div_50_1d', 'OBV_Bearish_Div_50_1d', 'MFV_1d', 'ADL_1d', 'ADL_norm_1d', 'ADL_SMA5_1d', 'ADL_SMA15_1d', 'ADL_SMA30_1d', 'ADL_Trend_1d', 'Price_Trend_1d', 'ADL_Divergence_1d', 'MFM_1d', 'CMF_20_1d', 'PVT_change_1d', 'PVT_1d', 'PVT_norm_1d', 'PVT_SMA10_1d', 'PVT_SMA30_1d', 'PVT_signal_1d', 'PVT_cross_1d', 'PVT_cross_signal_1d', 'PVT_delta5_1d', 'CCI_5_1d', 'CCI_10_1d', 'CCI_15_1d', 'Volume_Oscillator_1d', 'VWAP_1d', 'VWMA_10_1d', 'VWMA_20_1d', 'Force_Index_1_1d', 'Force_Index_13_1d', 'Typical_Price_1d', 'Raw_Money_Flow_1d', 'Typical_Price_Prev_1d', 'Money_Flow_Positive_1d', 'Money_Flow_Negative_1d', 'MFI_14_1d', 'Vol_Weighted_Up_1d', 'Vol_Weighted_Down_1d', 'Vol_Weighted_Up_Avg_1d', 'Vol_Weighted_Down_Avg_1d', 'Vol_Weighted_RSI_1d', 'VWAP_10_1d', 'Volume_SMA', 'OBV_std', 'OBV_norm_std', 'OBV_SMA_10', 'OBV_EMA_10', 'OBV_WMA_10', 'OBV_SMA_20', 'OBV_EMA_20', 'OBV_WMA_20', 'OBV_SMA_50', 'OBV_EMA_50', 'OBV_WMA_50', 'OBV_Bullish_Div_10', 'OBV_Bearish_Div_10', 'OBV_Bullish_Div_20', 'OBV_Bearish_Div_20', 'OBV_Bullish_Div_50', 'OBV_Bearish_Div_50', 'SuperTrend_Long', 'SuperTrend_Short', 'ADX', 'Williams_R', 'day_of_year', 'sin_day', 'cos_day', 'sin_hour', 'cos_hour', 'period_of_day', 'hourly_return', 'hourly_volatility', 'volatility_by_period', 'volatility_6h', 'volatility_12h', 'volatility_24h', 'volatility_period_0', 'volatility_period_1', 'volatility_period_2', 'volatility_period_3', 'volatility_morning', 'volatility_afternoon', 'volatility_evening', 'volatility_night', 'log_return_5m', 'log_return_1h', 'momentum_1h', 'log_return_4h', 'momentum_4h', 'log_return_1d', 'momentum_1d', 'momentum_5m']
2025-06-06 14:12:46,495 - prediction_service - INFO - DEBUG - Colonnes non-numériques détectées: ['doji_type_4h', 'pattern_type_4h', 'doji_type_1d', 'pattern_type_1d']
2025-06-06 14:12:46,496 - prediction_service - INFO - DEBUG - Colonnes finales: ['Open_1h', 'High_1h', 'Low_1h', 'Close_1h', 'Volume_1h', 'Volume_SMA', 'OBV_std', 'OBV_norm_std', 'OBV_SMA_10', 'OBV_EMA_10', 'OBV_WMA_10', 'OBV_SMA_20', 'OBV_EMA_20', 'OBV_WMA_20', 'OBV_SMA_50', 'OBV_EMA_50', 'OBV_WMA_50', 'OBV_Bullish_Div_10', 'OBV_Bearish_Div_10', 'OBV_Bullish_Div_20', 'OBV_Bearish_Div_20', 'OBV_Bullish_Div_50', 'OBV_Bearish_Div_50', 'VWAP_10', 'Open_4h', 'High_4h', 'Low_4h', 'Close_4h', 'Volume_4h', 'candle_range_4h', 'corps_candle_4h', 'meche_haute_4h', 'meche_basse_4h', 'candle_trend_4h', 'doji_4h', 'doji_strength_4h', 'perfect_doji_4h', 'upper_wick_4h', 'lower_wick_4h', 'ratio_corps_4h', 'doji_invalid_4h', 'bullish_engulfing_4h', 'bearish_engulfing_4h', 'engulfing_strength_4h', 'corps_candle_prev_4h', 'corps_sum_4h', 'Volume_SMA_5_4h', 'Volume_SMA_10_4h', 'Volume_SMA_20_4h', 'Volume_Ratio_SMA5_4h', 'Volume_Ratio_SMA10_4h', 'Volume_Ratio_SMA20_4h', 'Volume_Change_1_4h', 'Volume_Change_5_4h', 'PV_Ratio_4h', 'PV_Change_4h', 'OBV_4h', 'Volume_SMA_4h', 'OBV_normalized_4h', 'OBV_norm_minmax_4h', 'OBV_std_4h', 'OBV_norm_std_4h', 'OBV_SMA_10_4h', 'OBV_EMA_10_4h', 'OBV_WMA_10_4h', 'OBV_SMA_20_4h', 'OBV_EMA_20_4h', 'OBV_WMA_20_4h', 'OBV_SMA_50_4h', 'OBV_EMA_50_4h', 'OBV_WMA_50_4h', 'OBV_Trend_short_4h', 'OBV_Trend_medium_4h', 'OBV_Trend_long_4h', 'OBV_Bullish_Div_10_4h', 'OBV_Bearish_Div_10_4h', 'OBV_Bullish_Div_20_4h', 'OBV_Bearish_Div_20_4h', 'OBV_Bullish_Div_50_4h', 'OBV_Bearish_Div_50_4h', 'MFV_4h', 'ADL_4h', 'ADL_norm_4h', 'ADL_SMA5_4h', 'ADL_SMA15_4h', 'ADL_SMA30_4h', 'ADL_Trend_4h', 'Price_Trend_4h', 'ADL_Divergence_4h', 'MFM_4h', 'CMF_20_4h', 'PVT_change_4h', 'PVT_4h', 'PVT_norm_4h', 'PVT_SMA10_4h', 'PVT_SMA30_4h', 'PVT_signal_4h', 'PVT_cross_4h', 'PVT_cross_signal_4h', 'PVT_delta5_4h', 'CCI_5_4h', 'CCI_10_4h', 'CCI_15_4h', 'Volume_Oscillator_4h', 'VWAP_4h', 'VWMA_10_4h', 'VWMA_20_4h', 'Force_Index_1_4h', 'Force_Index_13_4h', 'Typical_Price_4h', 'Raw_Money_Flow_4h', 'Typical_Price_Prev_4h', 'Money_Flow_Positive_4h', 'Money_Flow_Negative_4h', 'MFI_14_4h', 'Vol_Weighted_Up_4h', 'Vol_Weighted_Down_4h', 'Vol_Weighted_Up_Avg_4h', 'Vol_Weighted_Down_Avg_4h', 'Vol_Weighted_RSI_4h', 'VWAP_10_4h', 'Open_1d', 'High_1d', 'Low_1d', 'Close_1d', 'Volume_1d', 'candle_range_1d', 'corps_candle_1d', 'meche_haute_1d', 'meche_basse_1d', 'candle_trend_1d', 'doji_1d', 'doji_strength_1d', 'perfect_doji_1d', 'upper_wick_1d', 'lower_wick_1d', 'ratio_corps_1d', 'doji_invalid_1d', 'bullish_engulfing_1d', 'bearish_engulfing_1d', 'engulfing_strength_1d', 'corps_candle_prev_1d', 'corps_sum_1d', 'Volume_SMA_5_1d', 'Volume_SMA_10_1d', 'Volume_SMA_20_1d', 'Volume_Ratio_SMA5_1d', 'Volume_Ratio_SMA10_1d', 'Volume_Ratio_SMA20_1d', 'Volume_Change_1_1d', 'Volume_Change_5_1d', 'PV_Ratio_1d', 'PV_Change_1d', 'OBV_1d', 'Volume_SMA_1d', 'OBV_normalized_1d', 'OBV_norm_minmax_1d', 'OBV_std_1d', 'OBV_norm_std_1d', 'OBV_SMA_10_1d', 'OBV_EMA_10_1d', 'OBV_WMA_10_1d', 'OBV_SMA_20_1d', 'OBV_EMA_20_1d', 'OBV_WMA_20_1d', 'OBV_SMA_50_1d', 'OBV_EMA_50_1d', 'OBV_WMA_50_1d', 'OBV_Trend_short_1d', 'OBV_Trend_medium_1d', 'OBV_Trend_long_1d', 'OBV_Bullish_Div_10_1d', 'OBV_Bearish_Div_10_1d', 'OBV_Bullish_Div_20_1d', 'OBV_Bearish_Div_20_1d', 'OBV_Bullish_Div_50_1d', 'OBV_Bearish_Div_50_1d', 'MFV_1d', 'ADL_1d', 'ADL_norm_1d', 'ADL_SMA5_1d', 'ADL_SMA15_1d', 'ADL_SMA30_1d', 'ADL_Trend_1d', 'Price_Trend_1d', 'ADL_Divergence_1d', 'MFM_1d', 'CMF_20_1d', 'PVT_change_1d', 'PVT_1d', 'PVT_norm_1d', 'PVT_SMA10_1d', 'PVT_SMA30_1d', 'PVT_signal_1d', 'PVT_cross_1d', 'PVT_cross_signal_1d', 'PVT_delta5_1d', 'CCI_5_1d', 'CCI_10_1d', 'CCI_15_1d', 'Volume_Oscillator_1d', 'VWAP_1d', 'VWMA_10_1d', 'VWMA_20_1d', 'Force_Index_1_1d', 'Force_Index_13_1d', 'Typical_Price_1d', 'Raw_Money_Flow_1d', 'Typical_Price_Prev_1d', 'Money_Flow_Positive_1d', 'Money_Flow_Negative_1d', 'MFI_14_1d', 'Vol_Weighted_Up_1d', 'Vol_Weighted_Down_1d', 'Vol_Weighted_Up_Avg_1d', 'Vol_Weighted_Down_Avg_1d', 'Vol_Weighted_RSI_1d', 'VWAP_10_1d', 'Volume_SMA', 'OBV_std', 'OBV_norm_std', 'OBV_SMA_10', 'OBV_EMA_10', 'OBV_WMA_10', 'OBV_SMA_20', 'OBV_EMA_20', 'OBV_WMA_20', 'OBV_SMA_50', 'OBV_EMA_50', 'OBV_WMA_50', 'OBV_Bullish_Div_10', 'OBV_Bearish_Div_10', 'OBV_Bullish_Div_20', 'OBV_Bearish_Div_20', 'OBV_Bullish_Div_50', 'OBV_Bearish_Div_50', 'SuperTrend_Long', 'SuperTrend_Short', 'ADX', 'Williams_R', 'day_of_year', 'sin_day', 'cos_day', 'sin_hour', 'cos_hour', 'period_of_day', 'hourly_return', 'hourly_volatility', 'volatility_by_period', 'volatility_6h', 'volatility_12h', 'volatility_24h', 'volatility_period_0', 'volatility_period_1', 'volatility_period_2', 'volatility_period_3', 'volatility_morning', 'volatility_afternoon', 'volatility_evening', 'volatility_night', 'log_return_5m', 'log_return_1h', 'momentum_1h', 'log_return_4h', 'momentum_4h', 'log_return_1d', 'momentum_1d', 'momentum_5m']
2025-06-06 14:12:46,496 - prediction_service - INFO - DEBUG - Types de données: [dtype('float64') dtype('int64') dtype('int32')]
2025-06-06 14:12:46,496 - prediction_service - INFO - Séquences conservées pour la prédiction (shape=(16, 268)): [[ 6.48660000e+03  6.51110000e+03  6.46860000e+03 ...  4.55879395e-02
   2.92200000e+02 -9.80000000e+00]
 [ 6.48660000e+03  6.51110000e+03  6.46860000e+03 ...  4.55879395e-02
   2.92200000e+02 -3.10000000e+00]
 [ 6.48660000e+03  6.51110000e+03  6.46860000e+03 ...  4.55879395e-02
   2.92200000e+02  2.10000000e+00]
 ...
 [ 6.50900000e+03  6.51200000e+03  6.49420000e+03 ...  4.55879395e-02
   2.92200000e+02 -2.90000000e+00]
 [ 6.50900000e+03  6.51200000e+03  6.49420000e+03 ...  4.55879395e-02
   2.92200000e+02  1.10000000e+00]
 [ 6.50900000e+03  6.51200000e+03  6.49420000e+03 ...  4.55879395e-02
   2.92200000e+02  0.00000000e+00]]
2025-06-06 14:12:46,544 - prediction_service - ERROR - Erreur lors de la vérification NaN/Inf: The truth value of a Series is ambiguous. Use a.empty, a.bool(), a.item(), a.any() or a.all().
2025-06-06 14:13:43,291 - websockets.server - INFO - server closing
2025-06-06 14:13:43,292 - websockets.server - INFO - server closed
2025-06-06 14:13:51,719 - absl - WARNING - Compiled the loaded model, but the compiled metrics have yet to be built. `model.compile_metrics` will be empty until you train or evaluate the model.
2025-06-06 14:13:52,245 - prediction_service - INFO - Modèle existant compatible avec 158 features
2025-06-06 14:13:52,245 - prediction_service - INFO - Démarrage du serveur WebSocket sur 0.0.0.0:8765
2025-06-06 14:13:52,255 - websockets.server - INFO - server listening on 0.0.0.0:8765
2025-06-06 14:13:52,658 - websockets.server - INFO - connection open
2025-06-06 14:13:52,658 - prediction_service - INFO - Nouvelle connexion WebSocket: ('127.0.0.1', 50744)
2025-06-06 14:13:52,705 - absl - WARNING - Compiled the loaded model, but the compiled metrics have yet to be built. `model.compile_metrics` will be empty until you train or evaluate the model.
2025-06-06 14:13:52,708 - prediction_service - INFO - Modèle chargé depuis ./model/best_model.h5
2025-06-06 14:13:53,889 - prediction_service - INFO - Message reçu: 5min - 50 barres
2025-06-06 14:13:53,896 - prediction_service - INFO - Données historiques mises à jour pour 5min: 50 barres du 2025-06-02 07:20:00 au 2025-06-02 11:25:00
2025-06-06 14:13:53,896 - prediction_service - WARNING - Données insuffisantes pour les timeframes suivants (au moins 14 lignes requises) : 1h, 4h, 1d
2025-06-06 14:13:53,897 - prediction_service - INFO - Message reçu: 1h - 50 barres
2025-06-06 14:13:53,901 - prediction_service - INFO - Données historiques mises à jour pour 1h: 50 barres du 2025-05-29 09:00:00 au 2025-06-02 13:00:00
2025-06-06 14:13:53,901 - prediction_service - WARNING - Données insuffisantes pour les timeframes suivants (au moins 14 lignes requises) : 4h, 1d
2025-06-06 14:13:53,902 - prediction_service - INFO - Message reçu: 4h - 50 barres
2025-06-06 14:13:53,905 - prediction_service - INFO - Données historiques mises à jour pour 4h: 50 barres du 2025-05-21 15:00:00 au 2025-06-02 11:00:00
2025-06-06 14:13:53,905 - prediction_service - WARNING - Données insuffisantes pour les timeframes suivants (au moins 14 lignes requises) : 1d
2025-06-06 14:13:53,906 - prediction_service - INFO - Message reçu: 1d - 50 barres
2025-06-06 14:13:53,909 - prediction_service - INFO - Données historiques mises à jour pour 1d: 50 barres du 2025-03-23 23:00:00 au 2025-06-01 22:00:00
2025-06-06 14:13:53,921 - prediction_service - INFO - DEBUG - Entrées dans prepare_data_for_prediction:
2025-06-06 14:13:53,921 - prediction_service - INFO -   5min: 49 lignes
2025-06-06 14:13:53,922 - prediction_service - INFO -   1h: 50 lignes
2025-06-06 14:13:53,922 - prediction_service - INFO -   4h: 50 lignes
2025-06-06 14:13:53,922 - prediction_service - INFO -   1d: 50 lignes
2025-06-06 14:13:53,922 - prediction_service - INFO - **************************************************** 1
2025-06-06 14:13:54,616 - prediction_service - INFO - **************************************************** 2
2025-06-06 14:13:54,617 - prediction_service - INFO - DEBUG - Après create_parquet: 30 lignes
2025-06-06 14:13:54,617 - prediction_service - INFO - **************************************************** 3
2025-06-06 14:13:54,617 - prediction_service - INFO - DEBUG - Features disponibles: []
2025-06-06 14:13:54,617 - prediction_service - INFO - DEBUG - Colonnes avant nettoyage: ['Open_1h', 'High_1h', 'Low_1h', 'Close_1h', 'Volume_1h', 'Volume_SMA', 'OBV_std', 'OBV_norm_std', 'OBV_SMA_10', 'OBV_EMA_10', 'OBV_WMA_10', 'OBV_SMA_20', 'OBV_EMA_20', 'OBV_WMA_20', 'OBV_SMA_50', 'OBV_EMA_50', 'OBV_WMA_50', 'OBV_Bullish_Div_10', 'OBV_Bearish_Div_10', 'OBV_Bullish_Div_20', 'OBV_Bearish_Div_20', 'OBV_Bullish_Div_50', 'OBV_Bearish_Div_50', 'VWAP_10', 'Open_4h', 'High_4h', 'Low_4h', 'Close_4h', 'Volume_4h', 'candle_range_4h', 'corps_candle_4h', 'meche_haute_4h', 'meche_basse_4h', 'candle_trend_4h', 'doji_type_4h', 'doji_4h', 'doji_strength_4h', 'perfect_doji_4h', 'upper_wick_4h', 'lower_wick_4h', 'ratio_corps_4h', 'doji_invalid_4h', 'pattern_type_4h', 'bullish_engulfing_4h', 'bearish_engulfing_4h', 'engulfing_strength_4h', 'corps_candle_prev_4h', 'corps_sum_4h', 'Volume_SMA_5_4h', 'Volume_SMA_10_4h', 'Volume_SMA_20_4h', 'Volume_Ratio_SMA5_4h', 'Volume_Ratio_SMA10_4h', 'Volume_Ratio_SMA20_4h', 'Volume_Change_1_4h', 'Volume_Change_5_4h', 'PV_Ratio_4h', 'PV_Change_4h', 'OBV_4h', 'Volume_SMA_4h', 'OBV_normalized_4h', 'OBV_norm_minmax_4h', 'OBV_std_4h', 'OBV_norm_std_4h', 'OBV_SMA_10_4h', 'OBV_EMA_10_4h', 'OBV_WMA_10_4h', 'OBV_SMA_20_4h', 'OBV_EMA_20_4h', 'OBV_WMA_20_4h', 'OBV_SMA_50_4h', 'OBV_EMA_50_4h', 'OBV_WMA_50_4h', 'OBV_Trend_short_4h', 'OBV_Trend_medium_4h', 'OBV_Trend_long_4h', 'OBV_Bullish_Div_10_4h', 'OBV_Bearish_Div_10_4h', 'OBV_Bullish_Div_20_4h', 'OBV_Bearish_Div_20_4h', 'OBV_Bullish_Div_50_4h', 'OBV_Bearish_Div_50_4h', 'MFV_4h', 'ADL_4h', 'ADL_norm_4h', 'ADL_SMA5_4h', 'ADL_SMA15_4h', 'ADL_SMA30_4h', 'ADL_Trend_4h', 'Price_Trend_4h', 'ADL_Divergence_4h', 'MFM_4h', 'CMF_20_4h', 'PVT_change_4h', 'PVT_4h', 'PVT_norm_4h', 'PVT_SMA10_4h', 'PVT_SMA30_4h', 'PVT_signal_4h', 'PVT_cross_4h', 'PVT_cross_signal_4h', 'PVT_delta5_4h', 'CCI_5_4h', 'CCI_10_4h', 'CCI_15_4h', 'Volume_Oscillator_4h', 'VWAP_4h', 'VWMA_10_4h', 'VWMA_20_4h', 'Force_Index_1_4h', 'Force_Index_13_4h', 'Typical_Price_4h', 'Raw_Money_Flow_4h', 'Typical_Price_Prev_4h', 'Money_Flow_Positive_4h', 'Money_Flow_Negative_4h', 'MFI_14_4h', 'Vol_Weighted_Up_4h', 'Vol_Weighted_Down_4h', 'Vol_Weighted_Up_Avg_4h', 'Vol_Weighted_Down_Avg_4h', 'Vol_Weighted_RSI_4h', 'VWAP_10_4h', 'Open_1d', 'High_1d', 'Low_1d', 'Close_1d', 'Volume_1d', 'candle_range_1d', 'corps_candle_1d', 'meche_haute_1d', 'meche_basse_1d', 'candle_trend_1d', 'doji_type_1d', 'doji_1d', 'doji_strength_1d', 'perfect_doji_1d', 'upper_wick_1d', 'lower_wick_1d', 'ratio_corps_1d', 'doji_invalid_1d', 'pattern_type_1d', 'bullish_engulfing_1d', 'bearish_engulfing_1d', 'engulfing_strength_1d', 'corps_candle_prev_1d', 'corps_sum_1d', 'Volume_SMA_5_1d', 'Volume_SMA_10_1d', 'Volume_SMA_20_1d', 'Volume_Ratio_SMA5_1d', 'Volume_Ratio_SMA10_1d', 'Volume_Ratio_SMA20_1d', 'Volume_Change_1_1d', 'Volume_Change_5_1d', 'PV_Ratio_1d', 'PV_Change_1d', 'OBV_1d', 'Volume_SMA_1d', 'OBV_normalized_1d', 'OBV_norm_minmax_1d', 'OBV_std_1d', 'OBV_norm_std_1d', 'OBV_SMA_10_1d', 'OBV_EMA_10_1d', 'OBV_WMA_10_1d', 'OBV_SMA_20_1d', 'OBV_EMA_20_1d', 'OBV_WMA_20_1d', 'OBV_SMA_50_1d', 'OBV_EMA_50_1d', 'OBV_WMA_50_1d', 'OBV_Trend_short_1d', 'OBV_Trend_medium_1d', 'OBV_Trend_long_1d', 'OBV_Bullish_Div_10_1d', 'OBV_Bearish_Div_10_1d', 'OBV_Bullish_Div_20_1d', 'OBV_Bearish_Div_20_1d', 'OBV_Bullish_Div_50_1d', 'OBV_Bearish_Div_50_1d', 'MFV_1d', 'ADL_1d', 'ADL_norm_1d', 'ADL_SMA5_1d', 'ADL_SMA15_1d', 'ADL_SMA30_1d', 'ADL_Trend_1d', 'Price_Trend_1d', 'ADL_Divergence_1d', 'MFM_1d', 'CMF_20_1d', 'PVT_change_1d', 'PVT_1d', 'PVT_norm_1d', 'PVT_SMA10_1d', 'PVT_SMA30_1d', 'PVT_signal_1d', 'PVT_cross_1d', 'PVT_cross_signal_1d', 'PVT_delta5_1d', 'CCI_5_1d', 'CCI_10_1d', 'CCI_15_1d', 'Volume_Oscillator_1d', 'VWAP_1d', 'VWMA_10_1d', 'VWMA_20_1d', 'Force_Index_1_1d', 'Force_Index_13_1d', 'Typical_Price_1d', 'Raw_Money_Flow_1d', 'Typical_Price_Prev_1d', 'Money_Flow_Positive_1d', 'Money_Flow_Negative_1d', 'MFI_14_1d', 'Vol_Weighted_Up_1d', 'Vol_Weighted_Down_1d', 'Vol_Weighted_Up_Avg_1d', 'Vol_Weighted_Down_Avg_1d', 'Vol_Weighted_RSI_1d', 'VWAP_10_1d', 'Volume_SMA', 'OBV_std', 'OBV_norm_std', 'OBV_SMA_10', 'OBV_EMA_10', 'OBV_WMA_10', 'OBV_SMA_20', 'OBV_EMA_20', 'OBV_WMA_20', 'OBV_SMA_50', 'OBV_EMA_50', 'OBV_WMA_50', 'OBV_Bullish_Div_10', 'OBV_Bearish_Div_10', 'OBV_Bullish_Div_20', 'OBV_Bearish_Div_20', 'OBV_Bullish_Div_50', 'OBV_Bearish_Div_50', 'SuperTrend_Long', 'SuperTrend_Short', 'ADX', 'Williams_R', 'day_of_year', 'sin_day', 'cos_day', 'sin_hour', 'cos_hour', 'period_of_day', 'hourly_return', 'hourly_volatility', 'volatility_by_period', 'volatility_6h', 'volatility_12h', 'volatility_24h', 'volatility_period_0', 'volatility_period_1', 'volatility_period_2', 'volatility_period_3', 'volatility_morning', 'volatility_afternoon', 'volatility_evening', 'volatility_night', 'log_return_5m', 'log_return_1h', 'momentum_1h', 'log_return_4h', 'momentum_4h', 'log_return_1d', 'momentum_1d', 'momentum_5m']
2025-06-06 14:13:54,617 - prediction_service - INFO - DEBUG - Colonnes non-numériques détectées: ['doji_type_4h', 'pattern_type_4h', 'doji_type_1d', 'pattern_type_1d']
2025-06-06 14:13:54,618 - prediction_service - INFO - DEBUG - Colonnes finales: ['Open_1h', 'High_1h', 'Low_1h', 'Close_1h', 'Volume_1h', 'Volume_SMA', 'OBV_std', 'OBV_norm_std', 'OBV_SMA_10', 'OBV_EMA_10', 'OBV_WMA_10', 'OBV_SMA_20', 'OBV_EMA_20', 'OBV_WMA_20', 'OBV_SMA_50', 'OBV_EMA_50', 'OBV_WMA_50', 'OBV_Bullish_Div_10', 'OBV_Bearish_Div_10', 'OBV_Bullish_Div_20', 'OBV_Bearish_Div_20', 'OBV_Bullish_Div_50', 'OBV_Bearish_Div_50', 'VWAP_10', 'Open_4h', 'High_4h', 'Low_4h', 'Close_4h', 'Volume_4h', 'candle_range_4h', 'corps_candle_4h', 'meche_haute_4h', 'meche_basse_4h', 'candle_trend_4h', 'doji_4h', 'doji_strength_4h', 'perfect_doji_4h', 'upper_wick_4h', 'lower_wick_4h', 'ratio_corps_4h', 'doji_invalid_4h', 'bullish_engulfing_4h', 'bearish_engulfing_4h', 'engulfing_strength_4h', 'corps_candle_prev_4h', 'corps_sum_4h', 'Volume_SMA_5_4h', 'Volume_SMA_10_4h', 'Volume_SMA_20_4h', 'Volume_Ratio_SMA5_4h', 'Volume_Ratio_SMA10_4h', 'Volume_Ratio_SMA20_4h', 'Volume_Change_1_4h', 'Volume_Change_5_4h', 'PV_Ratio_4h', 'PV_Change_4h', 'OBV_4h', 'Volume_SMA_4h', 'OBV_normalized_4h', 'OBV_norm_minmax_4h', 'OBV_std_4h', 'OBV_norm_std_4h', 'OBV_SMA_10_4h', 'OBV_EMA_10_4h', 'OBV_WMA_10_4h', 'OBV_SMA_20_4h', 'OBV_EMA_20_4h', 'OBV_WMA_20_4h', 'OBV_SMA_50_4h', 'OBV_EMA_50_4h', 'OBV_WMA_50_4h', 'OBV_Trend_short_4h', 'OBV_Trend_medium_4h', 'OBV_Trend_long_4h', 'OBV_Bullish_Div_10_4h', 'OBV_Bearish_Div_10_4h', 'OBV_Bullish_Div_20_4h', 'OBV_Bearish_Div_20_4h', 'OBV_Bullish_Div_50_4h', 'OBV_Bearish_Div_50_4h', 'MFV_4h', 'ADL_4h', 'ADL_norm_4h', 'ADL_SMA5_4h', 'ADL_SMA15_4h', 'ADL_SMA30_4h', 'ADL_Trend_4h', 'Price_Trend_4h', 'ADL_Divergence_4h', 'MFM_4h', 'CMF_20_4h', 'PVT_change_4h', 'PVT_4h', 'PVT_norm_4h', 'PVT_SMA10_4h', 'PVT_SMA30_4h', 'PVT_signal_4h', 'PVT_cross_4h', 'PVT_cross_signal_4h', 'PVT_delta5_4h', 'CCI_5_4h', 'CCI_10_4h', 'CCI_15_4h', 'Volume_Oscillator_4h', 'VWAP_4h', 'VWMA_10_4h', 'VWMA_20_4h', 'Force_Index_1_4h', 'Force_Index_13_4h', 'Typical_Price_4h', 'Raw_Money_Flow_4h', 'Typical_Price_Prev_4h', 'Money_Flow_Positive_4h', 'Money_Flow_Negative_4h', 'MFI_14_4h', 'Vol_Weighted_Up_4h', 'Vol_Weighted_Down_4h', 'Vol_Weighted_Up_Avg_4h', 'Vol_Weighted_Down_Avg_4h', 'Vol_Weighted_RSI_4h', 'VWAP_10_4h', 'Open_1d', 'High_1d', 'Low_1d', 'Close_1d', 'Volume_1d', 'candle_range_1d', 'corps_candle_1d', 'meche_haute_1d', 'meche_basse_1d', 'candle_trend_1d', 'doji_1d', 'doji_strength_1d', 'perfect_doji_1d', 'upper_wick_1d', 'lower_wick_1d', 'ratio_corps_1d', 'doji_invalid_1d', 'bullish_engulfing_1d', 'bearish_engulfing_1d', 'engulfing_strength_1d', 'corps_candle_prev_1d', 'corps_sum_1d', 'Volume_SMA_5_1d', 'Volume_SMA_10_1d', 'Volume_SMA_20_1d', 'Volume_Ratio_SMA5_1d', 'Volume_Ratio_SMA10_1d', 'Volume_Ratio_SMA20_1d', 'Volume_Change_1_1d', 'Volume_Change_5_1d', 'PV_Ratio_1d', 'PV_Change_1d', 'OBV_1d', 'Volume_SMA_1d', 'OBV_normalized_1d', 'OBV_norm_minmax_1d', 'OBV_std_1d', 'OBV_norm_std_1d', 'OBV_SMA_10_1d', 'OBV_EMA_10_1d', 'OBV_WMA_10_1d', 'OBV_SMA_20_1d', 'OBV_EMA_20_1d', 'OBV_WMA_20_1d', 'OBV_SMA_50_1d', 'OBV_EMA_50_1d', 'OBV_WMA_50_1d', 'OBV_Trend_short_1d', 'OBV_Trend_medium_1d', 'OBV_Trend_long_1d', 'OBV_Bullish_Div_10_1d', 'OBV_Bearish_Div_10_1d', 'OBV_Bullish_Div_20_1d', 'OBV_Bearish_Div_20_1d', 'OBV_Bullish_Div_50_1d', 'OBV_Bearish_Div_50_1d', 'MFV_1d', 'ADL_1d', 'ADL_norm_1d', 'ADL_SMA5_1d', 'ADL_SMA15_1d', 'ADL_SMA30_1d', 'ADL_Trend_1d', 'Price_Trend_1d', 'ADL_Divergence_1d', 'MFM_1d', 'CMF_20_1d', 'PVT_change_1d', 'PVT_1d', 'PVT_norm_1d', 'PVT_SMA10_1d', 'PVT_SMA30_1d', 'PVT_signal_1d', 'PVT_cross_1d', 'PVT_cross_signal_1d', 'PVT_delta5_1d', 'CCI_5_1d', 'CCI_10_1d', 'CCI_15_1d', 'Volume_Oscillator_1d', 'VWAP_1d', 'VWMA_10_1d', 'VWMA_20_1d', 'Force_Index_1_1d', 'Force_Index_13_1d', 'Typical_Price_1d', 'Raw_Money_Flow_1d', 'Typical_Price_Prev_1d', 'Money_Flow_Positive_1d', 'Money_Flow_Negative_1d', 'MFI_14_1d', 'Vol_Weighted_Up_1d', 'Vol_Weighted_Down_1d', 'Vol_Weighted_Up_Avg_1d', 'Vol_Weighted_Down_Avg_1d', 'Vol_Weighted_RSI_1d', 'VWAP_10_1d', 'Volume_SMA', 'OBV_std', 'OBV_norm_std', 'OBV_SMA_10', 'OBV_EMA_10', 'OBV_WMA_10', 'OBV_SMA_20', 'OBV_EMA_20', 'OBV_WMA_20', 'OBV_SMA_50', 'OBV_EMA_50', 'OBV_WMA_50', 'OBV_Bullish_Div_10', 'OBV_Bearish_Div_10', 'OBV_Bullish_Div_20', 'OBV_Bearish_Div_20', 'OBV_Bullish_Div_50', 'OBV_Bearish_Div_50', 'SuperTrend_Long', 'SuperTrend_Short', 'ADX', 'Williams_R', 'day_of_year', 'sin_day', 'cos_day', 'sin_hour', 'cos_hour', 'period_of_day', 'hourly_return', 'hourly_volatility', 'volatility_by_period', 'volatility_6h', 'volatility_12h', 'volatility_24h', 'volatility_period_0', 'volatility_period_1', 'volatility_period_2', 'volatility_period_3', 'volatility_morning', 'volatility_afternoon', 'volatility_evening', 'volatility_night', 'log_return_5m', 'log_return_1h', 'momentum_1h', 'log_return_4h', 'momentum_4h', 'log_return_1d', 'momentum_1d', 'momentum_5m']
2025-06-06 14:13:54,619 - prediction_service - INFO - DEBUG - Types de données: [dtype('float64') dtype('int64') dtype('int32')]
2025-06-06 14:13:54,619 - prediction_service - INFO - Séquences conservées pour la prédiction (shape=(16, 268)): [[ 6.48660000e+03  6.51110000e+03  6.46860000e+03 ...  4.55879395e-02
   2.92200000e+02 -9.80000000e+00]
 [ 6.48660000e+03  6.51110000e+03  6.46860000e+03 ...  4.55879395e-02
   2.92200000e+02 -3.10000000e+00]
 [ 6.48660000e+03  6.51110000e+03  6.46860000e+03 ...  4.55879395e-02
   2.92200000e+02  2.10000000e+00]
 ...
 [ 6.50900000e+03  6.51200000e+03  6.49420000e+03 ...  4.55879395e-02
   2.92200000e+02 -2.90000000e+00]
 [ 6.50900000e+03  6.51200000e+03  6.49420000e+03 ...  4.55879395e-02
   2.92200000e+02  1.10000000e+00]
 [ 6.50900000e+03  6.51200000e+03  6.49420000e+03 ...  4.55879395e-02
   2.92200000e+02  0.00000000e+00]]
2025-06-06 14:13:54,682 - prediction_service - ERROR - Erreur lors de la vérification NaN/Inf: The truth value of a Series is ambiguous. Use a.empty, a.bool(), a.item(), a.any() or a.all().
2025-06-06 14:14:22,493 - websockets.server - INFO - server closing
2025-06-06 14:14:22,493 - websockets.server - INFO - server closed
2025-06-06 14:14:26,265 - absl - WARNING - Compiled the loaded model, but the compiled metrics have yet to be built. `model.compile_metrics` will be empty until you train or evaluate the model.
2025-06-06 14:14:26,512 - prediction_service - INFO - Modèle existant compatible avec 158 features
2025-06-06 14:14:26,512 - prediction_service - INFO - Démarrage du serveur WebSocket sur 0.0.0.0:8765
2025-06-06 14:14:26,518 - websockets.server - INFO - server listening on 0.0.0.0:8765
2025-06-06 14:14:29,014 - websockets.server - INFO - connection open
2025-06-06 14:14:29,014 - prediction_service - INFO - Nouvelle connexion WebSocket: ('127.0.0.1', 58970)
2025-06-06 14:14:29,095 - absl - WARNING - Compiled the loaded model, but the compiled metrics have yet to be built. `model.compile_metrics` will be empty until you train or evaluate the model.
2025-06-06 14:14:29,101 - prediction_service - INFO - Modèle chargé depuis ./model/best_model.h5
2025-06-06 14:14:29,946 - prediction_service - INFO - Message reçu: 5min - 50 barres
2025-06-06 14:14:29,954 - prediction_service - INFO - Données historiques mises à jour pour 5min: 50 barres du 2025-06-02 07:20:00 au 2025-06-02 11:25:00
2025-06-06 14:14:29,954 - prediction_service - WARNING - Données insuffisantes pour les timeframes suivants (au moins 14 lignes requises) : 1h, 4h, 1d
2025-06-06 14:14:29,956 - prediction_service - INFO - Message reçu: 1h - 50 barres
2025-06-06 14:14:29,959 - prediction_service - INFO - Données historiques mises à jour pour 1h: 50 barres du 2025-05-29 09:00:00 au 2025-06-02 13:00:00
2025-06-06 14:14:29,959 - prediction_service - WARNING - Données insuffisantes pour les timeframes suivants (au moins 14 lignes requises) : 4h, 1d
2025-06-06 14:14:29,960 - prediction_service - INFO - Message reçu: 4h - 50 barres
2025-06-06 14:14:29,962 - prediction_service - INFO - Données historiques mises à jour pour 4h: 50 barres du 2025-05-21 15:00:00 au 2025-06-02 11:00:00
2025-06-06 14:14:29,962 - prediction_service - WARNING - Données insuffisantes pour les timeframes suivants (au moins 14 lignes requises) : 1d
2025-06-06 14:14:29,963 - prediction_service - INFO - Message reçu: 1d - 50 barres
2025-06-06 14:14:29,966 - prediction_service - INFO - Données historiques mises à jour pour 1d: 50 barres du 2025-03-23 23:00:00 au 2025-06-01 22:00:00
2025-06-06 14:14:29,972 - prediction_service - INFO - DEBUG - Entrées dans prepare_data_for_prediction:
2025-06-06 14:14:29,972 - prediction_service - INFO -   5min: 49 lignes
2025-06-06 14:14:29,972 - prediction_service - INFO -   1h: 50 lignes
2025-06-06 14:14:29,972 - prediction_service - INFO -   4h: 50 lignes
2025-06-06 14:14:29,972 - prediction_service - INFO -   1d: 50 lignes
2025-06-06 14:14:30,893 - prediction_service - INFO - DEBUG - Après create_parquet: 30 lignes
2025-06-06 14:14:30,894 - prediction_service - INFO - DEBUG - Features disponibles: []
2025-06-06 14:14:30,894 - prediction_service - INFO - DEBUG - Colonnes avant nettoyage: ['Open_1h', 'High_1h', 'Low_1h', 'Close_1h', 'Volume_1h', 'Volume_SMA', 'OBV_std', 'OBV_norm_std', 'OBV_SMA_10', 'OBV_EMA_10', 'OBV_WMA_10', 'OBV_SMA_20', 'OBV_EMA_20', 'OBV_WMA_20', 'OBV_SMA_50', 'OBV_EMA_50', 'OBV_WMA_50', 'OBV_Bullish_Div_10', 'OBV_Bearish_Div_10', 'OBV_Bullish_Div_20', 'OBV_Bearish_Div_20', 'OBV_Bullish_Div_50', 'OBV_Bearish_Div_50', 'VWAP_10', 'Open_4h', 'High_4h', 'Low_4h', 'Close_4h', 'Volume_4h', 'candle_range_4h', 'corps_candle_4h', 'meche_haute_4h', 'meche_basse_4h', 'candle_trend_4h', 'doji_type_4h', 'doji_4h', 'doji_strength_4h', 'perfect_doji_4h', 'upper_wick_4h', 'lower_wick_4h', 'ratio_corps_4h', 'doji_invalid_4h', 'pattern_type_4h', 'bullish_engulfing_4h', 'bearish_engulfing_4h', 'engulfing_strength_4h', 'corps_candle_prev_4h', 'corps_sum_4h', 'Volume_SMA_5_4h', 'Volume_SMA_10_4h', 'Volume_SMA_20_4h', 'Volume_Ratio_SMA5_4h', 'Volume_Ratio_SMA10_4h', 'Volume_Ratio_SMA20_4h', 'Volume_Change_1_4h', 'Volume_Change_5_4h', 'PV_Ratio_4h', 'PV_Change_4h', 'OBV_4h', 'Volume_SMA_4h', 'OBV_normalized_4h', 'OBV_norm_minmax_4h', 'OBV_std_4h', 'OBV_norm_std_4h', 'OBV_SMA_10_4h', 'OBV_EMA_10_4h', 'OBV_WMA_10_4h', 'OBV_SMA_20_4h', 'OBV_EMA_20_4h', 'OBV_WMA_20_4h', 'OBV_SMA_50_4h', 'OBV_EMA_50_4h', 'OBV_WMA_50_4h', 'OBV_Trend_short_4h', 'OBV_Trend_medium_4h', 'OBV_Trend_long_4h', 'OBV_Bullish_Div_10_4h', 'OBV_Bearish_Div_10_4h', 'OBV_Bullish_Div_20_4h', 'OBV_Bearish_Div_20_4h', 'OBV_Bullish_Div_50_4h', 'OBV_Bearish_Div_50_4h', 'MFV_4h', 'ADL_4h', 'ADL_norm_4h', 'ADL_SMA5_4h', 'ADL_SMA15_4h', 'ADL_SMA30_4h', 'ADL_Trend_4h', 'Price_Trend_4h', 'ADL_Divergence_4h', 'MFM_4h', 'CMF_20_4h', 'PVT_change_4h', 'PVT_4h', 'PVT_norm_4h', 'PVT_SMA10_4h', 'PVT_SMA30_4h', 'PVT_signal_4h', 'PVT_cross_4h', 'PVT_cross_signal_4h', 'PVT_delta5_4h', 'CCI_5_4h', 'CCI_10_4h', 'CCI_15_4h', 'Volume_Oscillator_4h', 'VWAP_4h', 'VWMA_10_4h', 'VWMA_20_4h', 'Force_Index_1_4h', 'Force_Index_13_4h', 'Typical_Price_4h', 'Raw_Money_Flow_4h', 'Typical_Price_Prev_4h', 'Money_Flow_Positive_4h', 'Money_Flow_Negative_4h', 'MFI_14_4h', 'Vol_Weighted_Up_4h', 'Vol_Weighted_Down_4h', 'Vol_Weighted_Up_Avg_4h', 'Vol_Weighted_Down_Avg_4h', 'Vol_Weighted_RSI_4h', 'VWAP_10_4h', 'Open_1d', 'High_1d', 'Low_1d', 'Close_1d', 'Volume_1d', 'candle_range_1d', 'corps_candle_1d', 'meche_haute_1d', 'meche_basse_1d', 'candle_trend_1d', 'doji_type_1d', 'doji_1d', 'doji_strength_1d', 'perfect_doji_1d', 'upper_wick_1d', 'lower_wick_1d', 'ratio_corps_1d', 'doji_invalid_1d', 'pattern_type_1d', 'bullish_engulfing_1d', 'bearish_engulfing_1d', 'engulfing_strength_1d', 'corps_candle_prev_1d', 'corps_sum_1d', 'Volume_SMA_5_1d', 'Volume_SMA_10_1d', 'Volume_SMA_20_1d', 'Volume_Ratio_SMA5_1d', 'Volume_Ratio_SMA10_1d', 'Volume_Ratio_SMA20_1d', 'Volume_Change_1_1d', 'Volume_Change_5_1d', 'PV_Ratio_1d', 'PV_Change_1d', 'OBV_1d', 'Volume_SMA_1d', 'OBV_normalized_1d', 'OBV_norm_minmax_1d', 'OBV_std_1d', 'OBV_norm_std_1d', 'OBV_SMA_10_1d', 'OBV_EMA_10_1d', 'OBV_WMA_10_1d', 'OBV_SMA_20_1d', 'OBV_EMA_20_1d', 'OBV_WMA_20_1d', 'OBV_SMA_50_1d', 'OBV_EMA_50_1d', 'OBV_WMA_50_1d', 'OBV_Trend_short_1d', 'OBV_Trend_medium_1d', 'OBV_Trend_long_1d', 'OBV_Bullish_Div_10_1d', 'OBV_Bearish_Div_10_1d', 'OBV_Bullish_Div_20_1d', 'OBV_Bearish_Div_20_1d', 'OBV_Bullish_Div_50_1d', 'OBV_Bearish_Div_50_1d', 'MFV_1d', 'ADL_1d', 'ADL_norm_1d', 'ADL_SMA5_1d', 'ADL_SMA15_1d', 'ADL_SMA30_1d', 'ADL_Trend_1d', 'Price_Trend_1d', 'ADL_Divergence_1d', 'MFM_1d', 'CMF_20_1d', 'PVT_change_1d', 'PVT_1d', 'PVT_norm_1d', 'PVT_SMA10_1d', 'PVT_SMA30_1d', 'PVT_signal_1d', 'PVT_cross_1d', 'PVT_cross_signal_1d', 'PVT_delta5_1d', 'CCI_5_1d', 'CCI_10_1d', 'CCI_15_1d', 'Volume_Oscillator_1d', 'VWAP_1d', 'VWMA_10_1d', 'VWMA_20_1d', 'Force_Index_1_1d', 'Force_Index_13_1d', 'Typical_Price_1d', 'Raw_Money_Flow_1d', 'Typical_Price_Prev_1d', 'Money_Flow_Positive_1d', 'Money_Flow_Negative_1d', 'MFI_14_1d', 'Vol_Weighted_Up_1d', 'Vol_Weighted_Down_1d', 'Vol_Weighted_Up_Avg_1d', 'Vol_Weighted_Down_Avg_1d', 'Vol_Weighted_RSI_1d', 'VWAP_10_1d', 'Volume_SMA', 'OBV_std', 'OBV_norm_std', 'OBV_SMA_10', 'OBV_EMA_10', 'OBV_WMA_10', 'OBV_SMA_20', 'OBV_EMA_20', 'OBV_WMA_20', 'OBV_SMA_50', 'OBV_EMA_50', 'OBV_WMA_50', 'OBV_Bullish_Div_10', 'OBV_Bearish_Div_10', 'OBV_Bullish_Div_20', 'OBV_Bearish_Div_20', 'OBV_Bullish_Div_50', 'OBV_Bearish_Div_50', 'SuperTrend_Long', 'SuperTrend_Short', 'ADX', 'Williams_R', 'day_of_year', 'sin_day', 'cos_day', 'sin_hour', 'cos_hour', 'period_of_day', 'hourly_return', 'hourly_volatility', 'volatility_by_period', 'volatility_6h', 'volatility_12h', 'volatility_24h', 'volatility_period_0', 'volatility_period_1', 'volatility_period_2', 'volatility_period_3', 'volatility_morning', 'volatility_afternoon', 'volatility_evening', 'volatility_night', 'log_return_5m', 'log_return_1h', 'momentum_1h', 'log_return_4h', 'momentum_4h', 'log_return_1d', 'momentum_1d', 'momentum_5m']
2025-06-06 14:14:30,895 - prediction_service - INFO - DEBUG - Colonnes non-numériques détectées: ['doji_type_4h', 'pattern_type_4h', 'doji_type_1d', 'pattern_type_1d']
2025-06-06 14:14:30,899 - prediction_service - INFO - DEBUG - Colonnes finales: ['Open_1h', 'High_1h', 'Low_1h', 'Close_1h', 'Volume_1h', 'Volume_SMA', 'OBV_std', 'OBV_norm_std', 'OBV_SMA_10', 'OBV_EMA_10', 'OBV_WMA_10', 'OBV_SMA_20', 'OBV_EMA_20', 'OBV_WMA_20', 'OBV_SMA_50', 'OBV_EMA_50', 'OBV_WMA_50', 'OBV_Bullish_Div_10', 'OBV_Bearish_Div_10', 'OBV_Bullish_Div_20', 'OBV_Bearish_Div_20', 'OBV_Bullish_Div_50', 'OBV_Bearish_Div_50', 'VWAP_10', 'Open_4h', 'High_4h', 'Low_4h', 'Close_4h', 'Volume_4h', 'candle_range_4h', 'corps_candle_4h', 'meche_haute_4h', 'meche_basse_4h', 'candle_trend_4h', 'doji_4h', 'doji_strength_4h', 'perfect_doji_4h', 'upper_wick_4h', 'lower_wick_4h', 'ratio_corps_4h', 'doji_invalid_4h', 'bullish_engulfing_4h', 'bearish_engulfing_4h', 'engulfing_strength_4h', 'corps_candle_prev_4h', 'corps_sum_4h', 'Volume_SMA_5_4h', 'Volume_SMA_10_4h', 'Volume_SMA_20_4h', 'Volume_Ratio_SMA5_4h', 'Volume_Ratio_SMA10_4h', 'Volume_Ratio_SMA20_4h', 'Volume_Change_1_4h', 'Volume_Change_5_4h', 'PV_Ratio_4h', 'PV_Change_4h', 'OBV_4h', 'Volume_SMA_4h', 'OBV_normalized_4h', 'OBV_norm_minmax_4h', 'OBV_std_4h', 'OBV_norm_std_4h', 'OBV_SMA_10_4h', 'OBV_EMA_10_4h', 'OBV_WMA_10_4h', 'OBV_SMA_20_4h', 'OBV_EMA_20_4h', 'OBV_WMA_20_4h', 'OBV_SMA_50_4h', 'OBV_EMA_50_4h', 'OBV_WMA_50_4h', 'OBV_Trend_short_4h', 'OBV_Trend_medium_4h', 'OBV_Trend_long_4h', 'OBV_Bullish_Div_10_4h', 'OBV_Bearish_Div_10_4h', 'OBV_Bullish_Div_20_4h', 'OBV_Bearish_Div_20_4h', 'OBV_Bullish_Div_50_4h', 'OBV_Bearish_Div_50_4h', 'MFV_4h', 'ADL_4h', 'ADL_norm_4h', 'ADL_SMA5_4h', 'ADL_SMA15_4h', 'ADL_SMA30_4h', 'ADL_Trend_4h', 'Price_Trend_4h', 'ADL_Divergence_4h', 'MFM_4h', 'CMF_20_4h', 'PVT_change_4h', 'PVT_4h', 'PVT_norm_4h', 'PVT_SMA10_4h', 'PVT_SMA30_4h', 'PVT_signal_4h', 'PVT_cross_4h', 'PVT_cross_signal_4h', 'PVT_delta5_4h', 'CCI_5_4h', 'CCI_10_4h', 'CCI_15_4h', 'Volume_Oscillator_4h', 'VWAP_4h', 'VWMA_10_4h', 'VWMA_20_4h', 'Force_Index_1_4h', 'Force_Index_13_4h', 'Typical_Price_4h', 'Raw_Money_Flow_4h', 'Typical_Price_Prev_4h', 'Money_Flow_Positive_4h', 'Money_Flow_Negative_4h', 'MFI_14_4h', 'Vol_Weighted_Up_4h', 'Vol_Weighted_Down_4h', 'Vol_Weighted_Up_Avg_4h', 'Vol_Weighted_Down_Avg_4h', 'Vol_Weighted_RSI_4h', 'VWAP_10_4h', 'Open_1d', 'High_1d', 'Low_1d', 'Close_1d', 'Volume_1d', 'candle_range_1d', 'corps_candle_1d', 'meche_haute_1d', 'meche_basse_1d', 'candle_trend_1d', 'doji_1d', 'doji_strength_1d', 'perfect_doji_1d', 'upper_wick_1d', 'lower_wick_1d', 'ratio_corps_1d', 'doji_invalid_1d', 'bullish_engulfing_1d', 'bearish_engulfing_1d', 'engulfing_strength_1d', 'corps_candle_prev_1d', 'corps_sum_1d', 'Volume_SMA_5_1d', 'Volume_SMA_10_1d', 'Volume_SMA_20_1d', 'Volume_Ratio_SMA5_1d', 'Volume_Ratio_SMA10_1d', 'Volume_Ratio_SMA20_1d', 'Volume_Change_1_1d', 'Volume_Change_5_1d', 'PV_Ratio_1d', 'PV_Change_1d', 'OBV_1d', 'Volume_SMA_1d', 'OBV_normalized_1d', 'OBV_norm_minmax_1d', 'OBV_std_1d', 'OBV_norm_std_1d', 'OBV_SMA_10_1d', 'OBV_EMA_10_1d', 'OBV_WMA_10_1d', 'OBV_SMA_20_1d', 'OBV_EMA_20_1d', 'OBV_WMA_20_1d', 'OBV_SMA_50_1d', 'OBV_EMA_50_1d', 'OBV_WMA_50_1d', 'OBV_Trend_short_1d', 'OBV_Trend_medium_1d', 'OBV_Trend_long_1d', 'OBV_Bullish_Div_10_1d', 'OBV_Bearish_Div_10_1d', 'OBV_Bullish_Div_20_1d', 'OBV_Bearish_Div_20_1d', 'OBV_Bullish_Div_50_1d', 'OBV_Bearish_Div_50_1d', 'MFV_1d', 'ADL_1d', 'ADL_norm_1d', 'ADL_SMA5_1d', 'ADL_SMA15_1d', 'ADL_SMA30_1d', 'ADL_Trend_1d', 'Price_Trend_1d', 'ADL_Divergence_1d', 'MFM_1d', 'CMF_20_1d', 'PVT_change_1d', 'PVT_1d', 'PVT_norm_1d', 'PVT_SMA10_1d', 'PVT_SMA30_1d', 'PVT_signal_1d', 'PVT_cross_1d', 'PVT_cross_signal_1d', 'PVT_delta5_1d', 'CCI_5_1d', 'CCI_10_1d', 'CCI_15_1d', 'Volume_Oscillator_1d', 'VWAP_1d', 'VWMA_10_1d', 'VWMA_20_1d', 'Force_Index_1_1d', 'Force_Index_13_1d', 'Typical_Price_1d', 'Raw_Money_Flow_1d', 'Typical_Price_Prev_1d', 'Money_Flow_Positive_1d', 'Money_Flow_Negative_1d', 'MFI_14_1d', 'Vol_Weighted_Up_1d', 'Vol_Weighted_Down_1d', 'Vol_Weighted_Up_Avg_1d', 'Vol_Weighted_Down_Avg_1d', 'Vol_Weighted_RSI_1d', 'VWAP_10_1d', 'Volume_SMA', 'OBV_std', 'OBV_norm_std', 'OBV_SMA_10', 'OBV_EMA_10', 'OBV_WMA_10', 'OBV_SMA_20', 'OBV_EMA_20', 'OBV_WMA_20', 'OBV_SMA_50', 'OBV_EMA_50', 'OBV_WMA_50', 'OBV_Bullish_Div_10', 'OBV_Bearish_Div_10', 'OBV_Bullish_Div_20', 'OBV_Bearish_Div_20', 'OBV_Bullish_Div_50', 'OBV_Bearish_Div_50', 'SuperTrend_Long', 'SuperTrend_Short', 'ADX', 'Williams_R', 'day_of_year', 'sin_day', 'cos_day', 'sin_hour', 'cos_hour', 'period_of_day', 'hourly_return', 'hourly_volatility', 'volatility_by_period', 'volatility_6h', 'volatility_12h', 'volatility_24h', 'volatility_period_0', 'volatility_period_1', 'volatility_period_2', 'volatility_period_3', 'volatility_morning', 'volatility_afternoon', 'volatility_evening', 'volatility_night', 'log_return_5m', 'log_return_1h', 'momentum_1h', 'log_return_4h', 'momentum_4h', 'log_return_1d', 'momentum_1d', 'momentum_5m']
2025-06-06 14:14:30,900 - prediction_service - INFO - DEBUG - Types de données: [dtype('float64') dtype('int64') dtype('int32')]
2025-06-06 14:14:30,901 - prediction_service - INFO - Séquences conservées pour la prédiction (shape=(16, 268)): [[ 6.48660000e+03  6.51110000e+03  6.46860000e+03 ...  4.55879395e-02
   2.92200000e+02 -9.80000000e+00]
 [ 6.48660000e+03  6.51110000e+03  6.46860000e+03 ...  4.55879395e-02
   2.92200000e+02 -3.10000000e+00]
 [ 6.48660000e+03  6.51110000e+03  6.46860000e+03 ...  4.55879395e-02
   2.92200000e+02  2.10000000e+00]
 ...
 [ 6.50900000e+03  6.51200000e+03  6.49420000e+03 ...  4.55879395e-02
   2.92200000e+02 -2.90000000e+00]
 [ 6.50900000e+03  6.51200000e+03  6.49420000e+03 ...  4.55879395e-02
   2.92200000e+02  1.10000000e+00]
 [ 6.50900000e+03  6.51200000e+03  6.49420000e+03 ...  4.55879395e-02
   2.92200000e+02  0.00000000e+00]]
2025-06-06 14:14:31,050 - prediction_service - ERROR - Erreur lors de la vérification NaN/Inf: The truth value of a Series is ambiguous. Use a.empty, a.bool(), a.item(), a.any() or a.all().
2025-06-06 14:15:07,876 - websockets.server - INFO - server closing
2025-06-06 14:15:07,878 - websockets.server - INFO - server closed
2025-06-06 14:15:16,254 - absl - WARNING - Compiled the loaded model, but the compiled metrics have yet to be built. `model.compile_metrics` will be empty until you train or evaluate the model.
2025-06-06 14:15:16,841 - prediction_service - INFO - Modèle existant compatible avec 158 features
2025-06-06 14:15:16,842 - prediction_service - INFO - Démarrage du serveur WebSocket sur 0.0.0.0:8765
2025-06-06 14:15:16,862 - websockets.server - INFO - server listening on 0.0.0.0:8765
2025-06-06 14:15:17,498 - websockets.server - INFO - connection open
2025-06-06 14:15:17,499 - prediction_service - INFO - Nouvelle connexion WebSocket: ('127.0.0.1', 34964)
2025-06-06 14:15:17,549 - absl - WARNING - Compiled the loaded model, but the compiled metrics have yet to be built. `model.compile_metrics` will be empty until you train or evaluate the model.
2025-06-06 14:15:17,552 - prediction_service - INFO - Modèle chargé depuis ./model/best_model.h5
2025-06-06 14:15:18,592 - prediction_service - INFO - Message reçu: 5min - 50 barres
2025-06-06 14:15:18,596 - prediction_service - INFO - Données historiques mises à jour pour 5min: 50 barres du 2025-06-02 07:20:00 au 2025-06-02 11:25:00
2025-06-06 14:15:18,596 - prediction_service - WARNING - Données insuffisantes pour les timeframes suivants (au moins 14 lignes requises) : 1h, 4h, 1d
2025-06-06 14:15:18,597 - prediction_service - INFO - Message reçu: 1h - 50 barres
2025-06-06 14:15:18,598 - prediction_service - INFO - Données historiques mises à jour pour 1h: 50 barres du 2025-05-29 09:00:00 au 2025-06-02 13:00:00
2025-06-06 14:15:18,598 - prediction_service - WARNING - Données insuffisantes pour les timeframes suivants (au moins 14 lignes requises) : 4h, 1d
2025-06-06 14:15:18,598 - prediction_service - INFO - Message reçu: 4h - 50 barres
2025-06-06 14:15:18,599 - prediction_service - INFO - Données historiques mises à jour pour 4h: 50 barres du 2025-05-21 15:00:00 au 2025-06-02 11:00:00
2025-06-06 14:15:18,599 - prediction_service - WARNING - Données insuffisantes pour les timeframes suivants (au moins 14 lignes requises) : 1d
2025-06-06 14:15:18,599 - prediction_service - INFO - Message reçu: 1d - 50 barres
2025-06-06 14:15:18,600 - prediction_service - INFO - Données historiques mises à jour pour 1d: 50 barres du 2025-03-23 23:00:00 au 2025-06-01 22:00:00
2025-06-06 14:15:18,604 - prediction_service - INFO - DEBUG - Entrées dans prepare_data_for_prediction:
2025-06-06 14:15:18,604 - prediction_service - INFO -   5min: 49 lignes
2025-06-06 14:15:18,604 - prediction_service - INFO -   1h: 50 lignes
2025-06-06 14:15:18,604 - prediction_service - INFO -   4h: 50 lignes
2025-06-06 14:15:18,604 - prediction_service - INFO -   1d: 50 lignes
2025-06-06 14:15:19,187 - prediction_service - INFO - DEBUG - Après create_parquet: 30 lignes
2025-06-06 14:15:19,187 - prediction_service - INFO - DEBUG - Features disponibles: []
2025-06-06 14:15:19,187 - prediction_service - INFO - DEBUG - Colonnes avant nettoyage: ['Open_1h', 'High_1h', 'Low_1h', 'Close_1h', 'Volume_1h', 'Volume_SMA', 'OBV_std', 'OBV_norm_std', 'OBV_SMA_10', 'OBV_EMA_10', 'OBV_WMA_10', 'OBV_SMA_20', 'OBV_EMA_20', 'OBV_WMA_20', 'OBV_SMA_50', 'OBV_EMA_50', 'OBV_WMA_50', 'OBV_Bullish_Div_10', 'OBV_Bearish_Div_10', 'OBV_Bullish_Div_20', 'OBV_Bearish_Div_20', 'OBV_Bullish_Div_50', 'OBV_Bearish_Div_50', 'VWAP_10', 'Open_4h', 'High_4h', 'Low_4h', 'Close_4h', 'Volume_4h', 'candle_range_4h', 'corps_candle_4h', 'meche_haute_4h', 'meche_basse_4h', 'candle_trend_4h', 'doji_type_4h', 'doji_4h', 'doji_strength_4h', 'perfect_doji_4h', 'upper_wick_4h', 'lower_wick_4h', 'ratio_corps_4h', 'doji_invalid_4h', 'pattern_type_4h', 'bullish_engulfing_4h', 'bearish_engulfing_4h', 'engulfing_strength_4h', 'corps_candle_prev_4h', 'corps_sum_4h', 'Volume_SMA_5_4h', 'Volume_SMA_10_4h', 'Volume_SMA_20_4h', 'Volume_Ratio_SMA5_4h', 'Volume_Ratio_SMA10_4h', 'Volume_Ratio_SMA20_4h', 'Volume_Change_1_4h', 'Volume_Change_5_4h', 'PV_Ratio_4h', 'PV_Change_4h', 'OBV_4h', 'Volume_SMA_4h', 'OBV_normalized_4h', 'OBV_norm_minmax_4h', 'OBV_std_4h', 'OBV_norm_std_4h', 'OBV_SMA_10_4h', 'OBV_EMA_10_4h', 'OBV_WMA_10_4h', 'OBV_SMA_20_4h', 'OBV_EMA_20_4h', 'OBV_WMA_20_4h', 'OBV_SMA_50_4h', 'OBV_EMA_50_4h', 'OBV_WMA_50_4h', 'OBV_Trend_short_4h', 'OBV_Trend_medium_4h', 'OBV_Trend_long_4h', 'OBV_Bullish_Div_10_4h', 'OBV_Bearish_Div_10_4h', 'OBV_Bullish_Div_20_4h', 'OBV_Bearish_Div_20_4h', 'OBV_Bullish_Div_50_4h', 'OBV_Bearish_Div_50_4h', 'MFV_4h', 'ADL_4h', 'ADL_norm_4h', 'ADL_SMA5_4h', 'ADL_SMA15_4h', 'ADL_SMA30_4h', 'ADL_Trend_4h', 'Price_Trend_4h', 'ADL_Divergence_4h', 'MFM_4h', 'CMF_20_4h', 'PVT_change_4h', 'PVT_4h', 'PVT_norm_4h', 'PVT_SMA10_4h', 'PVT_SMA30_4h', 'PVT_signal_4h', 'PVT_cross_4h', 'PVT_cross_signal_4h', 'PVT_delta5_4h', 'CCI_5_4h', 'CCI_10_4h', 'CCI_15_4h', 'Volume_Oscillator_4h', 'VWAP_4h', 'VWMA_10_4h', 'VWMA_20_4h', 'Force_Index_1_4h', 'Force_Index_13_4h', 'Typical_Price_4h', 'Raw_Money_Flow_4h', 'Typical_Price_Prev_4h', 'Money_Flow_Positive_4h', 'Money_Flow_Negative_4h', 'MFI_14_4h', 'Vol_Weighted_Up_4h', 'Vol_Weighted_Down_4h', 'Vol_Weighted_Up_Avg_4h', 'Vol_Weighted_Down_Avg_4h', 'Vol_Weighted_RSI_4h', 'VWAP_10_4h', 'Open_1d', 'High_1d', 'Low_1d', 'Close_1d', 'Volume_1d', 'candle_range_1d', 'corps_candle_1d', 'meche_haute_1d', 'meche_basse_1d', 'candle_trend_1d', 'doji_type_1d', 'doji_1d', 'doji_strength_1d', 'perfect_doji_1d', 'upper_wick_1d', 'lower_wick_1d', 'ratio_corps_1d', 'doji_invalid_1d', 'pattern_type_1d', 'bullish_engulfing_1d', 'bearish_engulfing_1d', 'engulfing_strength_1d', 'corps_candle_prev_1d', 'corps_sum_1d', 'Volume_SMA_5_1d', 'Volume_SMA_10_1d', 'Volume_SMA_20_1d', 'Volume_Ratio_SMA5_1d', 'Volume_Ratio_SMA10_1d', 'Volume_Ratio_SMA20_1d', 'Volume_Change_1_1d', 'Volume_Change_5_1d', 'PV_Ratio_1d', 'PV_Change_1d', 'OBV_1d', 'Volume_SMA_1d', 'OBV_normalized_1d', 'OBV_norm_minmax_1d', 'OBV_std_1d', 'OBV_norm_std_1d', 'OBV_SMA_10_1d', 'OBV_EMA_10_1d', 'OBV_WMA_10_1d', 'OBV_SMA_20_1d', 'OBV_EMA_20_1d', 'OBV_WMA_20_1d', 'OBV_SMA_50_1d', 'OBV_EMA_50_1d', 'OBV_WMA_50_1d', 'OBV_Trend_short_1d', 'OBV_Trend_medium_1d', 'OBV_Trend_long_1d', 'OBV_Bullish_Div_10_1d', 'OBV_Bearish_Div_10_1d', 'OBV_Bullish_Div_20_1d', 'OBV_Bearish_Div_20_1d', 'OBV_Bullish_Div_50_1d', 'OBV_Bearish_Div_50_1d', 'MFV_1d', 'ADL_1d', 'ADL_norm_1d', 'ADL_SMA5_1d', 'ADL_SMA15_1d', 'ADL_SMA30_1d', 'ADL_Trend_1d', 'Price_Trend_1d', 'ADL_Divergence_1d', 'MFM_1d', 'CMF_20_1d', 'PVT_change_1d', 'PVT_1d', 'PVT_norm_1d', 'PVT_SMA10_1d', 'PVT_SMA30_1d', 'PVT_signal_1d', 'PVT_cross_1d', 'PVT_cross_signal_1d', 'PVT_delta5_1d', 'CCI_5_1d', 'CCI_10_1d', 'CCI_15_1d', 'Volume_Oscillator_1d', 'VWAP_1d', 'VWMA_10_1d', 'VWMA_20_1d', 'Force_Index_1_1d', 'Force_Index_13_1d', 'Typical_Price_1d', 'Raw_Money_Flow_1d', 'Typical_Price_Prev_1d', 'Money_Flow_Positive_1d', 'Money_Flow_Negative_1d', 'MFI_14_1d', 'Vol_Weighted_Up_1d', 'Vol_Weighted_Down_1d', 'Vol_Weighted_Up_Avg_1d', 'Vol_Weighted_Down_Avg_1d', 'Vol_Weighted_RSI_1d', 'VWAP_10_1d', 'Volume_SMA', 'OBV_std', 'OBV_norm_std', 'OBV_SMA_10', 'OBV_EMA_10', 'OBV_WMA_10', 'OBV_SMA_20', 'OBV_EMA_20', 'OBV_WMA_20', 'OBV_SMA_50', 'OBV_EMA_50', 'OBV_WMA_50', 'OBV_Bullish_Div_10', 'OBV_Bearish_Div_10', 'OBV_Bullish_Div_20', 'OBV_Bearish_Div_20', 'OBV_Bullish_Div_50', 'OBV_Bearish_Div_50', 'SuperTrend_Long', 'SuperTrend_Short', 'ADX', 'Williams_R', 'day_of_year', 'sin_day', 'cos_day', 'sin_hour', 'cos_hour', 'period_of_day', 'hourly_return', 'hourly_volatility', 'volatility_by_period', 'volatility_6h', 'volatility_12h', 'volatility_24h', 'volatility_period_0', 'volatility_period_1', 'volatility_period_2', 'volatility_period_3', 'volatility_morning', 'volatility_afternoon', 'volatility_evening', 'volatility_night', 'log_return_5m', 'log_return_1h', 'momentum_1h', 'log_return_4h', 'momentum_4h', 'log_return_1d', 'momentum_1d', 'momentum_5m']
2025-06-06 14:15:19,188 - prediction_service - INFO - DEBUG - Colonnes non-numériques détectées: ['doji_type_4h', 'pattern_type_4h', 'doji_type_1d', 'pattern_type_1d']
2025-06-06 14:15:19,189 - prediction_service - INFO - DEBUG - Colonnes finales: ['Open_1h', 'High_1h', 'Low_1h', 'Close_1h', 'Volume_1h', 'Volume_SMA', 'OBV_std', 'OBV_norm_std', 'OBV_SMA_10', 'OBV_EMA_10', 'OBV_WMA_10', 'OBV_SMA_20', 'OBV_EMA_20', 'OBV_WMA_20', 'OBV_SMA_50', 'OBV_EMA_50', 'OBV_WMA_50', 'OBV_Bullish_Div_10', 'OBV_Bearish_Div_10', 'OBV_Bullish_Div_20', 'OBV_Bearish_Div_20', 'OBV_Bullish_Div_50', 'OBV_Bearish_Div_50', 'VWAP_10', 'Open_4h', 'High_4h', 'Low_4h', 'Close_4h', 'Volume_4h', 'candle_range_4h', 'corps_candle_4h', 'meche_haute_4h', 'meche_basse_4h', 'candle_trend_4h', 'doji_4h', 'doji_strength_4h', 'perfect_doji_4h', 'upper_wick_4h', 'lower_wick_4h', 'ratio_corps_4h', 'doji_invalid_4h', 'bullish_engulfing_4h', 'bearish_engulfing_4h', 'engulfing_strength_4h', 'corps_candle_prev_4h', 'corps_sum_4h', 'Volume_SMA_5_4h', 'Volume_SMA_10_4h', 'Volume_SMA_20_4h', 'Volume_Ratio_SMA5_4h', 'Volume_Ratio_SMA10_4h', 'Volume_Ratio_SMA20_4h', 'Volume_Change_1_4h', 'Volume_Change_5_4h', 'PV_Ratio_4h', 'PV_Change_4h', 'OBV_4h', 'Volume_SMA_4h', 'OBV_normalized_4h', 'OBV_norm_minmax_4h', 'OBV_std_4h', 'OBV_norm_std_4h', 'OBV_SMA_10_4h', 'OBV_EMA_10_4h', 'OBV_WMA_10_4h', 'OBV_SMA_20_4h', 'OBV_EMA_20_4h', 'OBV_WMA_20_4h', 'OBV_SMA_50_4h', 'OBV_EMA_50_4h', 'OBV_WMA_50_4h', 'OBV_Trend_short_4h', 'OBV_Trend_medium_4h', 'OBV_Trend_long_4h', 'OBV_Bullish_Div_10_4h', 'OBV_Bearish_Div_10_4h', 'OBV_Bullish_Div_20_4h', 'OBV_Bearish_Div_20_4h', 'OBV_Bullish_Div_50_4h', 'OBV_Bearish_Div_50_4h', 'MFV_4h', 'ADL_4h', 'ADL_norm_4h', 'ADL_SMA5_4h', 'ADL_SMA15_4h', 'ADL_SMA30_4h', 'ADL_Trend_4h', 'Price_Trend_4h', 'ADL_Divergence_4h', 'MFM_4h', 'CMF_20_4h', 'PVT_change_4h', 'PVT_4h', 'PVT_norm_4h', 'PVT_SMA10_4h', 'PVT_SMA30_4h', 'PVT_signal_4h', 'PVT_cross_4h', 'PVT_cross_signal_4h', 'PVT_delta5_4h', 'CCI_5_4h', 'CCI_10_4h', 'CCI_15_4h', 'Volume_Oscillator_4h', 'VWAP_4h', 'VWMA_10_4h', 'VWMA_20_4h', 'Force_Index_1_4h', 'Force_Index_13_4h', 'Typical_Price_4h', 'Raw_Money_Flow_4h', 'Typical_Price_Prev_4h', 'Money_Flow_Positive_4h', 'Money_Flow_Negative_4h', 'MFI_14_4h', 'Vol_Weighted_Up_4h', 'Vol_Weighted_Down_4h', 'Vol_Weighted_Up_Avg_4h', 'Vol_Weighted_Down_Avg_4h', 'Vol_Weighted_RSI_4h', 'VWAP_10_4h', 'Open_1d', 'High_1d', 'Low_1d', 'Close_1d', 'Volume_1d', 'candle_range_1d', 'corps_candle_1d', 'meche_haute_1d', 'meche_basse_1d', 'candle_trend_1d', 'doji_1d', 'doji_strength_1d', 'perfect_doji_1d', 'upper_wick_1d', 'lower_wick_1d', 'ratio_corps_1d', 'doji_invalid_1d', 'bullish_engulfing_1d', 'bearish_engulfing_1d', 'engulfing_strength_1d', 'corps_candle_prev_1d', 'corps_sum_1d', 'Volume_SMA_5_1d', 'Volume_SMA_10_1d', 'Volume_SMA_20_1d', 'Volume_Ratio_SMA5_1d', 'Volume_Ratio_SMA10_1d', 'Volume_Ratio_SMA20_1d', 'Volume_Change_1_1d', 'Volume_Change_5_1d', 'PV_Ratio_1d', 'PV_Change_1d', 'OBV_1d', 'Volume_SMA_1d', 'OBV_normalized_1d', 'OBV_norm_minmax_1d', 'OBV_std_1d', 'OBV_norm_std_1d', 'OBV_SMA_10_1d', 'OBV_EMA_10_1d', 'OBV_WMA_10_1d', 'OBV_SMA_20_1d', 'OBV_EMA_20_1d', 'OBV_WMA_20_1d', 'OBV_SMA_50_1d', 'OBV_EMA_50_1d', 'OBV_WMA_50_1d', 'OBV_Trend_short_1d', 'OBV_Trend_medium_1d', 'OBV_Trend_long_1d', 'OBV_Bullish_Div_10_1d', 'OBV_Bearish_Div_10_1d', 'OBV_Bullish_Div_20_1d', 'OBV_Bearish_Div_20_1d', 'OBV_Bullish_Div_50_1d', 'OBV_Bearish_Div_50_1d', 'MFV_1d', 'ADL_1d', 'ADL_norm_1d', 'ADL_SMA5_1d', 'ADL_SMA15_1d', 'ADL_SMA30_1d', 'ADL_Trend_1d', 'Price_Trend_1d', 'ADL_Divergence_1d', 'MFM_1d', 'CMF_20_1d', 'PVT_change_1d', 'PVT_1d', 'PVT_norm_1d', 'PVT_SMA10_1d', 'PVT_SMA30_1d', 'PVT_signal_1d', 'PVT_cross_1d', 'PVT_cross_signal_1d', 'PVT_delta5_1d', 'CCI_5_1d', 'CCI_10_1d', 'CCI_15_1d', 'Volume_Oscillator_1d', 'VWAP_1d', 'VWMA_10_1d', 'VWMA_20_1d', 'Force_Index_1_1d', 'Force_Index_13_1d', 'Typical_Price_1d', 'Raw_Money_Flow_1d', 'Typical_Price_Prev_1d', 'Money_Flow_Positive_1d', 'Money_Flow_Negative_1d', 'MFI_14_1d', 'Vol_Weighted_Up_1d', 'Vol_Weighted_Down_1d', 'Vol_Weighted_Up_Avg_1d', 'Vol_Weighted_Down_Avg_1d', 'Vol_Weighted_RSI_1d', 'VWAP_10_1d', 'Volume_SMA', 'OBV_std', 'OBV_norm_std', 'OBV_SMA_10', 'OBV_EMA_10', 'OBV_WMA_10', 'OBV_SMA_20', 'OBV_EMA_20', 'OBV_WMA_20', 'OBV_SMA_50', 'OBV_EMA_50', 'OBV_WMA_50', 'OBV_Bullish_Div_10', 'OBV_Bearish_Div_10', 'OBV_Bullish_Div_20', 'OBV_Bearish_Div_20', 'OBV_Bullish_Div_50', 'OBV_Bearish_Div_50', 'SuperTrend_Long', 'SuperTrend_Short', 'ADX', 'Williams_R', 'day_of_year', 'sin_day', 'cos_day', 'sin_hour', 'cos_hour', 'period_of_day', 'hourly_return', 'hourly_volatility', 'volatility_by_period', 'volatility_6h', 'volatility_12h', 'volatility_24h', 'volatility_period_0', 'volatility_period_1', 'volatility_period_2', 'volatility_period_3', 'volatility_morning', 'volatility_afternoon', 'volatility_evening', 'volatility_night', 'log_return_5m', 'log_return_1h', 'momentum_1h', 'log_return_4h', 'momentum_4h', 'log_return_1d', 'momentum_1d', 'momentum_5m']
2025-06-06 14:15:19,189 - prediction_service - INFO - DEBUG - Types de données: [dtype('float64') dtype('int64') dtype('int32')]
2025-06-06 14:15:19,190 - prediction_service - INFO - Séquences conservées pour la prédiction (shape=(16, 268)): [[ 6.48660000e+03  6.51110000e+03  6.46860000e+03 ...  4.55879395e-02
   2.92200000e+02 -9.80000000e+00]
 [ 6.48660000e+03  6.51110000e+03  6.46860000e+03 ...  4.55879395e-02
   2.92200000e+02 -3.10000000e+00]
 [ 6.48660000e+03  6.51110000e+03  6.46860000e+03 ...  4.55879395e-02
   2.92200000e+02  2.10000000e+00]
 ...
 [ 6.50900000e+03  6.51200000e+03  6.49420000e+03 ...  4.55879395e-02
   2.92200000e+02 -2.90000000e+00]
 [ 6.50900000e+03  6.51200000e+03  6.49420000e+03 ...  4.55879395e-02
   2.92200000e+02  1.10000000e+00]
 [ 6.50900000e+03  6.51200000e+03  6.49420000e+03 ...  4.55879395e-02
   2.92200000e+02  0.00000000e+00]]
2025-06-06 14:15:19,250 - prediction_service - ERROR - Erreur lors de la vérification NaN/Inf: The truth value of a Series is ambiguous. Use a.empty, a.bool(), a.item(), a.any() or a.all().
2025-06-06 14:16:11,428 - websockets.server - INFO - server closing
2025-06-06 14:16:11,428 - websockets.server - INFO - server closed
2025-06-06 14:16:16,896 - absl - WARNING - Compiled the loaded model, but the compiled metrics have yet to be built. `model.compile_metrics` will be empty until you train or evaluate the model.
2025-06-06 14:16:17,452 - prediction_service - INFO - Modèle existant compatible avec 158 features
2025-06-06 14:16:17,452 - prediction_service - INFO - Démarrage du serveur WebSocket sur 0.0.0.0:8765
2025-06-06 14:16:17,471 - websockets.server - INFO - server listening on 0.0.0.0:8765
2025-06-06 14:16:17,654 - websockets.server - INFO - connection open
2025-06-06 14:16:17,655 - prediction_service - INFO - Nouvelle connexion WebSocket: ('127.0.0.1', 55396)
2025-06-06 14:16:17,707 - absl - WARNING - Compiled the loaded model, but the compiled metrics have yet to be built. `model.compile_metrics` will be empty until you train or evaluate the model.
2025-06-06 14:16:17,709 - prediction_service - INFO - Modèle chargé depuis ./model/best_model.h5
2025-06-06 14:16:18,786 - prediction_service - INFO - Message reçu: 5min - 50 barres
2025-06-06 14:16:18,792 - prediction_service - INFO - Données historiques mises à jour pour 5min: 50 barres du 2025-06-02 07:20:00 au 2025-06-02 11:25:00
2025-06-06 14:16:18,792 - prediction_service - WARNING - Données insuffisantes pour les timeframes suivants (au moins 14 lignes requises) : 1h, 4h, 1d
2025-06-06 14:16:18,792 - prediction_service - INFO - Message reçu: 1h - 50 barres
2025-06-06 14:16:18,795 - prediction_service - INFO - Données historiques mises à jour pour 1h: 50 barres du 2025-05-29 09:00:00 au 2025-06-02 13:00:00
2025-06-06 14:16:18,795 - prediction_service - WARNING - Données insuffisantes pour les timeframes suivants (au moins 14 lignes requises) : 4h, 1d
2025-06-06 14:16:18,796 - prediction_service - INFO - Message reçu: 4h - 50 barres
2025-06-06 14:16:18,799 - prediction_service - INFO - Données historiques mises à jour pour 4h: 50 barres du 2025-05-21 15:00:00 au 2025-06-02 11:00:00
2025-06-06 14:16:18,799 - prediction_service - WARNING - Données insuffisantes pour les timeframes suivants (au moins 14 lignes requises) : 1d
2025-06-06 14:16:18,800 - prediction_service - INFO - Message reçu: 1d - 50 barres
2025-06-06 14:16:18,802 - prediction_service - INFO - Données historiques mises à jour pour 1d: 50 barres du 2025-03-23 23:00:00 au 2025-06-01 22:00:00
2025-06-06 14:16:18,809 - prediction_service - INFO - DEBUG - Entrées dans prepare_data_for_prediction:
2025-06-06 14:16:18,810 - prediction_service - INFO -   5min: 49 lignes
2025-06-06 14:16:18,810 - prediction_service - INFO -   1h: 50 lignes
2025-06-06 14:16:18,810 - prediction_service - INFO -   4h: 50 lignes
2025-06-06 14:16:18,810 - prediction_service - INFO -   1d: 50 lignes
2025-06-06 14:16:19,674 - prediction_service - INFO - DEBUG - Après create_parquet: 30 lignes
2025-06-06 14:16:19,674 - prediction_service - INFO - DEBUG - Features disponibles: []
2025-06-06 14:16:19,674 - prediction_service - INFO - DEBUG - Colonnes avant nettoyage: ['Open_1h', 'High_1h', 'Low_1h', 'Close_1h', 'Volume_1h', 'Volume_SMA', 'OBV_std', 'OBV_norm_std', 'OBV_SMA_10', 'OBV_EMA_10', 'OBV_WMA_10', 'OBV_SMA_20', 'OBV_EMA_20', 'OBV_WMA_20', 'OBV_SMA_50', 'OBV_EMA_50', 'OBV_WMA_50', 'OBV_Bullish_Div_10', 'OBV_Bearish_Div_10', 'OBV_Bullish_Div_20', 'OBV_Bearish_Div_20', 'OBV_Bullish_Div_50', 'OBV_Bearish_Div_50', 'VWAP_10', 'Open_4h', 'High_4h', 'Low_4h', 'Close_4h', 'Volume_4h', 'candle_range_4h', 'corps_candle_4h', 'meche_haute_4h', 'meche_basse_4h', 'candle_trend_4h', 'doji_type_4h', 'doji_4h', 'doji_strength_4h', 'perfect_doji_4h', 'upper_wick_4h', 'lower_wick_4h', 'ratio_corps_4h', 'doji_invalid_4h', 'pattern_type_4h', 'bullish_engulfing_4h', 'bearish_engulfing_4h', 'engulfing_strength_4h', 'corps_candle_prev_4h', 'corps_sum_4h', 'Volume_SMA_5_4h', 'Volume_SMA_10_4h', 'Volume_SMA_20_4h', 'Volume_Ratio_SMA5_4h', 'Volume_Ratio_SMA10_4h', 'Volume_Ratio_SMA20_4h', 'Volume_Change_1_4h', 'Volume_Change_5_4h', 'PV_Ratio_4h', 'PV_Change_4h', 'OBV_4h', 'Volume_SMA_4h', 'OBV_normalized_4h', 'OBV_norm_minmax_4h', 'OBV_std_4h', 'OBV_norm_std_4h', 'OBV_SMA_10_4h', 'OBV_EMA_10_4h', 'OBV_WMA_10_4h', 'OBV_SMA_20_4h', 'OBV_EMA_20_4h', 'OBV_WMA_20_4h', 'OBV_SMA_50_4h', 'OBV_EMA_50_4h', 'OBV_WMA_50_4h', 'OBV_Trend_short_4h', 'OBV_Trend_medium_4h', 'OBV_Trend_long_4h', 'OBV_Bullish_Div_10_4h', 'OBV_Bearish_Div_10_4h', 'OBV_Bullish_Div_20_4h', 'OBV_Bearish_Div_20_4h', 'OBV_Bullish_Div_50_4h', 'OBV_Bearish_Div_50_4h', 'MFV_4h', 'ADL_4h', 'ADL_norm_4h', 'ADL_SMA5_4h', 'ADL_SMA15_4h', 'ADL_SMA30_4h', 'ADL_Trend_4h', 'Price_Trend_4h', 'ADL_Divergence_4h', 'MFM_4h', 'CMF_20_4h', 'PVT_change_4h', 'PVT_4h', 'PVT_norm_4h', 'PVT_SMA10_4h', 'PVT_SMA30_4h', 'PVT_signal_4h', 'PVT_cross_4h', 'PVT_cross_signal_4h', 'PVT_delta5_4h', 'CCI_5_4h', 'CCI_10_4h', 'CCI_15_4h', 'Volume_Oscillator_4h', 'VWAP_4h', 'VWMA_10_4h', 'VWMA_20_4h', 'Force_Index_1_4h', 'Force_Index_13_4h', 'Typical_Price_4h', 'Raw_Money_Flow_4h', 'Typical_Price_Prev_4h', 'Money_Flow_Positive_4h', 'Money_Flow_Negative_4h', 'MFI_14_4h', 'Vol_Weighted_Up_4h', 'Vol_Weighted_Down_4h', 'Vol_Weighted_Up_Avg_4h', 'Vol_Weighted_Down_Avg_4h', 'Vol_Weighted_RSI_4h', 'VWAP_10_4h', 'Open_1d', 'High_1d', 'Low_1d', 'Close_1d', 'Volume_1d', 'candle_range_1d', 'corps_candle_1d', 'meche_haute_1d', 'meche_basse_1d', 'candle_trend_1d', 'doji_type_1d', 'doji_1d', 'doji_strength_1d', 'perfect_doji_1d', 'upper_wick_1d', 'lower_wick_1d', 'ratio_corps_1d', 'doji_invalid_1d', 'pattern_type_1d', 'bullish_engulfing_1d', 'bearish_engulfing_1d', 'engulfing_strength_1d', 'corps_candle_prev_1d', 'corps_sum_1d', 'Volume_SMA_5_1d', 'Volume_SMA_10_1d', 'Volume_SMA_20_1d', 'Volume_Ratio_SMA5_1d', 'Volume_Ratio_SMA10_1d', 'Volume_Ratio_SMA20_1d', 'Volume_Change_1_1d', 'Volume_Change_5_1d', 'PV_Ratio_1d', 'PV_Change_1d', 'OBV_1d', 'Volume_SMA_1d', 'OBV_normalized_1d', 'OBV_norm_minmax_1d', 'OBV_std_1d', 'OBV_norm_std_1d', 'OBV_SMA_10_1d', 'OBV_EMA_10_1d', 'OBV_WMA_10_1d', 'OBV_SMA_20_1d', 'OBV_EMA_20_1d', 'OBV_WMA_20_1d', 'OBV_SMA_50_1d', 'OBV_EMA_50_1d', 'OBV_WMA_50_1d', 'OBV_Trend_short_1d', 'OBV_Trend_medium_1d', 'OBV_Trend_long_1d', 'OBV_Bullish_Div_10_1d', 'OBV_Bearish_Div_10_1d', 'OBV_Bullish_Div_20_1d', 'OBV_Bearish_Div_20_1d', 'OBV_Bullish_Div_50_1d', 'OBV_Bearish_Div_50_1d', 'MFV_1d', 'ADL_1d', 'ADL_norm_1d', 'ADL_SMA5_1d', 'ADL_SMA15_1d', 'ADL_SMA30_1d', 'ADL_Trend_1d', 'Price_Trend_1d', 'ADL_Divergence_1d', 'MFM_1d', 'CMF_20_1d', 'PVT_change_1d', 'PVT_1d', 'PVT_norm_1d', 'PVT_SMA10_1d', 'PVT_SMA30_1d', 'PVT_signal_1d', 'PVT_cross_1d', 'PVT_cross_signal_1d', 'PVT_delta5_1d', 'CCI_5_1d', 'CCI_10_1d', 'CCI_15_1d', 'Volume_Oscillator_1d', 'VWAP_1d', 'VWMA_10_1d', 'VWMA_20_1d', 'Force_Index_1_1d', 'Force_Index_13_1d', 'Typical_Price_1d', 'Raw_Money_Flow_1d', 'Typical_Price_Prev_1d', 'Money_Flow_Positive_1d', 'Money_Flow_Negative_1d', 'MFI_14_1d', 'Vol_Weighted_Up_1d', 'Vol_Weighted_Down_1d', 'Vol_Weighted_Up_Avg_1d', 'Vol_Weighted_Down_Avg_1d', 'Vol_Weighted_RSI_1d', 'VWAP_10_1d', 'Volume_SMA', 'OBV_std', 'OBV_norm_std', 'OBV_SMA_10', 'OBV_EMA_10', 'OBV_WMA_10', 'OBV_SMA_20', 'OBV_EMA_20', 'OBV_WMA_20', 'OBV_SMA_50', 'OBV_EMA_50', 'OBV_WMA_50', 'OBV_Bullish_Div_10', 'OBV_Bearish_Div_10', 'OBV_Bullish_Div_20', 'OBV_Bearish_Div_20', 'OBV_Bullish_Div_50', 'OBV_Bearish_Div_50', 'SuperTrend_Long', 'SuperTrend_Short', 'ADX', 'Williams_R', 'day_of_year', 'sin_day', 'cos_day', 'sin_hour', 'cos_hour', 'period_of_day', 'hourly_return', 'hourly_volatility', 'volatility_by_period', 'volatility_6h', 'volatility_12h', 'volatility_24h', 'volatility_period_0', 'volatility_period_1', 'volatility_period_2', 'volatility_period_3', 'volatility_morning', 'volatility_afternoon', 'volatility_evening', 'volatility_night', 'log_return_5m', 'log_return_1h', 'momentum_1h', 'log_return_4h', 'momentum_4h', 'log_return_1d', 'momentum_1d', 'momentum_5m']
2025-06-06 14:16:19,675 - prediction_service - INFO - DEBUG - Colonnes non-numériques détectées: ['doji_type_4h', 'pattern_type_4h', 'doji_type_1d', 'pattern_type_1d']
2025-06-06 14:16:19,703 - prediction_service - INFO - DEBUG - Colonnes finales: ['Open_1h', 'High_1h', 'Low_1h', 'Close_1h', 'Volume_1h', 'Volume_SMA', 'OBV_std', 'OBV_norm_std', 'OBV_SMA_10', 'OBV_EMA_10', 'OBV_WMA_10', 'OBV_SMA_20', 'OBV_EMA_20', 'OBV_WMA_20', 'OBV_SMA_50', 'OBV_EMA_50', 'OBV_WMA_50', 'OBV_Bullish_Div_10', 'OBV_Bearish_Div_10', 'OBV_Bullish_Div_20', 'OBV_Bearish_Div_20', 'OBV_Bullish_Div_50', 'OBV_Bearish_Div_50', 'VWAP_10', 'Open_4h', 'High_4h', 'Low_4h', 'Close_4h', 'Volume_4h', 'candle_range_4h', 'corps_candle_4h', 'meche_haute_4h', 'meche_basse_4h', 'candle_trend_4h', 'doji_4h', 'doji_strength_4h', 'perfect_doji_4h', 'upper_wick_4h', 'lower_wick_4h', 'ratio_corps_4h', 'doji_invalid_4h', 'bullish_engulfing_4h', 'bearish_engulfing_4h', 'engulfing_strength_4h', 'corps_candle_prev_4h', 'corps_sum_4h', 'Volume_SMA_5_4h', 'Volume_SMA_10_4h', 'Volume_SMA_20_4h', 'Volume_Ratio_SMA5_4h', 'Volume_Ratio_SMA10_4h', 'Volume_Ratio_SMA20_4h', 'Volume_Change_1_4h', 'Volume_Change_5_4h', 'PV_Ratio_4h', 'PV_Change_4h', 'OBV_4h', 'Volume_SMA_4h', 'OBV_normalized_4h', 'OBV_norm_minmax_4h', 'OBV_std_4h', 'OBV_norm_std_4h', 'OBV_SMA_10_4h', 'OBV_EMA_10_4h', 'OBV_WMA_10_4h', 'OBV_SMA_20_4h', 'OBV_EMA_20_4h', 'OBV_WMA_20_4h', 'OBV_SMA_50_4h', 'OBV_EMA_50_4h', 'OBV_WMA_50_4h', 'OBV_Trend_short_4h', 'OBV_Trend_medium_4h', 'OBV_Trend_long_4h', 'OBV_Bullish_Div_10_4h', 'OBV_Bearish_Div_10_4h', 'OBV_Bullish_Div_20_4h', 'OBV_Bearish_Div_20_4h', 'OBV_Bullish_Div_50_4h', 'OBV_Bearish_Div_50_4h', 'MFV_4h', 'ADL_4h', 'ADL_norm_4h', 'ADL_SMA5_4h', 'ADL_SMA15_4h', 'ADL_SMA30_4h', 'ADL_Trend_4h', 'Price_Trend_4h', 'ADL_Divergence_4h', 'MFM_4h', 'CMF_20_4h', 'PVT_change_4h', 'PVT_4h', 'PVT_norm_4h', 'PVT_SMA10_4h', 'PVT_SMA30_4h', 'PVT_signal_4h', 'PVT_cross_4h', 'PVT_cross_signal_4h', 'PVT_delta5_4h', 'CCI_5_4h', 'CCI_10_4h', 'CCI_15_4h', 'Volume_Oscillator_4h', 'VWAP_4h', 'VWMA_10_4h', 'VWMA_20_4h', 'Force_Index_1_4h', 'Force_Index_13_4h', 'Typical_Price_4h', 'Raw_Money_Flow_4h', 'Typical_Price_Prev_4h', 'Money_Flow_Positive_4h', 'Money_Flow_Negative_4h', 'MFI_14_4h', 'Vol_Weighted_Up_4h', 'Vol_Weighted_Down_4h', 'Vol_Weighted_Up_Avg_4h', 'Vol_Weighted_Down_Avg_4h', 'Vol_Weighted_RSI_4h', 'VWAP_10_4h', 'Open_1d', 'High_1d', 'Low_1d', 'Close_1d', 'Volume_1d', 'candle_range_1d', 'corps_candle_1d', 'meche_haute_1d', 'meche_basse_1d', 'candle_trend_1d', 'doji_1d', 'doji_strength_1d', 'perfect_doji_1d', 'upper_wick_1d', 'lower_wick_1d', 'ratio_corps_1d', 'doji_invalid_1d', 'bullish_engulfing_1d', 'bearish_engulfing_1d', 'engulfing_strength_1d', 'corps_candle_prev_1d', 'corps_sum_1d', 'Volume_SMA_5_1d', 'Volume_SMA_10_1d', 'Volume_SMA_20_1d', 'Volume_Ratio_SMA5_1d', 'Volume_Ratio_SMA10_1d', 'Volume_Ratio_SMA20_1d', 'Volume_Change_1_1d', 'Volume_Change_5_1d', 'PV_Ratio_1d', 'PV_Change_1d', 'OBV_1d', 'Volume_SMA_1d', 'OBV_normalized_1d', 'OBV_norm_minmax_1d', 'OBV_std_1d', 'OBV_norm_std_1d', 'OBV_SMA_10_1d', 'OBV_EMA_10_1d', 'OBV_WMA_10_1d', 'OBV_SMA_20_1d', 'OBV_EMA_20_1d', 'OBV_WMA_20_1d', 'OBV_SMA_50_1d', 'OBV_EMA_50_1d', 'OBV_WMA_50_1d', 'OBV_Trend_short_1d', 'OBV_Trend_medium_1d', 'OBV_Trend_long_1d', 'OBV_Bullish_Div_10_1d', 'OBV_Bearish_Div_10_1d', 'OBV_Bullish_Div_20_1d', 'OBV_Bearish_Div_20_1d', 'OBV_Bullish_Div_50_1d', 'OBV_Bearish_Div_50_1d', 'MFV_1d', 'ADL_1d', 'ADL_norm_1d', 'ADL_SMA5_1d', 'ADL_SMA15_1d', 'ADL_SMA30_1d', 'ADL_Trend_1d', 'Price_Trend_1d', 'ADL_Divergence_1d', 'MFM_1d', 'CMF_20_1d', 'PVT_change_1d', 'PVT_1d', 'PVT_norm_1d', 'PVT_SMA10_1d', 'PVT_SMA30_1d', 'PVT_signal_1d', 'PVT_cross_1d', 'PVT_cross_signal_1d', 'PVT_delta5_1d', 'CCI_5_1d', 'CCI_10_1d', 'CCI_15_1d', 'Volume_Oscillator_1d', 'VWAP_1d', 'VWMA_10_1d', 'VWMA_20_1d', 'Force_Index_1_1d', 'Force_Index_13_1d', 'Typical_Price_1d', 'Raw_Money_Flow_1d', 'Typical_Price_Prev_1d', 'Money_Flow_Positive_1d', 'Money_Flow_Negative_1d', 'MFI_14_1d', 'Vol_Weighted_Up_1d', 'Vol_Weighted_Down_1d', 'Vol_Weighted_Up_Avg_1d', 'Vol_Weighted_Down_Avg_1d', 'Vol_Weighted_RSI_1d', 'VWAP_10_1d', 'Volume_SMA', 'OBV_std', 'OBV_norm_std', 'OBV_SMA_10', 'OBV_EMA_10', 'OBV_WMA_10', 'OBV_SMA_20', 'OBV_EMA_20', 'OBV_WMA_20', 'OBV_SMA_50', 'OBV_EMA_50', 'OBV_WMA_50', 'OBV_Bullish_Div_10', 'OBV_Bearish_Div_10', 'OBV_Bullish_Div_20', 'OBV_Bearish_Div_20', 'OBV_Bullish_Div_50', 'OBV_Bearish_Div_50', 'SuperTrend_Long', 'SuperTrend_Short', 'ADX', 'Williams_R', 'day_of_year', 'sin_day', 'cos_day', 'sin_hour', 'cos_hour', 'period_of_day', 'hourly_return', 'hourly_volatility', 'volatility_by_period', 'volatility_6h', 'volatility_12h', 'volatility_24h', 'volatility_period_0', 'volatility_period_1', 'volatility_period_2', 'volatility_period_3', 'volatility_morning', 'volatility_afternoon', 'volatility_evening', 'volatility_night', 'log_return_5m', 'log_return_1h', 'momentum_1h', 'log_return_4h', 'momentum_4h', 'log_return_1d', 'momentum_1d', 'momentum_5m']
2025-06-06 14:16:19,704 - prediction_service - INFO - DEBUG - Types de données: [dtype('float64') dtype('int64') dtype('int32')]
2025-06-06 14:16:19,706 - prediction_service - INFO - Séquences conservées pour la prédiction (shape=(16, 268)): [[ 6.48660000e+03  6.51110000e+03  6.46860000e+03 ...  4.55879395e-02
   2.92200000e+02 -9.80000000e+00]
 [ 6.48660000e+03  6.51110000e+03  6.46860000e+03 ...  4.55879395e-02
   2.92200000e+02 -3.10000000e+00]
 [ 6.48660000e+03  6.51110000e+03  6.46860000e+03 ...  4.55879395e-02
   2.92200000e+02  2.10000000e+00]
 ...
 [ 6.50900000e+03  6.51200000e+03  6.49420000e+03 ...  4.55879395e-02
   2.92200000e+02 -2.90000000e+00]
 [ 6.50900000e+03  6.51200000e+03  6.49420000e+03 ...  4.55879395e-02
   2.92200000e+02  1.10000000e+00]
 [ 6.50900000e+03  6.51200000e+03  6.49420000e+03 ...  4.55879395e-02
   2.92200000e+02  0.00000000e+00]]
2025-06-06 14:16:19,949 - prediction_service - ERROR - Erreur lors de la vérification NaN/Inf: The truth value of a Series is ambiguous. Use a.empty, a.bool(), a.item(), a.any() or a.all().
2025-06-06 14:17:20,732 - websockets.server - INFO - server closing
2025-06-06 14:17:20,733 - websockets.server - INFO - server closed
2025-06-06 14:17:26,284 - absl - WARNING - Compiled the loaded model, but the compiled metrics have yet to be built. `model.compile_metrics` will be empty until you train or evaluate the model.
2025-06-06 14:17:26,854 - prediction_service - INFO - Modèle existant compatible avec 158 features
2025-06-06 14:17:26,855 - prediction_service - INFO - Démarrage du serveur WebSocket sur 0.0.0.0:8765
2025-06-06 14:17:26,866 - websockets.server - INFO - server listening on 0.0.0.0:8765
2025-06-06 14:17:27,123 - websockets.server - INFO - connection open
2025-06-06 14:17:27,124 - prediction_service - INFO - Nouvelle connexion WebSocket: ('127.0.0.1', 52824)
2025-06-06 14:17:27,226 - absl - WARNING - Compiled the loaded model, but the compiled metrics have yet to be built. `model.compile_metrics` will be empty until you train or evaluate the model.
2025-06-06 14:17:27,232 - prediction_service - INFO - Modèle chargé depuis ./model/best_model.h5
2025-06-06 14:17:28,285 - prediction_service - INFO - Message reçu: 5min - 50 barres
2025-06-06 14:17:28,291 - prediction_service - INFO - Données historiques mises à jour pour 5min: 50 barres du 2025-06-02 07:20:00 au 2025-06-02 11:25:00
2025-06-06 14:17:28,291 - prediction_service - WARNING - Données insuffisantes pour les timeframes suivants (au moins 14 lignes requises) : 1h, 4h, 1d
2025-06-06 14:17:28,292 - prediction_service - INFO - Message reçu: 1h - 50 barres
2025-06-06 14:17:28,296 - prediction_service - INFO - Données historiques mises à jour pour 1h: 50 barres du 2025-05-29 09:00:00 au 2025-06-02 13:00:00
2025-06-06 14:17:28,296 - prediction_service - WARNING - Données insuffisantes pour les timeframes suivants (au moins 14 lignes requises) : 4h, 1d
2025-06-06 14:17:28,297 - prediction_service - INFO - Message reçu: 4h - 50 barres
2025-06-06 14:17:28,301 - prediction_service - INFO - Données historiques mises à jour pour 4h: 50 barres du 2025-05-21 15:00:00 au 2025-06-02 11:00:00
2025-06-06 14:17:28,301 - prediction_service - WARNING - Données insuffisantes pour les timeframes suivants (au moins 14 lignes requises) : 1d
2025-06-06 14:17:28,302 - prediction_service - INFO - Message reçu: 1d - 50 barres
2025-06-06 14:17:28,305 - prediction_service - INFO - Données historiques mises à jour pour 1d: 50 barres du 2025-03-23 23:00:00 au 2025-06-01 22:00:00
2025-06-06 14:17:28,316 - prediction_service - INFO - DEBUG - Entrées dans prepare_data_for_prediction:
2025-06-06 14:17:28,316 - prediction_service - INFO -   5min: 49 lignes
2025-06-06 14:17:28,317 - prediction_service - INFO -   1h: 50 lignes
2025-06-06 14:17:28,317 - prediction_service - INFO -   4h: 50 lignes
2025-06-06 14:17:28,317 - prediction_service - INFO -   1d: 50 lignes
2025-06-06 14:17:29,250 - prediction_service - INFO - DEBUG - Après create_parquet: 30 lignes
2025-06-06 14:17:29,251 - prediction_service - INFO - DEBUG - Features disponibles: []
2025-06-06 14:17:29,252 - prediction_service - INFO - DEBUG - Colonnes non-numériques détectées: ['doji_type_4h', 'pattern_type_4h', 'doji_type_1d', 'pattern_type_1d']
2025-06-06 14:17:29,258 - prediction_service - INFO - DEBUG - Colonnes finales: ['Open_1h', 'High_1h', 'Low_1h', 'Close_1h', 'Volume_1h', 'Volume_SMA', 'OBV_std', 'OBV_norm_std', 'OBV_SMA_10', 'OBV_EMA_10', 'OBV_WMA_10', 'OBV_SMA_20', 'OBV_EMA_20', 'OBV_WMA_20', 'OBV_SMA_50', 'OBV_EMA_50', 'OBV_WMA_50', 'OBV_Bullish_Div_10', 'OBV_Bearish_Div_10', 'OBV_Bullish_Div_20', 'OBV_Bearish_Div_20', 'OBV_Bullish_Div_50', 'OBV_Bearish_Div_50', 'VWAP_10', 'Open_4h', 'High_4h', 'Low_4h', 'Close_4h', 'Volume_4h', 'candle_range_4h', 'corps_candle_4h', 'meche_haute_4h', 'meche_basse_4h', 'candle_trend_4h', 'doji_4h', 'doji_strength_4h', 'perfect_doji_4h', 'upper_wick_4h', 'lower_wick_4h', 'ratio_corps_4h', 'doji_invalid_4h', 'bullish_engulfing_4h', 'bearish_engulfing_4h', 'engulfing_strength_4h', 'corps_candle_prev_4h', 'corps_sum_4h', 'Volume_SMA_5_4h', 'Volume_SMA_10_4h', 'Volume_SMA_20_4h', 'Volume_Ratio_SMA5_4h', 'Volume_Ratio_SMA10_4h', 'Volume_Ratio_SMA20_4h', 'Volume_Change_1_4h', 'Volume_Change_5_4h', 'PV_Ratio_4h', 'PV_Change_4h', 'OBV_4h', 'Volume_SMA_4h', 'OBV_normalized_4h', 'OBV_norm_minmax_4h', 'OBV_std_4h', 'OBV_norm_std_4h', 'OBV_SMA_10_4h', 'OBV_EMA_10_4h', 'OBV_WMA_10_4h', 'OBV_SMA_20_4h', 'OBV_EMA_20_4h', 'OBV_WMA_20_4h', 'OBV_SMA_50_4h', 'OBV_EMA_50_4h', 'OBV_WMA_50_4h', 'OBV_Trend_short_4h', 'OBV_Trend_medium_4h', 'OBV_Trend_long_4h', 'OBV_Bullish_Div_10_4h', 'OBV_Bearish_Div_10_4h', 'OBV_Bullish_Div_20_4h', 'OBV_Bearish_Div_20_4h', 'OBV_Bullish_Div_50_4h', 'OBV_Bearish_Div_50_4h', 'MFV_4h', 'ADL_4h', 'ADL_norm_4h', 'ADL_SMA5_4h', 'ADL_SMA15_4h', 'ADL_SMA30_4h', 'ADL_Trend_4h', 'Price_Trend_4h', 'ADL_Divergence_4h', 'MFM_4h', 'CMF_20_4h', 'PVT_change_4h', 'PVT_4h', 'PVT_norm_4h', 'PVT_SMA10_4h', 'PVT_SMA30_4h', 'PVT_signal_4h', 'PVT_cross_4h', 'PVT_cross_signal_4h', 'PVT_delta5_4h', 'CCI_5_4h', 'CCI_10_4h', 'CCI_15_4h', 'Volume_Oscillator_4h', 'VWAP_4h', 'VWMA_10_4h', 'VWMA_20_4h', 'Force_Index_1_4h', 'Force_Index_13_4h', 'Typical_Price_4h', 'Raw_Money_Flow_4h', 'Typical_Price_Prev_4h', 'Money_Flow_Positive_4h', 'Money_Flow_Negative_4h', 'MFI_14_4h', 'Vol_Weighted_Up_4h', 'Vol_Weighted_Down_4h', 'Vol_Weighted_Up_Avg_4h', 'Vol_Weighted_Down_Avg_4h', 'Vol_Weighted_RSI_4h', 'VWAP_10_4h', 'Open_1d', 'High_1d', 'Low_1d', 'Close_1d', 'Volume_1d', 'candle_range_1d', 'corps_candle_1d', 'meche_haute_1d', 'meche_basse_1d', 'candle_trend_1d', 'doji_1d', 'doji_strength_1d', 'perfect_doji_1d', 'upper_wick_1d', 'lower_wick_1d', 'ratio_corps_1d', 'doji_invalid_1d', 'bullish_engulfing_1d', 'bearish_engulfing_1d', 'engulfing_strength_1d', 'corps_candle_prev_1d', 'corps_sum_1d', 'Volume_SMA_5_1d', 'Volume_SMA_10_1d', 'Volume_SMA_20_1d', 'Volume_Ratio_SMA5_1d', 'Volume_Ratio_SMA10_1d', 'Volume_Ratio_SMA20_1d', 'Volume_Change_1_1d', 'Volume_Change_5_1d', 'PV_Ratio_1d', 'PV_Change_1d', 'OBV_1d', 'Volume_SMA_1d', 'OBV_normalized_1d', 'OBV_norm_minmax_1d', 'OBV_std_1d', 'OBV_norm_std_1d', 'OBV_SMA_10_1d', 'OBV_EMA_10_1d', 'OBV_WMA_10_1d', 'OBV_SMA_20_1d', 'OBV_EMA_20_1d', 'OBV_WMA_20_1d', 'OBV_SMA_50_1d', 'OBV_EMA_50_1d', 'OBV_WMA_50_1d', 'OBV_Trend_short_1d', 'OBV_Trend_medium_1d', 'OBV_Trend_long_1d', 'OBV_Bullish_Div_10_1d', 'OBV_Bearish_Div_10_1d', 'OBV_Bullish_Div_20_1d', 'OBV_Bearish_Div_20_1d', 'OBV_Bullish_Div_50_1d', 'OBV_Bearish_Div_50_1d', 'MFV_1d', 'ADL_1d', 'ADL_norm_1d', 'ADL_SMA5_1d', 'ADL_SMA15_1d', 'ADL_SMA30_1d', 'ADL_Trend_1d', 'Price_Trend_1d', 'ADL_Divergence_1d', 'MFM_1d', 'CMF_20_1d', 'PVT_change_1d', 'PVT_1d', 'PVT_norm_1d', 'PVT_SMA10_1d', 'PVT_SMA30_1d', 'PVT_signal_1d', 'PVT_cross_1d', 'PVT_cross_signal_1d', 'PVT_delta5_1d', 'CCI_5_1d', 'CCI_10_1d', 'CCI_15_1d', 'Volume_Oscillator_1d', 'VWAP_1d', 'VWMA_10_1d', 'VWMA_20_1d', 'Force_Index_1_1d', 'Force_Index_13_1d', 'Typical_Price_1d', 'Raw_Money_Flow_1d', 'Typical_Price_Prev_1d', 'Money_Flow_Positive_1d', 'Money_Flow_Negative_1d', 'MFI_14_1d', 'Vol_Weighted_Up_1d', 'Vol_Weighted_Down_1d', 'Vol_Weighted_Up_Avg_1d', 'Vol_Weighted_Down_Avg_1d', 'Vol_Weighted_RSI_1d', 'VWAP_10_1d', 'Volume_SMA', 'OBV_std', 'OBV_norm_std', 'OBV_SMA_10', 'OBV_EMA_10', 'OBV_WMA_10', 'OBV_SMA_20', 'OBV_EMA_20', 'OBV_WMA_20', 'OBV_SMA_50', 'OBV_EMA_50', 'OBV_WMA_50', 'OBV_Bullish_Div_10', 'OBV_Bearish_Div_10', 'OBV_Bullish_Div_20', 'OBV_Bearish_Div_20', 'OBV_Bullish_Div_50', 'OBV_Bearish_Div_50', 'SuperTrend_Long', 'SuperTrend_Short', 'ADX', 'Williams_R', 'day_of_year', 'sin_day', 'cos_day', 'sin_hour', 'cos_hour', 'period_of_day', 'hourly_return', 'hourly_volatility', 'volatility_by_period', 'volatility_6h', 'volatility_12h', 'volatility_24h', 'volatility_period_0', 'volatility_period_1', 'volatility_period_2', 'volatility_period_3', 'volatility_morning', 'volatility_afternoon', 'volatility_evening', 'volatility_night', 'log_return_5m', 'log_return_1h', 'momentum_1h', 'log_return_4h', 'momentum_4h', 'log_return_1d', 'momentum_1d', 'momentum_5m']
2025-06-06 14:17:29,260 - prediction_service - INFO - DEBUG - Types de données: [dtype('float64') dtype('int64') dtype('int32')]
2025-06-06 14:17:29,262 - prediction_service - INFO - Séquences conservées pour la prédiction (shape=(16, 268)): [[ 6.48660000e+03  6.51110000e+03  6.46860000e+03 ...  4.55879395e-02
   2.92200000e+02 -9.80000000e+00]
 [ 6.48660000e+03  6.51110000e+03  6.46860000e+03 ...  4.55879395e-02
   2.92200000e+02 -3.10000000e+00]
 [ 6.48660000e+03  6.51110000e+03  6.46860000e+03 ...  4.55879395e-02
   2.92200000e+02  2.10000000e+00]
 ...
 [ 6.50900000e+03  6.51200000e+03  6.49420000e+03 ...  4.55879395e-02
   2.92200000e+02 -2.90000000e+00]
 [ 6.50900000e+03  6.51200000e+03  6.49420000e+03 ...  4.55879395e-02
   2.92200000e+02  1.10000000e+00]
 [ 6.50900000e+03  6.51200000e+03  6.49420000e+03 ...  4.55879395e-02
   2.92200000e+02  0.00000000e+00]]
2025-06-06 14:17:29,461 - prediction_service - ERROR - Erreur lors de la vérification NaN/Inf: The truth value of a Series is ambiguous. Use a.empty, a.bool(), a.item(), a.any() or a.all().
2025-06-06 14:21:25,616 - websockets.server - INFO - server closing
2025-06-06 14:21:25,617 - websockets.server - INFO - server closed
2025-06-06 14:21:28,979 - absl - WARNING - Compiled the loaded model, but the compiled metrics have yet to be built. `model.compile_metrics` will be empty until you train or evaluate the model.
2025-06-06 14:21:29,200 - prediction_service - INFO - Modèle existant compatible avec 158 features
2025-06-06 14:21:29,200 - prediction_service - INFO - Démarrage du serveur WebSocket sur 0.0.0.0:8765
2025-06-06 14:21:29,205 - websockets.server - INFO - server listening on 0.0.0.0:8765
2025-06-06 14:21:33,737 - websockets.server - INFO - connection open
2025-06-06 14:21:33,737 - prediction_service - INFO - Nouvelle connexion WebSocket: ('127.0.0.1', 42700)
2025-06-06 14:21:33,812 - absl - WARNING - Compiled the loaded model, but the compiled metrics have yet to be built. `model.compile_metrics` will be empty until you train or evaluate the model.
2025-06-06 14:21:33,815 - prediction_service - INFO - Modèle chargé depuis ./model/best_model.h5
2025-06-06 14:21:34,845 - prediction_service - INFO - Message reçu: 5min - 50 barres
2025-06-06 14:21:34,850 - prediction_service - INFO - Données historiques mises à jour pour 5min: 50 barres du 2025-06-02 07:20:00 au 2025-06-02 11:25:00
2025-06-06 14:21:34,850 - prediction_service - WARNING - Données insuffisantes pour les timeframes suivants (au moins 14 lignes requises) : 1h, 4h, 1d
2025-06-06 14:21:34,850 - prediction_service - INFO - Message reçu: 1h - 50 barres
2025-06-06 14:21:34,852 - prediction_service - INFO - Données historiques mises à jour pour 1h: 50 barres du 2025-05-29 09:00:00 au 2025-06-02 13:00:00
2025-06-06 14:21:34,852 - prediction_service - WARNING - Données insuffisantes pour les timeframes suivants (au moins 14 lignes requises) : 4h, 1d
2025-06-06 14:21:34,852 - prediction_service - INFO - Message reçu: 4h - 50 barres
2025-06-06 14:21:34,854 - prediction_service - INFO - Données historiques mises à jour pour 4h: 50 barres du 2025-05-21 15:00:00 au 2025-06-02 11:00:00
2025-06-06 14:21:34,854 - prediction_service - WARNING - Données insuffisantes pour les timeframes suivants (au moins 14 lignes requises) : 1d
2025-06-06 14:21:34,855 - prediction_service - INFO - Message reçu: 1d - 50 barres
2025-06-06 14:21:34,856 - prediction_service - INFO - Données historiques mises à jour pour 1d: 50 barres du 2025-03-23 23:00:00 au 2025-06-01 22:00:00
2025-06-06 14:21:34,861 - prediction_service - INFO - DEBUG - Entrées dans prepare_data_for_prediction:
2025-06-06 14:21:34,861 - prediction_service - INFO -   5min: 49 lignes
2025-06-06 14:21:34,861 - prediction_service - INFO -   1h: 50 lignes
2025-06-06 14:21:34,861 - prediction_service - INFO -   4h: 50 lignes
2025-06-06 14:21:34,862 - prediction_service - INFO -   1d: 50 lignes
2025-06-06 14:21:35,520 - prediction_service - INFO - DEBUG - Après create_parquet: 30 lignes
2025-06-06 14:21:35,520 - prediction_service - INFO - DEBUG - Features disponibles: []
2025-06-06 14:21:35,521 - prediction_service - INFO - DEBUG - Colonnes non-numériques détectées: ['doji_type_4h', 'pattern_type_4h', 'doji_type_1d', 'pattern_type_1d']
2025-06-06 14:21:35,525 - prediction_service - INFO - DEBUG - Colonnes finales: ['Open_1h', 'High_1h', 'Low_1h', 'Close_1h', 'Volume_1h', 'Volume_SMA', 'OBV_std', 'OBV_norm_std', 'OBV_SMA_10', 'OBV_EMA_10', 'OBV_WMA_10', 'OBV_SMA_20', 'OBV_EMA_20', 'OBV_WMA_20', 'OBV_SMA_50', 'OBV_EMA_50', 'OBV_WMA_50', 'OBV_Bullish_Div_10', 'OBV_Bearish_Div_10', 'OBV_Bullish_Div_20', 'OBV_Bearish_Div_20', 'OBV_Bullish_Div_50', 'OBV_Bearish_Div_50', 'VWAP_10', 'Open_4h', 'High_4h', 'Low_4h', 'Close_4h', 'Volume_4h', 'candle_range_4h', 'corps_candle_4h', 'meche_haute_4h', 'meche_basse_4h', 'candle_trend_4h', 'doji_4h', 'doji_strength_4h', 'perfect_doji_4h', 'upper_wick_4h', 'lower_wick_4h', 'ratio_corps_4h', 'doji_invalid_4h', 'bullish_engulfing_4h', 'bearish_engulfing_4h', 'engulfing_strength_4h', 'corps_candle_prev_4h', 'corps_sum_4h', 'Volume_SMA_5_4h', 'Volume_SMA_10_4h', 'Volume_SMA_20_4h', 'Volume_Ratio_SMA5_4h', 'Volume_Ratio_SMA10_4h', 'Volume_Ratio_SMA20_4h', 'Volume_Change_1_4h', 'Volume_Change_5_4h', 'PV_Ratio_4h', 'PV_Change_4h', 'OBV_4h', 'Volume_SMA_4h', 'OBV_normalized_4h', 'OBV_norm_minmax_4h', 'OBV_std_4h', 'OBV_norm_std_4h', 'OBV_SMA_10_4h', 'OBV_EMA_10_4h', 'OBV_WMA_10_4h', 'OBV_SMA_20_4h', 'OBV_EMA_20_4h', 'OBV_WMA_20_4h', 'OBV_SMA_50_4h', 'OBV_EMA_50_4h', 'OBV_WMA_50_4h', 'OBV_Trend_short_4h', 'OBV_Trend_medium_4h', 'OBV_Trend_long_4h', 'OBV_Bullish_Div_10_4h', 'OBV_Bearish_Div_10_4h', 'OBV_Bullish_Div_20_4h', 'OBV_Bearish_Div_20_4h', 'OBV_Bullish_Div_50_4h', 'OBV_Bearish_Div_50_4h', 'MFV_4h', 'ADL_4h', 'ADL_norm_4h', 'ADL_SMA5_4h', 'ADL_SMA15_4h', 'ADL_SMA30_4h', 'ADL_Trend_4h', 'Price_Trend_4h', 'ADL_Divergence_4h', 'MFM_4h', 'CMF_20_4h', 'PVT_change_4h', 'PVT_4h', 'PVT_norm_4h', 'PVT_SMA10_4h', 'PVT_SMA30_4h', 'PVT_signal_4h', 'PVT_cross_4h', 'PVT_cross_signal_4h', 'PVT_delta5_4h', 'CCI_5_4h', 'CCI_10_4h', 'CCI_15_4h', 'Volume_Oscillator_4h', 'VWAP_4h', 'VWMA_10_4h', 'VWMA_20_4h', 'Force_Index_1_4h', 'Force_Index_13_4h', 'Typical_Price_4h', 'Raw_Money_Flow_4h', 'Typical_Price_Prev_4h', 'Money_Flow_Positive_4h', 'Money_Flow_Negative_4h', 'MFI_14_4h', 'Vol_Weighted_Up_4h', 'Vol_Weighted_Down_4h', 'Vol_Weighted_Up_Avg_4h', 'Vol_Weighted_Down_Avg_4h', 'Vol_Weighted_RSI_4h', 'VWAP_10_4h', 'Open_1d', 'High_1d', 'Low_1d', 'Close_1d', 'Volume_1d', 'candle_range_1d', 'corps_candle_1d', 'meche_haute_1d', 'meche_basse_1d', 'candle_trend_1d', 'doji_1d', 'doji_strength_1d', 'perfect_doji_1d', 'upper_wick_1d', 'lower_wick_1d', 'ratio_corps_1d', 'doji_invalid_1d', 'bullish_engulfing_1d', 'bearish_engulfing_1d', 'engulfing_strength_1d', 'corps_candle_prev_1d', 'corps_sum_1d', 'Volume_SMA_5_1d', 'Volume_SMA_10_1d', 'Volume_SMA_20_1d', 'Volume_Ratio_SMA5_1d', 'Volume_Ratio_SMA10_1d', 'Volume_Ratio_SMA20_1d', 'Volume_Change_1_1d', 'Volume_Change_5_1d', 'PV_Ratio_1d', 'PV_Change_1d', 'OBV_1d', 'Volume_SMA_1d', 'OBV_normalized_1d', 'OBV_norm_minmax_1d', 'OBV_std_1d', 'OBV_norm_std_1d', 'OBV_SMA_10_1d', 'OBV_EMA_10_1d', 'OBV_WMA_10_1d', 'OBV_SMA_20_1d', 'OBV_EMA_20_1d', 'OBV_WMA_20_1d', 'OBV_SMA_50_1d', 'OBV_EMA_50_1d', 'OBV_WMA_50_1d', 'OBV_Trend_short_1d', 'OBV_Trend_medium_1d', 'OBV_Trend_long_1d', 'OBV_Bullish_Div_10_1d', 'OBV_Bearish_Div_10_1d', 'OBV_Bullish_Div_20_1d', 'OBV_Bearish_Div_20_1d', 'OBV_Bullish_Div_50_1d', 'OBV_Bearish_Div_50_1d', 'MFV_1d', 'ADL_1d', 'ADL_norm_1d', 'ADL_SMA5_1d', 'ADL_SMA15_1d', 'ADL_SMA30_1d', 'ADL_Trend_1d', 'Price_Trend_1d', 'ADL_Divergence_1d', 'MFM_1d', 'CMF_20_1d', 'PVT_change_1d', 'PVT_1d', 'PVT_norm_1d', 'PVT_SMA10_1d', 'PVT_SMA30_1d', 'PVT_signal_1d', 'PVT_cross_1d', 'PVT_cross_signal_1d', 'PVT_delta5_1d', 'CCI_5_1d', 'CCI_10_1d', 'CCI_15_1d', 'Volume_Oscillator_1d', 'VWAP_1d', 'VWMA_10_1d', 'VWMA_20_1d', 'Force_Index_1_1d', 'Force_Index_13_1d', 'Typical_Price_1d', 'Raw_Money_Flow_1d', 'Typical_Price_Prev_1d', 'Money_Flow_Positive_1d', 'Money_Flow_Negative_1d', 'MFI_14_1d', 'Vol_Weighted_Up_1d', 'Vol_Weighted_Down_1d', 'Vol_Weighted_Up_Avg_1d', 'Vol_Weighted_Down_Avg_1d', 'Vol_Weighted_RSI_1d', 'VWAP_10_1d', 'Volume_SMA', 'OBV_std', 'OBV_norm_std', 'OBV_SMA_10', 'OBV_EMA_10', 'OBV_WMA_10', 'OBV_SMA_20', 'OBV_EMA_20', 'OBV_WMA_20', 'OBV_SMA_50', 'OBV_EMA_50', 'OBV_WMA_50', 'OBV_Bullish_Div_10', 'OBV_Bearish_Div_10', 'OBV_Bullish_Div_20', 'OBV_Bearish_Div_20', 'OBV_Bullish_Div_50', 'OBV_Bearish_Div_50', 'SuperTrend_Long', 'SuperTrend_Short', 'ADX', 'Williams_R', 'day_of_year', 'sin_day', 'cos_day', 'sin_hour', 'cos_hour', 'period_of_day', 'hourly_return', 'hourly_volatility', 'volatility_by_period', 'volatility_6h', 'volatility_12h', 'volatility_24h', 'volatility_period_0', 'volatility_period_1', 'volatility_period_2', 'volatility_period_3', 'volatility_morning', 'volatility_afternoon', 'volatility_evening', 'volatility_night', 'log_return_5m', 'log_return_1h', 'momentum_1h', 'log_return_4h', 'momentum_4h', 'log_return_1d', 'momentum_1d', 'momentum_5m']
2025-06-06 14:21:35,526 - prediction_service - INFO - DEBUG - Types de données: [dtype('float64') dtype('int64') dtype('int32')]
2025-06-06 14:21:35,527 - prediction_service - INFO - DEBUG - Colonnes finales: ['Open_1h', 'High_1h', 'Low_1h', 'Close_1h', 'Volume_1h', 'Volume_SMA', 'OBV_std', 'OBV_norm_std', 'OBV_SMA_10', 'OBV_EMA_10', 'OBV_WMA_10', 'OBV_SMA_20', 'OBV_EMA_20', 'OBV_WMA_20', 'OBV_SMA_50', 'OBV_EMA_50', 'OBV_WMA_50', 'OBV_Bullish_Div_10', 'OBV_Bearish_Div_10', 'OBV_Bullish_Div_20', 'OBV_Bearish_Div_20', 'OBV_Bullish_Div_50', 'OBV_Bearish_Div_50', 'VWAP_10', 'Open_4h', 'High_4h', 'Low_4h', 'Close_4h', 'Volume_4h', 'candle_range_4h', 'corps_candle_4h', 'meche_haute_4h', 'meche_basse_4h', 'candle_trend_4h', 'doji_4h', 'doji_strength_4h', 'perfect_doji_4h', 'upper_wick_4h', 'lower_wick_4h', 'ratio_corps_4h', 'doji_invalid_4h', 'bullish_engulfing_4h', 'bearish_engulfing_4h', 'engulfing_strength_4h', 'corps_candle_prev_4h', 'corps_sum_4h', 'Volume_SMA_5_4h', 'Volume_SMA_10_4h', 'Volume_SMA_20_4h', 'Volume_Ratio_SMA5_4h', 'Volume_Ratio_SMA10_4h', 'Volume_Ratio_SMA20_4h', 'Volume_Change_1_4h', 'Volume_Change_5_4h', 'PV_Ratio_4h', 'PV_Change_4h', 'OBV_4h', 'Volume_SMA_4h', 'OBV_normalized_4h', 'OBV_norm_minmax_4h', 'OBV_std_4h', 'OBV_norm_std_4h', 'OBV_SMA_10_4h', 'OBV_EMA_10_4h', 'OBV_WMA_10_4h', 'OBV_SMA_20_4h', 'OBV_EMA_20_4h', 'OBV_WMA_20_4h', 'OBV_SMA_50_4h', 'OBV_EMA_50_4h', 'OBV_WMA_50_4h', 'OBV_Trend_short_4h', 'OBV_Trend_medium_4h', 'OBV_Trend_long_4h', 'OBV_Bullish_Div_10_4h', 'OBV_Bearish_Div_10_4h', 'OBV_Bullish_Div_20_4h', 'OBV_Bearish_Div_20_4h', 'OBV_Bullish_Div_50_4h', 'OBV_Bearish_Div_50_4h', 'MFV_4h', 'ADL_4h', 'ADL_norm_4h', 'ADL_SMA5_4h', 'ADL_SMA15_4h', 'ADL_SMA30_4h', 'ADL_Trend_4h', 'Price_Trend_4h', 'ADL_Divergence_4h', 'MFM_4h', 'CMF_20_4h', 'PVT_change_4h', 'PVT_4h', 'PVT_norm_4h', 'PVT_SMA10_4h', 'PVT_SMA30_4h', 'PVT_signal_4h', 'PVT_cross_4h', 'PVT_cross_signal_4h', 'PVT_delta5_4h', 'CCI_5_4h', 'CCI_10_4h', 'CCI_15_4h', 'Volume_Oscillator_4h', 'VWAP_4h', 'VWMA_10_4h', 'VWMA_20_4h', 'Force_Index_1_4h', 'Force_Index_13_4h', 'Typical_Price_4h', 'Raw_Money_Flow_4h', 'Typical_Price_Prev_4h', 'Money_Flow_Positive_4h', 'Money_Flow_Negative_4h', 'MFI_14_4h', 'Vol_Weighted_Up_4h', 'Vol_Weighted_Down_4h', 'Vol_Weighted_Up_Avg_4h', 'Vol_Weighted_Down_Avg_4h', 'Vol_Weighted_RSI_4h', 'VWAP_10_4h', 'Open_1d', 'High_1d', 'Low_1d', 'Close_1d', 'Volume_1d', 'candle_range_1d', 'corps_candle_1d', 'meche_haute_1d', 'meche_basse_1d', 'candle_trend_1d', 'doji_1d', 'doji_strength_1d', 'perfect_doji_1d', 'upper_wick_1d', 'lower_wick_1d', 'ratio_corps_1d', 'doji_invalid_1d', 'bullish_engulfing_1d', 'bearish_engulfing_1d', 'engulfing_strength_1d', 'corps_candle_prev_1d', 'corps_sum_1d', 'Volume_SMA_5_1d', 'Volume_SMA_10_1d', 'Volume_SMA_20_1d', 'Volume_Ratio_SMA5_1d', 'Volume_Ratio_SMA10_1d', 'Volume_Ratio_SMA20_1d', 'Volume_Change_1_1d', 'Volume_Change_5_1d', 'PV_Ratio_1d', 'PV_Change_1d', 'OBV_1d', 'Volume_SMA_1d', 'OBV_normalized_1d', 'OBV_norm_minmax_1d', 'OBV_std_1d', 'OBV_norm_std_1d', 'OBV_SMA_10_1d', 'OBV_EMA_10_1d', 'OBV_WMA_10_1d', 'OBV_SMA_20_1d', 'OBV_EMA_20_1d', 'OBV_WMA_20_1d', 'OBV_SMA_50_1d', 'OBV_EMA_50_1d', 'OBV_WMA_50_1d', 'OBV_Trend_short_1d', 'OBV_Trend_medium_1d', 'OBV_Trend_long_1d', 'OBV_Bullish_Div_10_1d', 'OBV_Bearish_Div_10_1d', 'OBV_Bullish_Div_20_1d', 'OBV_Bearish_Div_20_1d', 'OBV_Bullish_Div_50_1d', 'OBV_Bearish_Div_50_1d', 'MFV_1d', 'ADL_1d', 'ADL_norm_1d', 'ADL_SMA5_1d', 'ADL_SMA15_1d', 'ADL_SMA30_1d', 'ADL_Trend_1d', 'Price_Trend_1d', 'ADL_Divergence_1d', 'MFM_1d', 'CMF_20_1d', 'PVT_change_1d', 'PVT_1d', 'PVT_norm_1d', 'PVT_SMA10_1d', 'PVT_SMA30_1d', 'PVT_signal_1d', 'PVT_cross_1d', 'PVT_cross_signal_1d', 'PVT_delta5_1d', 'CCI_5_1d', 'CCI_10_1d', 'CCI_15_1d', 'Volume_Oscillator_1d', 'VWAP_1d', 'VWMA_10_1d', 'VWMA_20_1d', 'Force_Index_1_1d', 'Force_Index_13_1d', 'Typical_Price_1d', 'Raw_Money_Flow_1d', 'Typical_Price_Prev_1d', 'Money_Flow_Positive_1d', 'Money_Flow_Negative_1d', 'MFI_14_1d', 'Vol_Weighted_Up_1d', 'Vol_Weighted_Down_1d', 'Vol_Weighted_Up_Avg_1d', 'Vol_Weighted_Down_Avg_1d', 'Vol_Weighted_RSI_1d', 'VWAP_10_1d', 'Volume_SMA', 'OBV_std', 'OBV_norm_std', 'OBV_SMA_10', 'OBV_EMA_10', 'OBV_WMA_10', 'OBV_SMA_20', 'OBV_EMA_20', 'OBV_WMA_20', 'OBV_SMA_50', 'OBV_EMA_50', 'OBV_WMA_50', 'OBV_Bullish_Div_10', 'OBV_Bearish_Div_10', 'OBV_Bullish_Div_20', 'OBV_Bearish_Div_20', 'OBV_Bullish_Div_50', 'OBV_Bearish_Div_50', 'SuperTrend_Long', 'SuperTrend_Short', 'ADX', 'Williams_R', 'day_of_year', 'sin_day', 'cos_day', 'sin_hour', 'cos_hour', 'period_of_day', 'hourly_return', 'hourly_volatility', 'volatility_by_period', 'volatility_6h', 'volatility_12h', 'volatility_24h', 'volatility_period_0', 'volatility_period_1', 'volatility_period_2', 'volatility_period_3', 'volatility_morning', 'volatility_afternoon', 'volatility_evening', 'volatility_night', 'log_return_5m', 'log_return_1h', 'momentum_1h', 'log_return_4h', 'momentum_4h', 'log_return_1d', 'momentum_1d', 'momentum_5m']
2025-06-06 14:21:35,527 - prediction_service - INFO - DEBUG - Statistiques descriptives des colonnes:
2025-06-06 14:21:35,990 - prediction_service - INFO - 
               count          mean           std           min           25%           50%           75%           max
Open_1h         30.0   6480.280000  1.908266e+01   6459.600000   6459.600000   6486.600000   6486.600000   6509.000000
High_1h         30.0   6501.840000  1.191341e+01   6487.500000   6487.500000   6511.100000   6511.100000   6512.000000
Low_1h          30.0   6462.680000  2.036045e+01   6441.000000   6441.000000   6468.600000   6468.600000   6494.200000
Close_1h        30.0   6498.780000  1.055221e+01   6486.500000   6486.500000   6502.100000   6509.400000   6509.400000
Volume_1h       30.0  24238.400000  5.730645e+03  13086.000000  26124.000000  26124.000000  27929.000000  27929.000000
...              ...           ...           ...           ...           ...           ...           ...           ...
log_return_4h   30.0      0.012627  2.731500e-03      0.007255      0.013969      0.013969      0.013969      0.013969
momentum_4h     30.0     81.720000  1.745335e+01     47.400000     90.300000     90.300000     90.300000     90.300000
log_return_1d   30.0      0.045588  7.057516e-18      0.045588      0.045588      0.045588      0.045588      0.045588
momentum_1d     30.0    292.200000  5.781517e-14    292.200000    292.200000    292.200000    292.200000    292.200000
momentum_5m     30.0      1.313333  6.113452e+00     -9.800000     -1.825000      0.950000      3.675000     17.800000

[268 rows x 8 columns]
2025-06-06 14:21:35,991 - prediction_service - INFO - Séquences conservées pour la prédiction (shape=(16, 268)): [[ 6.48660000e+03  6.51110000e+03  6.46860000e+03 ...  4.55879395e-02
   2.92200000e+02 -9.80000000e+00]
 [ 6.48660000e+03  6.51110000e+03  6.46860000e+03 ...  4.55879395e-02
   2.92200000e+02 -3.10000000e+00]
 [ 6.48660000e+03  6.51110000e+03  6.46860000e+03 ...  4.55879395e-02
   2.92200000e+02  2.10000000e+00]
 ...
 [ 6.50900000e+03  6.51200000e+03  6.49420000e+03 ...  4.55879395e-02
   2.92200000e+02 -2.90000000e+00]
 [ 6.50900000e+03  6.51200000e+03  6.49420000e+03 ...  4.55879395e-02
   2.92200000e+02  1.10000000e+00]
 [ 6.50900000e+03  6.51200000e+03  6.49420000e+03 ...  4.55879395e-02
   2.92200000e+02  0.00000000e+00]]
2025-06-06 14:21:36,119 - prediction_service - ERROR - Erreur lors de la vérification NaN/Inf: The truth value of a Series is ambiguous. Use a.empty, a.bool(), a.item(), a.any() or a.all().
2025-06-06 14:22:46,159 - websockets.server - INFO - server closing
2025-06-06 14:22:46,159 - websockets.server - INFO - server closed
2025-06-06 14:22:49,957 - absl - WARNING - Compiled the loaded model, but the compiled metrics have yet to be built. `model.compile_metrics` will be empty until you train or evaluate the model.
2025-06-06 14:22:50,203 - prediction_service - INFO - Modèle existant compatible avec 158 features
2025-06-06 14:22:50,203 - prediction_service - INFO - Démarrage du serveur WebSocket sur 0.0.0.0:8765
2025-06-06 14:22:50,210 - websockets.server - INFO - server listening on 0.0.0.0:8765
2025-06-06 14:22:52,502 - websockets.server - INFO - connection open
2025-06-06 14:22:52,503 - prediction_service - INFO - Nouvelle connexion WebSocket: ('127.0.0.1', 56926)
2025-06-06 14:22:52,572 - absl - WARNING - Compiled the loaded model, but the compiled metrics have yet to be built. `model.compile_metrics` will be empty until you train or evaluate the model.
2025-06-06 14:22:52,576 - prediction_service - INFO - Modèle chargé depuis ./model/best_model.h5
2025-06-06 14:22:53,574 - prediction_service - INFO - Message reçu: 5min - 50 barres
2025-06-06 14:22:53,581 - prediction_service - INFO - Données historiques mises à jour pour 5min: 50 barres du 2025-06-02 07:20:00 au 2025-06-02 11:25:00
2025-06-06 14:22:53,581 - prediction_service - WARNING - Données insuffisantes pour les timeframes suivants (au moins 14 lignes requises) : 1h, 4h, 1d
2025-06-06 14:22:53,582 - prediction_service - INFO - Message reçu: 1h - 50 barres
2025-06-06 14:22:53,585 - prediction_service - INFO - Données historiques mises à jour pour 1h: 50 barres du 2025-05-29 09:00:00 au 2025-06-02 13:00:00
2025-06-06 14:22:53,586 - prediction_service - WARNING - Données insuffisantes pour les timeframes suivants (au moins 14 lignes requises) : 4h, 1d
2025-06-06 14:22:53,586 - prediction_service - INFO - Message reçu: 4h - 50 barres
2025-06-06 14:22:53,589 - prediction_service - INFO - Données historiques mises à jour pour 4h: 50 barres du 2025-05-21 15:00:00 au 2025-06-02 11:00:00
2025-06-06 14:22:53,589 - prediction_service - WARNING - Données insuffisantes pour les timeframes suivants (au moins 14 lignes requises) : 1d
2025-06-06 14:22:53,590 - prediction_service - INFO - Message reçu: 1d - 50 barres
2025-06-06 14:22:53,593 - prediction_service - INFO - Données historiques mises à jour pour 1d: 50 barres du 2025-03-23 23:00:00 au 2025-06-01 22:00:00
2025-06-06 14:22:53,601 - prediction_service - INFO - DEBUG - Entrées dans prepare_data_for_prediction:
2025-06-06 14:22:53,601 - prediction_service - INFO -   5min: 49 lignes
2025-06-06 14:22:53,602 - prediction_service - INFO -   1h: 50 lignes
2025-06-06 14:22:53,602 - prediction_service - INFO -   4h: 50 lignes
2025-06-06 14:22:53,602 - prediction_service - INFO -   1d: 50 lignes
2025-06-06 14:22:54,658 - prediction_service - INFO - DEBUG - Après create_parquet: 30 lignes
2025-06-06 14:22:54,658 - prediction_service - INFO - DEBUG - Features disponibles: []
2025-06-06 14:22:54,659 - prediction_service - INFO - DEBUG - Colonnes non-numériques détectées: ['doji_type_4h', 'pattern_type_4h', 'doji_type_1d', 'pattern_type_1d']
2025-06-06 14:22:54,660 - prediction_service - INFO - DEBUG - Colonnes finales: ['Open_1h', 'High_1h', 'Low_1h', 'Close_1h', 'Volume_1h', 'Volume_SMA', 'OBV_std', 'OBV_norm_std', 'OBV_SMA_10', 'OBV_EMA_10', 'OBV_WMA_10', 'OBV_SMA_20', 'OBV_EMA_20', 'OBV_WMA_20', 'OBV_SMA_50', 'OBV_EMA_50', 'OBV_WMA_50', 'OBV_Bullish_Div_10', 'OBV_Bearish_Div_10', 'OBV_Bullish_Div_20', 'OBV_Bearish_Div_20', 'OBV_Bullish_Div_50', 'OBV_Bearish_Div_50', 'VWAP_10', 'Open_4h', 'High_4h', 'Low_4h', 'Close_4h', 'Volume_4h', 'candle_range_4h', 'corps_candle_4h', 'meche_haute_4h', 'meche_basse_4h', 'candle_trend_4h', 'doji_4h', 'doji_strength_4h', 'perfect_doji_4h', 'upper_wick_4h', 'lower_wick_4h', 'ratio_corps_4h', 'doji_invalid_4h', 'bullish_engulfing_4h', 'bearish_engulfing_4h', 'engulfing_strength_4h', 'corps_candle_prev_4h', 'corps_sum_4h', 'Volume_SMA_5_4h', 'Volume_SMA_10_4h', 'Volume_SMA_20_4h', 'Volume_Ratio_SMA5_4h', 'Volume_Ratio_SMA10_4h', 'Volume_Ratio_SMA20_4h', 'Volume_Change_1_4h', 'Volume_Change_5_4h', 'PV_Ratio_4h', 'PV_Change_4h', 'OBV_4h', 'Volume_SMA_4h', 'OBV_normalized_4h', 'OBV_norm_minmax_4h', 'OBV_std_4h', 'OBV_norm_std_4h', 'OBV_SMA_10_4h', 'OBV_EMA_10_4h', 'OBV_WMA_10_4h', 'OBV_SMA_20_4h', 'OBV_EMA_20_4h', 'OBV_WMA_20_4h', 'OBV_SMA_50_4h', 'OBV_EMA_50_4h', 'OBV_WMA_50_4h', 'OBV_Trend_short_4h', 'OBV_Trend_medium_4h', 'OBV_Trend_long_4h', 'OBV_Bullish_Div_10_4h', 'OBV_Bearish_Div_10_4h', 'OBV_Bullish_Div_20_4h', 'OBV_Bearish_Div_20_4h', 'OBV_Bullish_Div_50_4h', 'OBV_Bearish_Div_50_4h', 'MFV_4h', 'ADL_4h', 'ADL_norm_4h', 'ADL_SMA5_4h', 'ADL_SMA15_4h', 'ADL_SMA30_4h', 'ADL_Trend_4h', 'Price_Trend_4h', 'ADL_Divergence_4h', 'MFM_4h', 'CMF_20_4h', 'PVT_change_4h', 'PVT_4h', 'PVT_norm_4h', 'PVT_SMA10_4h', 'PVT_SMA30_4h', 'PVT_signal_4h', 'PVT_cross_4h', 'PVT_cross_signal_4h', 'PVT_delta5_4h', 'CCI_5_4h', 'CCI_10_4h', 'CCI_15_4h', 'Volume_Oscillator_4h', 'VWAP_4h', 'VWMA_10_4h', 'VWMA_20_4h', 'Force_Index_1_4h', 'Force_Index_13_4h', 'Typical_Price_4h', 'Raw_Money_Flow_4h', 'Typical_Price_Prev_4h', 'Money_Flow_Positive_4h', 'Money_Flow_Negative_4h', 'MFI_14_4h', 'Vol_Weighted_Up_4h', 'Vol_Weighted_Down_4h', 'Vol_Weighted_Up_Avg_4h', 'Vol_Weighted_Down_Avg_4h', 'Vol_Weighted_RSI_4h', 'VWAP_10_4h', 'Open_1d', 'High_1d', 'Low_1d', 'Close_1d', 'Volume_1d', 'candle_range_1d', 'corps_candle_1d', 'meche_haute_1d', 'meche_basse_1d', 'candle_trend_1d', 'doji_1d', 'doji_strength_1d', 'perfect_doji_1d', 'upper_wick_1d', 'lower_wick_1d', 'ratio_corps_1d', 'doji_invalid_1d', 'bullish_engulfing_1d', 'bearish_engulfing_1d', 'engulfing_strength_1d', 'corps_candle_prev_1d', 'corps_sum_1d', 'Volume_SMA_5_1d', 'Volume_SMA_10_1d', 'Volume_SMA_20_1d', 'Volume_Ratio_SMA5_1d', 'Volume_Ratio_SMA10_1d', 'Volume_Ratio_SMA20_1d', 'Volume_Change_1_1d', 'Volume_Change_5_1d', 'PV_Ratio_1d', 'PV_Change_1d', 'OBV_1d', 'Volume_SMA_1d', 'OBV_normalized_1d', 'OBV_norm_minmax_1d', 'OBV_std_1d', 'OBV_norm_std_1d', 'OBV_SMA_10_1d', 'OBV_EMA_10_1d', 'OBV_WMA_10_1d', 'OBV_SMA_20_1d', 'OBV_EMA_20_1d', 'OBV_WMA_20_1d', 'OBV_SMA_50_1d', 'OBV_EMA_50_1d', 'OBV_WMA_50_1d', 'OBV_Trend_short_1d', 'OBV_Trend_medium_1d', 'OBV_Trend_long_1d', 'OBV_Bullish_Div_10_1d', 'OBV_Bearish_Div_10_1d', 'OBV_Bullish_Div_20_1d', 'OBV_Bearish_Div_20_1d', 'OBV_Bullish_Div_50_1d', 'OBV_Bearish_Div_50_1d', 'MFV_1d', 'ADL_1d', 'ADL_norm_1d', 'ADL_SMA5_1d', 'ADL_SMA15_1d', 'ADL_SMA30_1d', 'ADL_Trend_1d', 'Price_Trend_1d', 'ADL_Divergence_1d', 'MFM_1d', 'CMF_20_1d', 'PVT_change_1d', 'PVT_1d', 'PVT_norm_1d', 'PVT_SMA10_1d', 'PVT_SMA30_1d', 'PVT_signal_1d', 'PVT_cross_1d', 'PVT_cross_signal_1d', 'PVT_delta5_1d', 'CCI_5_1d', 'CCI_10_1d', 'CCI_15_1d', 'Volume_Oscillator_1d', 'VWAP_1d', 'VWMA_10_1d', 'VWMA_20_1d', 'Force_Index_1_1d', 'Force_Index_13_1d', 'Typical_Price_1d', 'Raw_Money_Flow_1d', 'Typical_Price_Prev_1d', 'Money_Flow_Positive_1d', 'Money_Flow_Negative_1d', 'MFI_14_1d', 'Vol_Weighted_Up_1d', 'Vol_Weighted_Down_1d', 'Vol_Weighted_Up_Avg_1d', 'Vol_Weighted_Down_Avg_1d', 'Vol_Weighted_RSI_1d', 'VWAP_10_1d', 'Volume_SMA', 'OBV_std', 'OBV_norm_std', 'OBV_SMA_10', 'OBV_EMA_10', 'OBV_WMA_10', 'OBV_SMA_20', 'OBV_EMA_20', 'OBV_WMA_20', 'OBV_SMA_50', 'OBV_EMA_50', 'OBV_WMA_50', 'OBV_Bullish_Div_10', 'OBV_Bearish_Div_10', 'OBV_Bullish_Div_20', 'OBV_Bearish_Div_20', 'OBV_Bullish_Div_50', 'OBV_Bearish_Div_50', 'SuperTrend_Long', 'SuperTrend_Short', 'ADX', 'Williams_R', 'day_of_year', 'sin_day', 'cos_day', 'sin_hour', 'cos_hour', 'period_of_day', 'hourly_return', 'hourly_volatility', 'volatility_by_period', 'volatility_6h', 'volatility_12h', 'volatility_24h', 'volatility_period_0', 'volatility_period_1', 'volatility_period_2', 'volatility_period_3', 'volatility_morning', 'volatility_afternoon', 'volatility_evening', 'volatility_night', 'log_return_5m', 'log_return_1h', 'momentum_1h', 'log_return_4h', 'momentum_4h', 'log_return_1d', 'momentum_1d', 'momentum_5m']
2025-06-06 14:22:54,661 - prediction_service - INFO - DEBUG - Types de données: [dtype('float64') dtype('int64') dtype('int32')]
2025-06-06 14:22:54,661 - prediction_service - INFO - DEBUG - Colonnes finales: ['Open_1h', 'High_1h', 'Low_1h', 'Close_1h', 'Volume_1h', 'Volume_SMA', 'OBV_std', 'OBV_norm_std', 'OBV_SMA_10', 'OBV_EMA_10', 'OBV_WMA_10', 'OBV_SMA_20', 'OBV_EMA_20', 'OBV_WMA_20', 'OBV_SMA_50', 'OBV_EMA_50', 'OBV_WMA_50', 'OBV_Bullish_Div_10', 'OBV_Bearish_Div_10', 'OBV_Bullish_Div_20', 'OBV_Bearish_Div_20', 'OBV_Bullish_Div_50', 'OBV_Bearish_Div_50', 'VWAP_10', 'Open_4h', 'High_4h', 'Low_4h', 'Close_4h', 'Volume_4h', 'candle_range_4h', 'corps_candle_4h', 'meche_haute_4h', 'meche_basse_4h', 'candle_trend_4h', 'doji_4h', 'doji_strength_4h', 'perfect_doji_4h', 'upper_wick_4h', 'lower_wick_4h', 'ratio_corps_4h', 'doji_invalid_4h', 'bullish_engulfing_4h', 'bearish_engulfing_4h', 'engulfing_strength_4h', 'corps_candle_prev_4h', 'corps_sum_4h', 'Volume_SMA_5_4h', 'Volume_SMA_10_4h', 'Volume_SMA_20_4h', 'Volume_Ratio_SMA5_4h', 'Volume_Ratio_SMA10_4h', 'Volume_Ratio_SMA20_4h', 'Volume_Change_1_4h', 'Volume_Change_5_4h', 'PV_Ratio_4h', 'PV_Change_4h', 'OBV_4h', 'Volume_SMA_4h', 'OBV_normalized_4h', 'OBV_norm_minmax_4h', 'OBV_std_4h', 'OBV_norm_std_4h', 'OBV_SMA_10_4h', 'OBV_EMA_10_4h', 'OBV_WMA_10_4h', 'OBV_SMA_20_4h', 'OBV_EMA_20_4h', 'OBV_WMA_20_4h', 'OBV_SMA_50_4h', 'OBV_EMA_50_4h', 'OBV_WMA_50_4h', 'OBV_Trend_short_4h', 'OBV_Trend_medium_4h', 'OBV_Trend_long_4h', 'OBV_Bullish_Div_10_4h', 'OBV_Bearish_Div_10_4h', 'OBV_Bullish_Div_20_4h', 'OBV_Bearish_Div_20_4h', 'OBV_Bullish_Div_50_4h', 'OBV_Bearish_Div_50_4h', 'MFV_4h', 'ADL_4h', 'ADL_norm_4h', 'ADL_SMA5_4h', 'ADL_SMA15_4h', 'ADL_SMA30_4h', 'ADL_Trend_4h', 'Price_Trend_4h', 'ADL_Divergence_4h', 'MFM_4h', 'CMF_20_4h', 'PVT_change_4h', 'PVT_4h', 'PVT_norm_4h', 'PVT_SMA10_4h', 'PVT_SMA30_4h', 'PVT_signal_4h', 'PVT_cross_4h', 'PVT_cross_signal_4h', 'PVT_delta5_4h', 'CCI_5_4h', 'CCI_10_4h', 'CCI_15_4h', 'Volume_Oscillator_4h', 'VWAP_4h', 'VWMA_10_4h', 'VWMA_20_4h', 'Force_Index_1_4h', 'Force_Index_13_4h', 'Typical_Price_4h', 'Raw_Money_Flow_4h', 'Typical_Price_Prev_4h', 'Money_Flow_Positive_4h', 'Money_Flow_Negative_4h', 'MFI_14_4h', 'Vol_Weighted_Up_4h', 'Vol_Weighted_Down_4h', 'Vol_Weighted_Up_Avg_4h', 'Vol_Weighted_Down_Avg_4h', 'Vol_Weighted_RSI_4h', 'VWAP_10_4h', 'Open_1d', 'High_1d', 'Low_1d', 'Close_1d', 'Volume_1d', 'candle_range_1d', 'corps_candle_1d', 'meche_haute_1d', 'meche_basse_1d', 'candle_trend_1d', 'doji_1d', 'doji_strength_1d', 'perfect_doji_1d', 'upper_wick_1d', 'lower_wick_1d', 'ratio_corps_1d', 'doji_invalid_1d', 'bullish_engulfing_1d', 'bearish_engulfing_1d', 'engulfing_strength_1d', 'corps_candle_prev_1d', 'corps_sum_1d', 'Volume_SMA_5_1d', 'Volume_SMA_10_1d', 'Volume_SMA_20_1d', 'Volume_Ratio_SMA5_1d', 'Volume_Ratio_SMA10_1d', 'Volume_Ratio_SMA20_1d', 'Volume_Change_1_1d', 'Volume_Change_5_1d', 'PV_Ratio_1d', 'PV_Change_1d', 'OBV_1d', 'Volume_SMA_1d', 'OBV_normalized_1d', 'OBV_norm_minmax_1d', 'OBV_std_1d', 'OBV_norm_std_1d', 'OBV_SMA_10_1d', 'OBV_EMA_10_1d', 'OBV_WMA_10_1d', 'OBV_SMA_20_1d', 'OBV_EMA_20_1d', 'OBV_WMA_20_1d', 'OBV_SMA_50_1d', 'OBV_EMA_50_1d', 'OBV_WMA_50_1d', 'OBV_Trend_short_1d', 'OBV_Trend_medium_1d', 'OBV_Trend_long_1d', 'OBV_Bullish_Div_10_1d', 'OBV_Bearish_Div_10_1d', 'OBV_Bullish_Div_20_1d', 'OBV_Bearish_Div_20_1d', 'OBV_Bullish_Div_50_1d', 'OBV_Bearish_Div_50_1d', 'MFV_1d', 'ADL_1d', 'ADL_norm_1d', 'ADL_SMA5_1d', 'ADL_SMA15_1d', 'ADL_SMA30_1d', 'ADL_Trend_1d', 'Price_Trend_1d', 'ADL_Divergence_1d', 'MFM_1d', 'CMF_20_1d', 'PVT_change_1d', 'PVT_1d', 'PVT_norm_1d', 'PVT_SMA10_1d', 'PVT_SMA30_1d', 'PVT_signal_1d', 'PVT_cross_1d', 'PVT_cross_signal_1d', 'PVT_delta5_1d', 'CCI_5_1d', 'CCI_10_1d', 'CCI_15_1d', 'Volume_Oscillator_1d', 'VWAP_1d', 'VWMA_10_1d', 'VWMA_20_1d', 'Force_Index_1_1d', 'Force_Index_13_1d', 'Typical_Price_1d', 'Raw_Money_Flow_1d', 'Typical_Price_Prev_1d', 'Money_Flow_Positive_1d', 'Money_Flow_Negative_1d', 'MFI_14_1d', 'Vol_Weighted_Up_1d', 'Vol_Weighted_Down_1d', 'Vol_Weighted_Up_Avg_1d', 'Vol_Weighted_Down_Avg_1d', 'Vol_Weighted_RSI_1d', 'VWAP_10_1d', 'Volume_SMA', 'OBV_std', 'OBV_norm_std', 'OBV_SMA_10', 'OBV_EMA_10', 'OBV_WMA_10', 'OBV_SMA_20', 'OBV_EMA_20', 'OBV_WMA_20', 'OBV_SMA_50', 'OBV_EMA_50', 'OBV_WMA_50', 'OBV_Bullish_Div_10', 'OBV_Bearish_Div_10', 'OBV_Bullish_Div_20', 'OBV_Bearish_Div_20', 'OBV_Bullish_Div_50', 'OBV_Bearish_Div_50', 'SuperTrend_Long', 'SuperTrend_Short', 'ADX', 'Williams_R', 'day_of_year', 'sin_day', 'cos_day', 'sin_hour', 'cos_hour', 'period_of_day', 'hourly_return', 'hourly_volatility', 'volatility_by_period', 'volatility_6h', 'volatility_12h', 'volatility_24h', 'volatility_period_0', 'volatility_period_1', 'volatility_period_2', 'volatility_period_3', 'volatility_morning', 'volatility_afternoon', 'volatility_evening', 'volatility_night', 'log_return_5m', 'log_return_1h', 'momentum_1h', 'log_return_4h', 'momentum_4h', 'log_return_1d', 'momentum_1d', 'momentum_5m']
2025-06-06 14:22:54,661 - prediction_service - INFO - DEBUG - Statistiques descriptives des colonnes:
2025-06-06 14:22:54,891 - prediction_service - INFO - 
               count          mean           std           min           25%           50%           75%           max
Open_1h         30.0   6480.280000  1.908266e+01   6459.600000   6459.600000   6486.600000   6486.600000   6509.000000
High_1h         30.0   6501.840000  1.191341e+01   6487.500000   6487.500000   6511.100000   6511.100000   6512.000000
Low_1h          30.0   6462.680000  2.036045e+01   6441.000000   6441.000000   6468.600000   6468.600000   6494.200000
Close_1h        30.0   6498.780000  1.055221e+01   6486.500000   6486.500000   6502.100000   6509.400000   6509.400000
Volume_1h       30.0  24238.400000  5.730645e+03  13086.000000  26124.000000  26124.000000  27929.000000  27929.000000
...              ...           ...           ...           ...           ...           ...           ...           ...
log_return_4h   30.0      0.012627  2.731500e-03      0.007255      0.013969      0.013969      0.013969      0.013969
momentum_4h     30.0     81.720000  1.745335e+01     47.400000     90.300000     90.300000     90.300000     90.300000
log_return_1d   30.0      0.045588  7.057516e-18      0.045588      0.045588      0.045588      0.045588      0.045588
momentum_1d     30.0    292.200000  5.781517e-14    292.200000    292.200000    292.200000    292.200000    292.200000
momentum_5m     30.0      1.313333  6.113452e+00     -9.800000     -1.825000      0.950000      3.675000     17.800000

[268 rows x 8 columns]
2025-06-06 14:22:54,891 - prediction_service - INFO - Séquences conservées pour la prédiction (shape=(16, 268)): [[ 6.48660000e+03  6.51110000e+03  6.46860000e+03 ...  4.55879395e-02
   2.92200000e+02 -9.80000000e+00]
 [ 6.48660000e+03  6.51110000e+03  6.46860000e+03 ...  4.55879395e-02
   2.92200000e+02 -3.10000000e+00]
 [ 6.48660000e+03  6.51110000e+03  6.46860000e+03 ...  4.55879395e-02
   2.92200000e+02  2.10000000e+00]
 ...
 [ 6.50900000e+03  6.51200000e+03  6.49420000e+03 ...  4.55879395e-02
   2.92200000e+02 -2.90000000e+00]
 [ 6.50900000e+03  6.51200000e+03  6.49420000e+03 ...  4.55879395e-02
   2.92200000e+02  1.10000000e+00]
 [ 6.50900000e+03  6.51200000e+03  6.49420000e+03 ...  4.55879395e-02
   2.92200000e+02  0.00000000e+00]]
2025-06-06 14:22:54,978 - prediction_service - ERROR - Erreur lors de la vérification NaN/Inf: The truth value of a Series is ambiguous. Use a.empty, a.bool(), a.item(), a.any() or a.all().
2025-06-06 14:24:33,666 - websockets.server - INFO - server closing
2025-06-06 14:24:33,666 - websockets.server - INFO - server closed
2025-06-06 14:24:41,906 - absl - WARNING - Compiled the loaded model, but the compiled metrics have yet to be built. `model.compile_metrics` will be empty until you train or evaluate the model.
2025-06-06 14:24:42,134 - prediction_service - INFO - Modèle existant compatible avec 158 features
2025-06-06 14:24:42,135 - prediction_service - INFO - Démarrage du serveur WebSocket sur 0.0.0.0:8765
2025-06-06 14:24:42,140 - websockets.server - INFO - server listening on 0.0.0.0:8765
2025-06-06 14:24:44,723 - websockets.server - INFO - connection open
2025-06-06 14:24:44,723 - prediction_service - INFO - Nouvelle connexion WebSocket: ('127.0.0.1', 57564)
2025-06-06 14:24:44,776 - absl - WARNING - Compiled the loaded model, but the compiled metrics have yet to be built. `model.compile_metrics` will be empty until you train or evaluate the model.
2025-06-06 14:24:44,777 - prediction_service - INFO - Modèle chargé depuis ./model/best_model.h5
2025-06-06 14:24:45,768 - prediction_service - INFO - Message reçu: 5min - 50 barres
2025-06-06 14:24:45,773 - prediction_service - INFO - Données historiques mises à jour pour 5min: 50 barres du 2025-06-02 07:20:00 au 2025-06-02 11:25:00
2025-06-06 14:24:45,773 - prediction_service - WARNING - Données insuffisantes pour les timeframes suivants (au moins 14 lignes requises) : 1h, 4h, 1d
2025-06-06 14:24:45,773 - prediction_service - INFO - Message reçu: 1h - 50 barres
2025-06-06 14:24:45,774 - prediction_service - INFO - Données historiques mises à jour pour 1h: 50 barres du 2025-05-29 09:00:00 au 2025-06-02 13:00:00
2025-06-06 14:24:45,775 - prediction_service - WARNING - Données insuffisantes pour les timeframes suivants (au moins 14 lignes requises) : 4h, 1d
2025-06-06 14:24:45,775 - prediction_service - INFO - Message reçu: 4h - 50 barres
2025-06-06 14:24:45,777 - prediction_service - INFO - Données historiques mises à jour pour 4h: 50 barres du 2025-05-21 15:00:00 au 2025-06-02 11:00:00
2025-06-06 14:24:45,777 - prediction_service - WARNING - Données insuffisantes pour les timeframes suivants (au moins 14 lignes requises) : 1d
2025-06-06 14:24:45,777 - prediction_service - INFO - Message reçu: 1d - 50 barres
2025-06-06 14:24:45,779 - prediction_service - INFO - Données historiques mises à jour pour 1d: 50 barres du 2025-03-23 23:00:00 au 2025-06-01 22:00:00
2025-06-06 14:24:45,783 - prediction_service - INFO - DEBUG - Entrées dans prepare_data_for_prediction:
2025-06-06 14:24:45,783 - prediction_service - INFO -   5min: 49 lignes
2025-06-06 14:24:45,783 - prediction_service - INFO -   1h: 50 lignes
2025-06-06 14:24:45,783 - prediction_service - INFO -   4h: 50 lignes
2025-06-06 14:24:45,783 - prediction_service - INFO -   1d: 50 lignes
2025-06-06 14:24:46,164 - prediction_service - INFO - DEBUG - Après create_parquet: 30 lignes
2025-06-06 14:24:46,164 - prediction_service - INFO - DEBUG - Features disponibles: []
2025-06-06 14:24:46,164 - prediction_service - INFO - DEBUG - Colonnes non-numériques détectées: ['doji_type_4h', 'pattern_type_4h', 'doji_type_1d', 'pattern_type_1d']
2025-06-06 14:24:46,165 - prediction_service - INFO - DEBUG - Colonnes finales: ['Open_1h', 'High_1h', 'Low_1h', 'Close_1h', 'Volume_1h', 'Volume_SMA', 'OBV_std', 'OBV_norm_std', 'OBV_SMA_10', 'OBV_EMA_10', 'OBV_WMA_10', 'OBV_SMA_20', 'OBV_EMA_20', 'OBV_WMA_20', 'OBV_SMA_50', 'OBV_EMA_50', 'OBV_WMA_50', 'OBV_Bullish_Div_10', 'OBV_Bearish_Div_10', 'OBV_Bullish_Div_20', 'OBV_Bearish_Div_20', 'OBV_Bullish_Div_50', 'OBV_Bearish_Div_50', 'VWAP_10', 'Open_4h', 'High_4h', 'Low_4h', 'Close_4h', 'Volume_4h', 'candle_range_4h', 'corps_candle_4h', 'meche_haute_4h', 'meche_basse_4h', 'candle_trend_4h', 'doji_4h', 'doji_strength_4h', 'perfect_doji_4h', 'upper_wick_4h', 'lower_wick_4h', 'ratio_corps_4h', 'doji_invalid_4h', 'bullish_engulfing_4h', 'bearish_engulfing_4h', 'engulfing_strength_4h', 'corps_candle_prev_4h', 'corps_sum_4h', 'Volume_SMA_5_4h', 'Volume_SMA_10_4h', 'Volume_SMA_20_4h', 'Volume_Ratio_SMA5_4h', 'Volume_Ratio_SMA10_4h', 'Volume_Ratio_SMA20_4h', 'Volume_Change_1_4h', 'Volume_Change_5_4h', 'PV_Ratio_4h', 'PV_Change_4h', 'OBV_4h', 'Volume_SMA_4h', 'OBV_normalized_4h', 'OBV_norm_minmax_4h', 'OBV_std_4h', 'OBV_norm_std_4h', 'OBV_SMA_10_4h', 'OBV_EMA_10_4h', 'OBV_WMA_10_4h', 'OBV_SMA_20_4h', 'OBV_EMA_20_4h', 'OBV_WMA_20_4h', 'OBV_SMA_50_4h', 'OBV_EMA_50_4h', 'OBV_WMA_50_4h', 'OBV_Trend_short_4h', 'OBV_Trend_medium_4h', 'OBV_Trend_long_4h', 'OBV_Bullish_Div_10_4h', 'OBV_Bearish_Div_10_4h', 'OBV_Bullish_Div_20_4h', 'OBV_Bearish_Div_20_4h', 'OBV_Bullish_Div_50_4h', 'OBV_Bearish_Div_50_4h', 'MFV_4h', 'ADL_4h', 'ADL_norm_4h', 'ADL_SMA5_4h', 'ADL_SMA15_4h', 'ADL_SMA30_4h', 'ADL_Trend_4h', 'Price_Trend_4h', 'ADL_Divergence_4h', 'MFM_4h', 'CMF_20_4h', 'PVT_change_4h', 'PVT_4h', 'PVT_norm_4h', 'PVT_SMA10_4h', 'PVT_SMA30_4h', 'PVT_signal_4h', 'PVT_cross_4h', 'PVT_cross_signal_4h', 'PVT_delta5_4h', 'CCI_5_4h', 'CCI_10_4h', 'CCI_15_4h', 'Volume_Oscillator_4h', 'VWAP_4h', 'VWMA_10_4h', 'VWMA_20_4h', 'Force_Index_1_4h', 'Force_Index_13_4h', 'Typical_Price_4h', 'Raw_Money_Flow_4h', 'Typical_Price_Prev_4h', 'Money_Flow_Positive_4h', 'Money_Flow_Negative_4h', 'MFI_14_4h', 'Vol_Weighted_Up_4h', 'Vol_Weighted_Down_4h', 'Vol_Weighted_Up_Avg_4h', 'Vol_Weighted_Down_Avg_4h', 'Vol_Weighted_RSI_4h', 'VWAP_10_4h', 'Open_1d', 'High_1d', 'Low_1d', 'Close_1d', 'Volume_1d', 'candle_range_1d', 'corps_candle_1d', 'meche_haute_1d', 'meche_basse_1d', 'candle_trend_1d', 'doji_1d', 'doji_strength_1d', 'perfect_doji_1d', 'upper_wick_1d', 'lower_wick_1d', 'ratio_corps_1d', 'doji_invalid_1d', 'bullish_engulfing_1d', 'bearish_engulfing_1d', 'engulfing_strength_1d', 'corps_candle_prev_1d', 'corps_sum_1d', 'Volume_SMA_5_1d', 'Volume_SMA_10_1d', 'Volume_SMA_20_1d', 'Volume_Ratio_SMA5_1d', 'Volume_Ratio_SMA10_1d', 'Volume_Ratio_SMA20_1d', 'Volume_Change_1_1d', 'Volume_Change_5_1d', 'PV_Ratio_1d', 'PV_Change_1d', 'OBV_1d', 'Volume_SMA_1d', 'OBV_normalized_1d', 'OBV_norm_minmax_1d', 'OBV_std_1d', 'OBV_norm_std_1d', 'OBV_SMA_10_1d', 'OBV_EMA_10_1d', 'OBV_WMA_10_1d', 'OBV_SMA_20_1d', 'OBV_EMA_20_1d', 'OBV_WMA_20_1d', 'OBV_SMA_50_1d', 'OBV_EMA_50_1d', 'OBV_WMA_50_1d', 'OBV_Trend_short_1d', 'OBV_Trend_medium_1d', 'OBV_Trend_long_1d', 'OBV_Bullish_Div_10_1d', 'OBV_Bearish_Div_10_1d', 'OBV_Bullish_Div_20_1d', 'OBV_Bearish_Div_20_1d', 'OBV_Bullish_Div_50_1d', 'OBV_Bearish_Div_50_1d', 'MFV_1d', 'ADL_1d', 'ADL_norm_1d', 'ADL_SMA5_1d', 'ADL_SMA15_1d', 'ADL_SMA30_1d', 'ADL_Trend_1d', 'Price_Trend_1d', 'ADL_Divergence_1d', 'MFM_1d', 'CMF_20_1d', 'PVT_change_1d', 'PVT_1d', 'PVT_norm_1d', 'PVT_SMA10_1d', 'PVT_SMA30_1d', 'PVT_signal_1d', 'PVT_cross_1d', 'PVT_cross_signal_1d', 'PVT_delta5_1d', 'CCI_5_1d', 'CCI_10_1d', 'CCI_15_1d', 'Volume_Oscillator_1d', 'VWAP_1d', 'VWMA_10_1d', 'VWMA_20_1d', 'Force_Index_1_1d', 'Force_Index_13_1d', 'Typical_Price_1d', 'Raw_Money_Flow_1d', 'Typical_Price_Prev_1d', 'Money_Flow_Positive_1d', 'Money_Flow_Negative_1d', 'MFI_14_1d', 'Vol_Weighted_Up_1d', 'Vol_Weighted_Down_1d', 'Vol_Weighted_Up_Avg_1d', 'Vol_Weighted_Down_Avg_1d', 'Vol_Weighted_RSI_1d', 'VWAP_10_1d', 'Volume_SMA', 'OBV_std', 'OBV_norm_std', 'OBV_SMA_10', 'OBV_EMA_10', 'OBV_WMA_10', 'OBV_SMA_20', 'OBV_EMA_20', 'OBV_WMA_20', 'OBV_SMA_50', 'OBV_EMA_50', 'OBV_WMA_50', 'OBV_Bullish_Div_10', 'OBV_Bearish_Div_10', 'OBV_Bullish_Div_20', 'OBV_Bearish_Div_20', 'OBV_Bullish_Div_50', 'OBV_Bearish_Div_50', 'SuperTrend_Long', 'SuperTrend_Short', 'ADX', 'Williams_R', 'day_of_year', 'sin_day', 'cos_day', 'sin_hour', 'cos_hour', 'period_of_day', 'hourly_return', 'hourly_volatility', 'volatility_by_period', 'volatility_6h', 'volatility_12h', 'volatility_24h', 'volatility_period_0', 'volatility_period_1', 'volatility_period_2', 'volatility_period_3', 'volatility_morning', 'volatility_afternoon', 'volatility_evening', 'volatility_night', 'log_return_5m', 'log_return_1h', 'momentum_1h', 'log_return_4h', 'momentum_4h', 'log_return_1d', 'momentum_1d', 'momentum_5m']
2025-06-06 14:24:46,165 - prediction_service - INFO - DEBUG - Types de données: [dtype('float64') dtype('int64') dtype('int32')]
2025-06-06 14:24:46,165 - prediction_service - INFO - DEBUG - Colonnes finales: ['Open_1h', 'High_1h', 'Low_1h', 'Close_1h', 'Volume_1h', 'Volume_SMA', 'OBV_std', 'OBV_norm_std', 'OBV_SMA_10', 'OBV_EMA_10', 'OBV_WMA_10', 'OBV_SMA_20', 'OBV_EMA_20', 'OBV_WMA_20', 'OBV_SMA_50', 'OBV_EMA_50', 'OBV_WMA_50', 'OBV_Bullish_Div_10', 'OBV_Bearish_Div_10', 'OBV_Bullish_Div_20', 'OBV_Bearish_Div_20', 'OBV_Bullish_Div_50', 'OBV_Bearish_Div_50', 'VWAP_10', 'Open_4h', 'High_4h', 'Low_4h', 'Close_4h', 'Volume_4h', 'candle_range_4h', 'corps_candle_4h', 'meche_haute_4h', 'meche_basse_4h', 'candle_trend_4h', 'doji_4h', 'doji_strength_4h', 'perfect_doji_4h', 'upper_wick_4h', 'lower_wick_4h', 'ratio_corps_4h', 'doji_invalid_4h', 'bullish_engulfing_4h', 'bearish_engulfing_4h', 'engulfing_strength_4h', 'corps_candle_prev_4h', 'corps_sum_4h', 'Volume_SMA_5_4h', 'Volume_SMA_10_4h', 'Volume_SMA_20_4h', 'Volume_Ratio_SMA5_4h', 'Volume_Ratio_SMA10_4h', 'Volume_Ratio_SMA20_4h', 'Volume_Change_1_4h', 'Volume_Change_5_4h', 'PV_Ratio_4h', 'PV_Change_4h', 'OBV_4h', 'Volume_SMA_4h', 'OBV_normalized_4h', 'OBV_norm_minmax_4h', 'OBV_std_4h', 'OBV_norm_std_4h', 'OBV_SMA_10_4h', 'OBV_EMA_10_4h', 'OBV_WMA_10_4h', 'OBV_SMA_20_4h', 'OBV_EMA_20_4h', 'OBV_WMA_20_4h', 'OBV_SMA_50_4h', 'OBV_EMA_50_4h', 'OBV_WMA_50_4h', 'OBV_Trend_short_4h', 'OBV_Trend_medium_4h', 'OBV_Trend_long_4h', 'OBV_Bullish_Div_10_4h', 'OBV_Bearish_Div_10_4h', 'OBV_Bullish_Div_20_4h', 'OBV_Bearish_Div_20_4h', 'OBV_Bullish_Div_50_4h', 'OBV_Bearish_Div_50_4h', 'MFV_4h', 'ADL_4h', 'ADL_norm_4h', 'ADL_SMA5_4h', 'ADL_SMA15_4h', 'ADL_SMA30_4h', 'ADL_Trend_4h', 'Price_Trend_4h', 'ADL_Divergence_4h', 'MFM_4h', 'CMF_20_4h', 'PVT_change_4h', 'PVT_4h', 'PVT_norm_4h', 'PVT_SMA10_4h', 'PVT_SMA30_4h', 'PVT_signal_4h', 'PVT_cross_4h', 'PVT_cross_signal_4h', 'PVT_delta5_4h', 'CCI_5_4h', 'CCI_10_4h', 'CCI_15_4h', 'Volume_Oscillator_4h', 'VWAP_4h', 'VWMA_10_4h', 'VWMA_20_4h', 'Force_Index_1_4h', 'Force_Index_13_4h', 'Typical_Price_4h', 'Raw_Money_Flow_4h', 'Typical_Price_Prev_4h', 'Money_Flow_Positive_4h', 'Money_Flow_Negative_4h', 'MFI_14_4h', 'Vol_Weighted_Up_4h', 'Vol_Weighted_Down_4h', 'Vol_Weighted_Up_Avg_4h', 'Vol_Weighted_Down_Avg_4h', 'Vol_Weighted_RSI_4h', 'VWAP_10_4h', 'Open_1d', 'High_1d', 'Low_1d', 'Close_1d', 'Volume_1d', 'candle_range_1d', 'corps_candle_1d', 'meche_haute_1d', 'meche_basse_1d', 'candle_trend_1d', 'doji_1d', 'doji_strength_1d', 'perfect_doji_1d', 'upper_wick_1d', 'lower_wick_1d', 'ratio_corps_1d', 'doji_invalid_1d', 'bullish_engulfing_1d', 'bearish_engulfing_1d', 'engulfing_strength_1d', 'corps_candle_prev_1d', 'corps_sum_1d', 'Volume_SMA_5_1d', 'Volume_SMA_10_1d', 'Volume_SMA_20_1d', 'Volume_Ratio_SMA5_1d', 'Volume_Ratio_SMA10_1d', 'Volume_Ratio_SMA20_1d', 'Volume_Change_1_1d', 'Volume_Change_5_1d', 'PV_Ratio_1d', 'PV_Change_1d', 'OBV_1d', 'Volume_SMA_1d', 'OBV_normalized_1d', 'OBV_norm_minmax_1d', 'OBV_std_1d', 'OBV_norm_std_1d', 'OBV_SMA_10_1d', 'OBV_EMA_10_1d', 'OBV_WMA_10_1d', 'OBV_SMA_20_1d', 'OBV_EMA_20_1d', 'OBV_WMA_20_1d', 'OBV_SMA_50_1d', 'OBV_EMA_50_1d', 'OBV_WMA_50_1d', 'OBV_Trend_short_1d', 'OBV_Trend_medium_1d', 'OBV_Trend_long_1d', 'OBV_Bullish_Div_10_1d', 'OBV_Bearish_Div_10_1d', 'OBV_Bullish_Div_20_1d', 'OBV_Bearish_Div_20_1d', 'OBV_Bullish_Div_50_1d', 'OBV_Bearish_Div_50_1d', 'MFV_1d', 'ADL_1d', 'ADL_norm_1d', 'ADL_SMA5_1d', 'ADL_SMA15_1d', 'ADL_SMA30_1d', 'ADL_Trend_1d', 'Price_Trend_1d', 'ADL_Divergence_1d', 'MFM_1d', 'CMF_20_1d', 'PVT_change_1d', 'PVT_1d', 'PVT_norm_1d', 'PVT_SMA10_1d', 'PVT_SMA30_1d', 'PVT_signal_1d', 'PVT_cross_1d', 'PVT_cross_signal_1d', 'PVT_delta5_1d', 'CCI_5_1d', 'CCI_10_1d', 'CCI_15_1d', 'Volume_Oscillator_1d', 'VWAP_1d', 'VWMA_10_1d', 'VWMA_20_1d', 'Force_Index_1_1d', 'Force_Index_13_1d', 'Typical_Price_1d', 'Raw_Money_Flow_1d', 'Typical_Price_Prev_1d', 'Money_Flow_Positive_1d', 'Money_Flow_Negative_1d', 'MFI_14_1d', 'Vol_Weighted_Up_1d', 'Vol_Weighted_Down_1d', 'Vol_Weighted_Up_Avg_1d', 'Vol_Weighted_Down_Avg_1d', 'Vol_Weighted_RSI_1d', 'VWAP_10_1d', 'Volume_SMA', 'OBV_std', 'OBV_norm_std', 'OBV_SMA_10', 'OBV_EMA_10', 'OBV_WMA_10', 'OBV_SMA_20', 'OBV_EMA_20', 'OBV_WMA_20', 'OBV_SMA_50', 'OBV_EMA_50', 'OBV_WMA_50', 'OBV_Bullish_Div_10', 'OBV_Bearish_Div_10', 'OBV_Bullish_Div_20', 'OBV_Bearish_Div_20', 'OBV_Bullish_Div_50', 'OBV_Bearish_Div_50', 'SuperTrend_Long', 'SuperTrend_Short', 'ADX', 'Williams_R', 'day_of_year', 'sin_day', 'cos_day', 'sin_hour', 'cos_hour', 'period_of_day', 'hourly_return', 'hourly_volatility', 'volatility_by_period', 'volatility_6h', 'volatility_12h', 'volatility_24h', 'volatility_period_0', 'volatility_period_1', 'volatility_period_2', 'volatility_period_3', 'volatility_morning', 'volatility_afternoon', 'volatility_evening', 'volatility_night', 'log_return_5m', 'log_return_1h', 'momentum_1h', 'log_return_4h', 'momentum_4h', 'log_return_1d', 'momentum_1d', 'momentum_5m']
2025-06-06 14:24:46,166 - prediction_service - INFO - DEBUG - Statistiques descriptives des colonnes:
2025-06-06 14:24:46,286 - prediction_service - INFO - 
               count          mean           std           min           25%           50%           75%           max
Open_1h         30.0   6480.280000  1.908266e+01   6459.600000   6459.600000   6486.600000   6486.600000   6509.000000
High_1h         30.0   6501.840000  1.191341e+01   6487.500000   6487.500000   6511.100000   6511.100000   6512.000000
Low_1h          30.0   6462.680000  2.036045e+01   6441.000000   6441.000000   6468.600000   6468.600000   6494.200000
Close_1h        30.0   6498.780000  1.055221e+01   6486.500000   6486.500000   6502.100000   6509.400000   6509.400000
Volume_1h       30.0  24238.400000  5.730645e+03  13086.000000  26124.000000  26124.000000  27929.000000  27929.000000
...              ...           ...           ...           ...           ...           ...           ...           ...
log_return_4h   30.0      0.012627  2.731500e-03      0.007255      0.013969      0.013969      0.013969      0.013969
momentum_4h     30.0     81.720000  1.745335e+01     47.400000     90.300000     90.300000     90.300000     90.300000
log_return_1d   30.0      0.045588  7.057516e-18      0.045588      0.045588      0.045588      0.045588      0.045588
momentum_1d     30.0    292.200000  5.781517e-14    292.200000    292.200000    292.200000    292.200000    292.200000
momentum_5m     30.0      1.313333  6.113452e+00     -9.800000     -1.825000      0.950000      3.675000     17.800000

[268 rows x 8 columns]
2025-06-06 14:24:46,287 - prediction_service - INFO - Séquences conservées pour la prédiction (shape=(16, 268)): [[ 6.48660000e+03  6.51110000e+03  6.46860000e+03 ...  4.55879395e-02
   2.92200000e+02 -9.80000000e+00]
 [ 6.48660000e+03  6.51110000e+03  6.46860000e+03 ...  4.55879395e-02
   2.92200000e+02 -3.10000000e+00]
 [ 6.48660000e+03  6.51110000e+03  6.46860000e+03 ...  4.55879395e-02
   2.92200000e+02  2.10000000e+00]
 ...
 [ 6.50900000e+03  6.51200000e+03  6.49420000e+03 ...  4.55879395e-02
   2.92200000e+02 -2.90000000e+00]
 [ 6.50900000e+03  6.51200000e+03  6.49420000e+03 ...  4.55879395e-02
   2.92200000e+02  1.10000000e+00]
 [ 6.50900000e+03  6.51200000e+03  6.49420000e+03 ...  4.55879395e-02
   2.92200000e+02  0.00000000e+00]]
2025-06-06 14:24:46,329 - prediction_service - ERROR - Erreur lors de la vérification NaN/Inf: The truth value of a Series is ambiguous. Use a.empty, a.bool(), a.item(), a.any() or a.all().
2025-06-06 14:25:26,949 - websockets.server - INFO - server closing
2025-06-06 14:25:26,950 - websockets.server - INFO - server closed
2025-06-06 14:25:31,040 - absl - WARNING - Compiled the loaded model, but the compiled metrics have yet to be built. `model.compile_metrics` will be empty until you train or evaluate the model.
2025-06-06 14:25:31,353 - prediction_service - INFO - Modèle existant compatible avec 158 features
2025-06-06 14:25:31,353 - prediction_service - INFO - Démarrage du serveur WebSocket sur 0.0.0.0:8765
2025-06-06 14:25:31,366 - websockets.server - INFO - server listening on 0.0.0.0:8765
2025-06-06 14:25:35,432 - websockets.server - INFO - connection open
2025-06-06 14:25:35,433 - prediction_service - INFO - Nouvelle connexion WebSocket: ('127.0.0.1', 37088)
2025-06-06 14:25:35,471 - absl - WARNING - Compiled the loaded model, but the compiled metrics have yet to be built. `model.compile_metrics` will be empty until you train or evaluate the model.
2025-06-06 14:25:35,475 - prediction_service - INFO - Modèle chargé depuis ./model/best_model.h5
2025-06-06 14:25:36,447 - prediction_service - INFO - Message reçu: 5min - 50 barres
2025-06-06 14:25:36,455 - prediction_service - INFO - Données historiques mises à jour pour 5min: 50 barres du 2025-06-02 07:20:00 au 2025-06-02 11:25:00
2025-06-06 14:25:36,455 - prediction_service - WARNING - Données insuffisantes pour les timeframes suivants (au moins 14 lignes requises) : 1h, 4h, 1d
2025-06-06 14:25:36,457 - prediction_service - INFO - Message reçu: 1h - 50 barres
2025-06-06 14:25:36,460 - prediction_service - INFO - Données historiques mises à jour pour 1h: 50 barres du 2025-05-29 09:00:00 au 2025-06-02 13:00:00
2025-06-06 14:25:36,460 - prediction_service - WARNING - Données insuffisantes pour les timeframes suivants (au moins 14 lignes requises) : 4h, 1d
2025-06-06 14:25:36,461 - prediction_service - INFO - Message reçu: 4h - 50 barres
2025-06-06 14:25:36,464 - prediction_service - INFO - Données historiques mises à jour pour 4h: 50 barres du 2025-05-21 15:00:00 au 2025-06-02 11:00:00
2025-06-06 14:25:36,465 - prediction_service - WARNING - Données insuffisantes pour les timeframes suivants (au moins 14 lignes requises) : 1d
2025-06-06 14:25:36,465 - prediction_service - INFO - Message reçu: 1d - 50 barres
2025-06-06 14:25:36,469 - prediction_service - INFO - Données historiques mises à jour pour 1d: 50 barres du 2025-03-23 23:00:00 au 2025-06-01 22:00:00
2025-06-06 14:25:36,478 - prediction_service - INFO - DEBUG - Entrées dans prepare_data_for_prediction:
2025-06-06 14:25:36,478 - prediction_service - INFO -   5min: 49 lignes
2025-06-06 14:25:36,479 - prediction_service - INFO -   1h: 50 lignes
2025-06-06 14:25:36,479 - prediction_service - INFO -   4h: 50 lignes
2025-06-06 14:25:36,479 - prediction_service - INFO -   1d: 50 lignes
2025-06-06 14:25:37,385 - prediction_service - INFO - DEBUG - Après create_parquet: 30 lignes
2025-06-06 14:25:37,385 - prediction_service - INFO - DEBUG - Features disponibles: []
2025-06-06 14:25:37,385 - prediction_service - INFO - DEBUG - Colonnes non-numériques détectées: ['doji_type_4h', 'pattern_type_4h', 'doji_type_1d', 'pattern_type_1d']
2025-06-06 14:25:37,387 - prediction_service - INFO - DEBUG - Colonnes finales: ['Open_1h', 'High_1h', 'Low_1h', 'Close_1h', 'Volume_1h', 'Volume_SMA', 'OBV_std', 'OBV_norm_std', 'OBV_SMA_10', 'OBV_EMA_10', 'OBV_WMA_10', 'OBV_SMA_20', 'OBV_EMA_20', 'OBV_WMA_20', 'OBV_SMA_50', 'OBV_EMA_50', 'OBV_WMA_50', 'OBV_Bullish_Div_10', 'OBV_Bearish_Div_10', 'OBV_Bullish_Div_20', 'OBV_Bearish_Div_20', 'OBV_Bullish_Div_50', 'OBV_Bearish_Div_50', 'VWAP_10', 'Open_4h', 'High_4h', 'Low_4h', 'Close_4h', 'Volume_4h', 'candle_range_4h', 'corps_candle_4h', 'meche_haute_4h', 'meche_basse_4h', 'candle_trend_4h', 'doji_4h', 'doji_strength_4h', 'perfect_doji_4h', 'upper_wick_4h', 'lower_wick_4h', 'ratio_corps_4h', 'doji_invalid_4h', 'bullish_engulfing_4h', 'bearish_engulfing_4h', 'engulfing_strength_4h', 'corps_candle_prev_4h', 'corps_sum_4h', 'Volume_SMA_5_4h', 'Volume_SMA_10_4h', 'Volume_SMA_20_4h', 'Volume_Ratio_SMA5_4h', 'Volume_Ratio_SMA10_4h', 'Volume_Ratio_SMA20_4h', 'Volume_Change_1_4h', 'Volume_Change_5_4h', 'PV_Ratio_4h', 'PV_Change_4h', 'OBV_4h', 'Volume_SMA_4h', 'OBV_normalized_4h', 'OBV_norm_minmax_4h', 'OBV_std_4h', 'OBV_norm_std_4h', 'OBV_SMA_10_4h', 'OBV_EMA_10_4h', 'OBV_WMA_10_4h', 'OBV_SMA_20_4h', 'OBV_EMA_20_4h', 'OBV_WMA_20_4h', 'OBV_SMA_50_4h', 'OBV_EMA_50_4h', 'OBV_WMA_50_4h', 'OBV_Trend_short_4h', 'OBV_Trend_medium_4h', 'OBV_Trend_long_4h', 'OBV_Bullish_Div_10_4h', 'OBV_Bearish_Div_10_4h', 'OBV_Bullish_Div_20_4h', 'OBV_Bearish_Div_20_4h', 'OBV_Bullish_Div_50_4h', 'OBV_Bearish_Div_50_4h', 'MFV_4h', 'ADL_4h', 'ADL_norm_4h', 'ADL_SMA5_4h', 'ADL_SMA15_4h', 'ADL_SMA30_4h', 'ADL_Trend_4h', 'Price_Trend_4h', 'ADL_Divergence_4h', 'MFM_4h', 'CMF_20_4h', 'PVT_change_4h', 'PVT_4h', 'PVT_norm_4h', 'PVT_SMA10_4h', 'PVT_SMA30_4h', 'PVT_signal_4h', 'PVT_cross_4h', 'PVT_cross_signal_4h', 'PVT_delta5_4h', 'CCI_5_4h', 'CCI_10_4h', 'CCI_15_4h', 'Volume_Oscillator_4h', 'VWAP_4h', 'VWMA_10_4h', 'VWMA_20_4h', 'Force_Index_1_4h', 'Force_Index_13_4h', 'Typical_Price_4h', 'Raw_Money_Flow_4h', 'Typical_Price_Prev_4h', 'Money_Flow_Positive_4h', 'Money_Flow_Negative_4h', 'MFI_14_4h', 'Vol_Weighted_Up_4h', 'Vol_Weighted_Down_4h', 'Vol_Weighted_Up_Avg_4h', 'Vol_Weighted_Down_Avg_4h', 'Vol_Weighted_RSI_4h', 'VWAP_10_4h', 'Open_1d', 'High_1d', 'Low_1d', 'Close_1d', 'Volume_1d', 'candle_range_1d', 'corps_candle_1d', 'meche_haute_1d', 'meche_basse_1d', 'candle_trend_1d', 'doji_1d', 'doji_strength_1d', 'perfect_doji_1d', 'upper_wick_1d', 'lower_wick_1d', 'ratio_corps_1d', 'doji_invalid_1d', 'bullish_engulfing_1d', 'bearish_engulfing_1d', 'engulfing_strength_1d', 'corps_candle_prev_1d', 'corps_sum_1d', 'Volume_SMA_5_1d', 'Volume_SMA_10_1d', 'Volume_SMA_20_1d', 'Volume_Ratio_SMA5_1d', 'Volume_Ratio_SMA10_1d', 'Volume_Ratio_SMA20_1d', 'Volume_Change_1_1d', 'Volume_Change_5_1d', 'PV_Ratio_1d', 'PV_Change_1d', 'OBV_1d', 'Volume_SMA_1d', 'OBV_normalized_1d', 'OBV_norm_minmax_1d', 'OBV_std_1d', 'OBV_norm_std_1d', 'OBV_SMA_10_1d', 'OBV_EMA_10_1d', 'OBV_WMA_10_1d', 'OBV_SMA_20_1d', 'OBV_EMA_20_1d', 'OBV_WMA_20_1d', 'OBV_SMA_50_1d', 'OBV_EMA_50_1d', 'OBV_WMA_50_1d', 'OBV_Trend_short_1d', 'OBV_Trend_medium_1d', 'OBV_Trend_long_1d', 'OBV_Bullish_Div_10_1d', 'OBV_Bearish_Div_10_1d', 'OBV_Bullish_Div_20_1d', 'OBV_Bearish_Div_20_1d', 'OBV_Bullish_Div_50_1d', 'OBV_Bearish_Div_50_1d', 'MFV_1d', 'ADL_1d', 'ADL_norm_1d', 'ADL_SMA5_1d', 'ADL_SMA15_1d', 'ADL_SMA30_1d', 'ADL_Trend_1d', 'Price_Trend_1d', 'ADL_Divergence_1d', 'MFM_1d', 'CMF_20_1d', 'PVT_change_1d', 'PVT_1d', 'PVT_norm_1d', 'PVT_SMA10_1d', 'PVT_SMA30_1d', 'PVT_signal_1d', 'PVT_cross_1d', 'PVT_cross_signal_1d', 'PVT_delta5_1d', 'CCI_5_1d', 'CCI_10_1d', 'CCI_15_1d', 'Volume_Oscillator_1d', 'VWAP_1d', 'VWMA_10_1d', 'VWMA_20_1d', 'Force_Index_1_1d', 'Force_Index_13_1d', 'Typical_Price_1d', 'Raw_Money_Flow_1d', 'Typical_Price_Prev_1d', 'Money_Flow_Positive_1d', 'Money_Flow_Negative_1d', 'MFI_14_1d', 'Vol_Weighted_Up_1d', 'Vol_Weighted_Down_1d', 'Vol_Weighted_Up_Avg_1d', 'Vol_Weighted_Down_Avg_1d', 'Vol_Weighted_RSI_1d', 'VWAP_10_1d', 'Volume_SMA', 'OBV_std', 'OBV_norm_std', 'OBV_SMA_10', 'OBV_EMA_10', 'OBV_WMA_10', 'OBV_SMA_20', 'OBV_EMA_20', 'OBV_WMA_20', 'OBV_SMA_50', 'OBV_EMA_50', 'OBV_WMA_50', 'OBV_Bullish_Div_10', 'OBV_Bearish_Div_10', 'OBV_Bullish_Div_20', 'OBV_Bearish_Div_20', 'OBV_Bullish_Div_50', 'OBV_Bearish_Div_50', 'SuperTrend_Long', 'SuperTrend_Short', 'ADX', 'Williams_R', 'day_of_year', 'sin_day', 'cos_day', 'sin_hour', 'cos_hour', 'period_of_day', 'hourly_return', 'hourly_volatility', 'volatility_by_period', 'volatility_6h', 'volatility_12h', 'volatility_24h', 'volatility_period_0', 'volatility_period_1', 'volatility_period_2', 'volatility_period_3', 'volatility_morning', 'volatility_afternoon', 'volatility_evening', 'volatility_night', 'log_return_5m', 'log_return_1h', 'momentum_1h', 'log_return_4h', 'momentum_4h', 'log_return_1d', 'momentum_1d', 'momentum_5m']
2025-06-06 14:25:37,387 - prediction_service - INFO - DEBUG - Types de données: [dtype('float64') dtype('int64') dtype('int32')]
2025-06-06 14:25:37,388 - prediction_service - INFO - DEBUG - Colonnes finales: ['Open_1h', 'High_1h', 'Low_1h', 'Close_1h', 'Volume_1h', 'Volume_SMA', 'OBV_std', 'OBV_norm_std', 'OBV_SMA_10', 'OBV_EMA_10', 'OBV_WMA_10', 'OBV_SMA_20', 'OBV_EMA_20', 'OBV_WMA_20', 'OBV_SMA_50', 'OBV_EMA_50', 'OBV_WMA_50', 'OBV_Bullish_Div_10', 'OBV_Bearish_Div_10', 'OBV_Bullish_Div_20', 'OBV_Bearish_Div_20', 'OBV_Bullish_Div_50', 'OBV_Bearish_Div_50', 'VWAP_10', 'Open_4h', 'High_4h', 'Low_4h', 'Close_4h', 'Volume_4h', 'candle_range_4h', 'corps_candle_4h', 'meche_haute_4h', 'meche_basse_4h', 'candle_trend_4h', 'doji_4h', 'doji_strength_4h', 'perfect_doji_4h', 'upper_wick_4h', 'lower_wick_4h', 'ratio_corps_4h', 'doji_invalid_4h', 'bullish_engulfing_4h', 'bearish_engulfing_4h', 'engulfing_strength_4h', 'corps_candle_prev_4h', 'corps_sum_4h', 'Volume_SMA_5_4h', 'Volume_SMA_10_4h', 'Volume_SMA_20_4h', 'Volume_Ratio_SMA5_4h', 'Volume_Ratio_SMA10_4h', 'Volume_Ratio_SMA20_4h', 'Volume_Change_1_4h', 'Volume_Change_5_4h', 'PV_Ratio_4h', 'PV_Change_4h', 'OBV_4h', 'Volume_SMA_4h', 'OBV_normalized_4h', 'OBV_norm_minmax_4h', 'OBV_std_4h', 'OBV_norm_std_4h', 'OBV_SMA_10_4h', 'OBV_EMA_10_4h', 'OBV_WMA_10_4h', 'OBV_SMA_20_4h', 'OBV_EMA_20_4h', 'OBV_WMA_20_4h', 'OBV_SMA_50_4h', 'OBV_EMA_50_4h', 'OBV_WMA_50_4h', 'OBV_Trend_short_4h', 'OBV_Trend_medium_4h', 'OBV_Trend_long_4h', 'OBV_Bullish_Div_10_4h', 'OBV_Bearish_Div_10_4h', 'OBV_Bullish_Div_20_4h', 'OBV_Bearish_Div_20_4h', 'OBV_Bullish_Div_50_4h', 'OBV_Bearish_Div_50_4h', 'MFV_4h', 'ADL_4h', 'ADL_norm_4h', 'ADL_SMA5_4h', 'ADL_SMA15_4h', 'ADL_SMA30_4h', 'ADL_Trend_4h', 'Price_Trend_4h', 'ADL_Divergence_4h', 'MFM_4h', 'CMF_20_4h', 'PVT_change_4h', 'PVT_4h', 'PVT_norm_4h', 'PVT_SMA10_4h', 'PVT_SMA30_4h', 'PVT_signal_4h', 'PVT_cross_4h', 'PVT_cross_signal_4h', 'PVT_delta5_4h', 'CCI_5_4h', 'CCI_10_4h', 'CCI_15_4h', 'Volume_Oscillator_4h', 'VWAP_4h', 'VWMA_10_4h', 'VWMA_20_4h', 'Force_Index_1_4h', 'Force_Index_13_4h', 'Typical_Price_4h', 'Raw_Money_Flow_4h', 'Typical_Price_Prev_4h', 'Money_Flow_Positive_4h', 'Money_Flow_Negative_4h', 'MFI_14_4h', 'Vol_Weighted_Up_4h', 'Vol_Weighted_Down_4h', 'Vol_Weighted_Up_Avg_4h', 'Vol_Weighted_Down_Avg_4h', 'Vol_Weighted_RSI_4h', 'VWAP_10_4h', 'Open_1d', 'High_1d', 'Low_1d', 'Close_1d', 'Volume_1d', 'candle_range_1d', 'corps_candle_1d', 'meche_haute_1d', 'meche_basse_1d', 'candle_trend_1d', 'doji_1d', 'doji_strength_1d', 'perfect_doji_1d', 'upper_wick_1d', 'lower_wick_1d', 'ratio_corps_1d', 'doji_invalid_1d', 'bullish_engulfing_1d', 'bearish_engulfing_1d', 'engulfing_strength_1d', 'corps_candle_prev_1d', 'corps_sum_1d', 'Volume_SMA_5_1d', 'Volume_SMA_10_1d', 'Volume_SMA_20_1d', 'Volume_Ratio_SMA5_1d', 'Volume_Ratio_SMA10_1d', 'Volume_Ratio_SMA20_1d', 'Volume_Change_1_1d', 'Volume_Change_5_1d', 'PV_Ratio_1d', 'PV_Change_1d', 'OBV_1d', 'Volume_SMA_1d', 'OBV_normalized_1d', 'OBV_norm_minmax_1d', 'OBV_std_1d', 'OBV_norm_std_1d', 'OBV_SMA_10_1d', 'OBV_EMA_10_1d', 'OBV_WMA_10_1d', 'OBV_SMA_20_1d', 'OBV_EMA_20_1d', 'OBV_WMA_20_1d', 'OBV_SMA_50_1d', 'OBV_EMA_50_1d', 'OBV_WMA_50_1d', 'OBV_Trend_short_1d', 'OBV_Trend_medium_1d', 'OBV_Trend_long_1d', 'OBV_Bullish_Div_10_1d', 'OBV_Bearish_Div_10_1d', 'OBV_Bullish_Div_20_1d', 'OBV_Bearish_Div_20_1d', 'OBV_Bullish_Div_50_1d', 'OBV_Bearish_Div_50_1d', 'MFV_1d', 'ADL_1d', 'ADL_norm_1d', 'ADL_SMA5_1d', 'ADL_SMA15_1d', 'ADL_SMA30_1d', 'ADL_Trend_1d', 'Price_Trend_1d', 'ADL_Divergence_1d', 'MFM_1d', 'CMF_20_1d', 'PVT_change_1d', 'PVT_1d', 'PVT_norm_1d', 'PVT_SMA10_1d', 'PVT_SMA30_1d', 'PVT_signal_1d', 'PVT_cross_1d', 'PVT_cross_signal_1d', 'PVT_delta5_1d', 'CCI_5_1d', 'CCI_10_1d', 'CCI_15_1d', 'Volume_Oscillator_1d', 'VWAP_1d', 'VWMA_10_1d', 'VWMA_20_1d', 'Force_Index_1_1d', 'Force_Index_13_1d', 'Typical_Price_1d', 'Raw_Money_Flow_1d', 'Typical_Price_Prev_1d', 'Money_Flow_Positive_1d', 'Money_Flow_Negative_1d', 'MFI_14_1d', 'Vol_Weighted_Up_1d', 'Vol_Weighted_Down_1d', 'Vol_Weighted_Up_Avg_1d', 'Vol_Weighted_Down_Avg_1d', 'Vol_Weighted_RSI_1d', 'VWAP_10_1d', 'Volume_SMA', 'OBV_std', 'OBV_norm_std', 'OBV_SMA_10', 'OBV_EMA_10', 'OBV_WMA_10', 'OBV_SMA_20', 'OBV_EMA_20', 'OBV_WMA_20', 'OBV_SMA_50', 'OBV_EMA_50', 'OBV_WMA_50', 'OBV_Bullish_Div_10', 'OBV_Bearish_Div_10', 'OBV_Bullish_Div_20', 'OBV_Bearish_Div_20', 'OBV_Bullish_Div_50', 'OBV_Bearish_Div_50', 'SuperTrend_Long', 'SuperTrend_Short', 'ADX', 'Williams_R', 'day_of_year', 'sin_day', 'cos_day', 'sin_hour', 'cos_hour', 'period_of_day', 'hourly_return', 'hourly_volatility', 'volatility_by_period', 'volatility_6h', 'volatility_12h', 'volatility_24h', 'volatility_period_0', 'volatility_period_1', 'volatility_period_2', 'volatility_period_3', 'volatility_morning', 'volatility_afternoon', 'volatility_evening', 'volatility_night', 'log_return_5m', 'log_return_1h', 'momentum_1h', 'log_return_4h', 'momentum_4h', 'log_return_1d', 'momentum_1d', 'momentum_5m']
2025-06-06 14:25:37,388 - prediction_service - INFO - DEBUG - Statistiques descriptives des colonnes:
2025-06-06 14:25:37,642 - prediction_service - INFO - 
               count          mean           std           min           25%           50%           75%           max
Open_1h         30.0   6480.280000  1.908266e+01   6459.600000   6459.600000   6486.600000   6486.600000   6509.000000
High_1h         30.0   6501.840000  1.191341e+01   6487.500000   6487.500000   6511.100000   6511.100000   6512.000000
Low_1h          30.0   6462.680000  2.036045e+01   6441.000000   6441.000000   6468.600000   6468.600000   6494.200000
Close_1h        30.0   6498.780000  1.055221e+01   6486.500000   6486.500000   6502.100000   6509.400000   6509.400000
Volume_1h       30.0  24238.400000  5.730645e+03  13086.000000  26124.000000  26124.000000  27929.000000  27929.000000
...              ...           ...           ...           ...           ...           ...           ...           ...
log_return_4h   30.0      0.012627  2.731500e-03      0.007255      0.013969      0.013969      0.013969      0.013969
momentum_4h     30.0     81.720000  1.745335e+01     47.400000     90.300000     90.300000     90.300000     90.300000
log_return_1d   30.0      0.045588  7.057516e-18      0.045588      0.045588      0.045588      0.045588      0.045588
momentum_1d     30.0    292.200000  5.781517e-14    292.200000    292.200000    292.200000    292.200000    292.200000
momentum_5m     30.0      1.313333  6.113452e+00     -9.800000     -1.825000      0.950000      3.675000     17.800000

[268 rows x 8 columns]
2025-06-06 14:25:37,642 - prediction_service - INFO - Séquences conservées pour la prédiction (shape=(16, 268)): [[ 6.48660000e+03  6.51110000e+03  6.46860000e+03 ...  4.55879395e-02
   2.92200000e+02 -9.80000000e+00]
 [ 6.48660000e+03  6.51110000e+03  6.46860000e+03 ...  4.55879395e-02
   2.92200000e+02 -3.10000000e+00]
 [ 6.48660000e+03  6.51110000e+03  6.46860000e+03 ...  4.55879395e-02
   2.92200000e+02  2.10000000e+00]
 ...
 [ 6.50900000e+03  6.51200000e+03  6.49420000e+03 ...  4.55879395e-02
   2.92200000e+02 -2.90000000e+00]
 [ 6.50900000e+03  6.51200000e+03  6.49420000e+03 ...  4.55879395e-02
   2.92200000e+02  1.10000000e+00]
 [ 6.50900000e+03  6.51200000e+03  6.49420000e+03 ...  4.55879395e-02
   2.92200000e+02  0.00000000e+00]]
2025-06-06 14:25:37,730 - prediction_service - INFO - DEBUG - Analyse NaN détaillée: {}
2025-06-06 14:25:37,730 - prediction_service - INFO - DEBUG - Analyse valeurs infinies détaillée: {}
2025-06-06 14:25:37,730 - prediction_service - INFO - Normalisation des données avec StandardScaler (shape=(1, 16, 268))
2025-06-06 14:25:37,731 - prediction_service - INFO - prepare prediction data done: make prediction
2025-06-06 14:25:37,794 - prediction_service - ERROR - Erreur: Exception encountered when calling LSTMCell.call().

[1mDimensions must be equal, but are 268 and 158 for '{{node sequential_1/lstm_1/lstm_cell_1/MatMul}} = MatMul[T=DT_FLOAT, grad_a=false, grad_b=false, transpose_a=false, transpose_b=false](sequential_1/lstm_1/strided_slice_1, sequential_1/lstm_1/lstm_cell_1/Cast/ReadVariableOp)' with input shapes: [1,268], [158,200].[0m

Arguments received by LSTMCell.call():
  • inputs=tf.Tensor(shape=(1, 268), dtype=float32)
  • states=('tf.Tensor(shape=(1, 50), dtype=float32)', 'tf.Tensor(shape=(1, 50), dtype=float32)')
  • training=False
Traceback (most recent call last):
  File "/home/parrochia/go/src/github.com/trading-prediction-with-machine-learning/./src/prediction_service.py", line 185, in handle_websocket
    prediction = make_prediction(model, x)
  File "/home/parrochia/go/src/github.com/trading-prediction-with-machine-learning/./src/prediction_service.py", line 281, in make_prediction
    y_proba = model.predict(x)
  File "/home/parrochia/.local/lib/python3.10/site-packages/keras/src/utils/traceback_utils.py", line 122, in error_handler
    raise e.with_traceback(filtered_tb) from None
  File "/home/parrochia/.local/lib/python3.10/site-packages/keras/src/utils/traceback_utils.py", line 122, in error_handler
    raise e.with_traceback(filtered_tb) from None
ValueError: Exception encountered when calling LSTMCell.call().

[1mDimensions must be equal, but are 268 and 158 for '{{node sequential_1/lstm_1/lstm_cell_1/MatMul}} = MatMul[T=DT_FLOAT, grad_a=false, grad_b=false, transpose_a=false, transpose_b=false](sequential_1/lstm_1/strided_slice_1, sequential_1/lstm_1/lstm_cell_1/Cast/ReadVariableOp)' with input shapes: [1,268], [158,200].[0m

Arguments received by LSTMCell.call():
  • inputs=tf.Tensor(shape=(1, 268), dtype=float32)
  • states=('tf.Tensor(shape=(1, 50), dtype=float32)', 'tf.Tensor(shape=(1, 50), dtype=float32)')
  • training=False
2025-06-06 14:26:48,874 - websockets.server - INFO - server closing
2025-06-06 14:26:48,874 - websockets.server - INFO - server closed
2025-06-06 14:26:52,756 - absl - WARNING - Compiled the loaded model, but the compiled metrics have yet to be built. `model.compile_metrics` will be empty until you train or evaluate the model.
2025-06-06 14:26:53,027 - prediction_service - INFO - Modèle existant compatible avec 158 features
2025-06-06 14:26:53,027 - prediction_service - INFO - Démarrage du serveur WebSocket sur 0.0.0.0:8765
2025-06-06 14:26:53,033 - websockets.server - INFO - server listening on 0.0.0.0:8765
2025-06-06 14:26:56,994 - websockets.server - INFO - connection open
2025-06-06 14:26:56,995 - prediction_service - INFO - Nouvelle connexion WebSocket: ('127.0.0.1', 40054)
2025-06-06 14:26:57,066 - absl - WARNING - Compiled the loaded model, but the compiled metrics have yet to be built. `model.compile_metrics` will be empty until you train or evaluate the model.
2025-06-06 14:26:57,069 - prediction_service - INFO - Modèle chargé depuis ./model/best_model.h5
2025-06-06 14:26:58,687 - prediction_service - INFO - Message reçu: 5min - 50 barres
2025-06-06 14:26:58,692 - prediction_service - INFO - Données historiques mises à jour pour 5min: 50 barres du 2025-06-02 07:20:00 au 2025-06-02 11:25:00
2025-06-06 14:26:58,692 - prediction_service - WARNING - Données insuffisantes pour les timeframes suivants (au moins 14 lignes requises) : 1h, 4h, 1d
2025-06-06 14:26:58,693 - prediction_service - INFO - Message reçu: 1h - 50 barres
2025-06-06 14:26:58,695 - prediction_service - INFO - Données historiques mises à jour pour 1h: 50 barres du 2025-05-29 09:00:00 au 2025-06-02 13:00:00
2025-06-06 14:26:58,695 - prediction_service - WARNING - Données insuffisantes pour les timeframes suivants (au moins 14 lignes requises) : 4h, 1d
2025-06-06 14:26:58,695 - prediction_service - INFO - Message reçu: 4h - 50 barres
2025-06-06 14:26:58,697 - prediction_service - INFO - Données historiques mises à jour pour 4h: 50 barres du 2025-05-21 15:00:00 au 2025-06-02 11:00:00
2025-06-06 14:26:58,698 - prediction_service - WARNING - Données insuffisantes pour les timeframes suivants (au moins 14 lignes requises) : 1d
2025-06-06 14:26:58,698 - prediction_service - INFO - Message reçu: 1d - 50 barres
2025-06-06 14:26:58,699 - prediction_service - INFO - Données historiques mises à jour pour 1d: 50 barres du 2025-03-23 23:00:00 au 2025-06-01 22:00:00
2025-06-06 14:26:58,702 - prediction_service - INFO - DEBUG - Entrées dans prepare_data_for_prediction:
2025-06-06 14:26:58,703 - prediction_service - INFO -   5min: 49 lignes
2025-06-06 14:26:58,703 - prediction_service - INFO -   1h: 50 lignes
2025-06-06 14:26:58,703 - prediction_service - INFO -   4h: 50 lignes
2025-06-06 14:26:58,703 - prediction_service - INFO -   1d: 50 lignes
2025-06-06 14:26:59,353 - prediction_service - INFO - DEBUG - Après create_parquet: 30 lignes
2025-06-06 14:26:59,353 - prediction_service - INFO - DEBUG - Features disponibles: []
2025-06-06 14:26:59,354 - prediction_service - INFO - DEBUG - Colonnes non-numériques détectées: ['doji_type_4h', 'pattern_type_4h', 'doji_type_1d', 'pattern_type_1d']
2025-06-06 14:26:59,355 - prediction_service - INFO - DEBUG - Colonnes finales: ['Open_1h', 'High_1h', 'Low_1h', 'Close_1h', 'Volume_1h', 'Volume_SMA', 'OBV_std', 'OBV_norm_std', 'OBV_SMA_10', 'OBV_EMA_10', 'OBV_WMA_10', 'OBV_SMA_20', 'OBV_EMA_20', 'OBV_WMA_20', 'OBV_SMA_50', 'OBV_EMA_50', 'OBV_WMA_50', 'OBV_Bullish_Div_10', 'OBV_Bearish_Div_10', 'OBV_Bullish_Div_20', 'OBV_Bearish_Div_20', 'OBV_Bullish_Div_50', 'OBV_Bearish_Div_50', 'VWAP_10', 'Open_4h', 'High_4h', 'Low_4h', 'Close_4h', 'Volume_4h', 'candle_range_4h', 'corps_candle_4h', 'meche_haute_4h', 'meche_basse_4h', 'candle_trend_4h', 'doji_4h', 'doji_strength_4h', 'perfect_doji_4h', 'upper_wick_4h', 'lower_wick_4h', 'ratio_corps_4h', 'doji_invalid_4h', 'bullish_engulfing_4h', 'bearish_engulfing_4h', 'engulfing_strength_4h', 'corps_candle_prev_4h', 'corps_sum_4h', 'Volume_SMA_5_4h', 'Volume_SMA_10_4h', 'Volume_SMA_20_4h', 'Volume_Ratio_SMA5_4h', 'Volume_Ratio_SMA10_4h', 'Volume_Ratio_SMA20_4h', 'Volume_Change_1_4h', 'Volume_Change_5_4h', 'PV_Ratio_4h', 'PV_Change_4h', 'OBV_4h', 'Volume_SMA_4h', 'OBV_normalized_4h', 'OBV_norm_minmax_4h', 'OBV_std_4h', 'OBV_norm_std_4h', 'OBV_SMA_10_4h', 'OBV_EMA_10_4h', 'OBV_WMA_10_4h', 'OBV_SMA_20_4h', 'OBV_EMA_20_4h', 'OBV_WMA_20_4h', 'OBV_SMA_50_4h', 'OBV_EMA_50_4h', 'OBV_WMA_50_4h', 'OBV_Trend_short_4h', 'OBV_Trend_medium_4h', 'OBV_Trend_long_4h', 'OBV_Bullish_Div_10_4h', 'OBV_Bearish_Div_10_4h', 'OBV_Bullish_Div_20_4h', 'OBV_Bearish_Div_20_4h', 'OBV_Bullish_Div_50_4h', 'OBV_Bearish_Div_50_4h', 'MFV_4h', 'ADL_4h', 'ADL_norm_4h', 'ADL_SMA5_4h', 'ADL_SMA15_4h', 'ADL_SMA30_4h', 'ADL_Trend_4h', 'Price_Trend_4h', 'ADL_Divergence_4h', 'MFM_4h', 'CMF_20_4h', 'PVT_change_4h', 'PVT_4h', 'PVT_norm_4h', 'PVT_SMA10_4h', 'PVT_SMA30_4h', 'PVT_signal_4h', 'PVT_cross_4h', 'PVT_cross_signal_4h', 'PVT_delta5_4h', 'CCI_5_4h', 'CCI_10_4h', 'CCI_15_4h', 'Volume_Oscillator_4h', 'VWAP_4h', 'VWMA_10_4h', 'VWMA_20_4h', 'Force_Index_1_4h', 'Force_Index_13_4h', 'Typical_Price_4h', 'Raw_Money_Flow_4h', 'Typical_Price_Prev_4h', 'Money_Flow_Positive_4h', 'Money_Flow_Negative_4h', 'MFI_14_4h', 'Vol_Weighted_Up_4h', 'Vol_Weighted_Down_4h', 'Vol_Weighted_Up_Avg_4h', 'Vol_Weighted_Down_Avg_4h', 'Vol_Weighted_RSI_4h', 'VWAP_10_4h', 'Open_1d', 'High_1d', 'Low_1d', 'Close_1d', 'Volume_1d', 'candle_range_1d', 'corps_candle_1d', 'meche_haute_1d', 'meche_basse_1d', 'candle_trend_1d', 'doji_1d', 'doji_strength_1d', 'perfect_doji_1d', 'upper_wick_1d', 'lower_wick_1d', 'ratio_corps_1d', 'doji_invalid_1d', 'bullish_engulfing_1d', 'bearish_engulfing_1d', 'engulfing_strength_1d', 'corps_candle_prev_1d', 'corps_sum_1d', 'Volume_SMA_5_1d', 'Volume_SMA_10_1d', 'Volume_SMA_20_1d', 'Volume_Ratio_SMA5_1d', 'Volume_Ratio_SMA10_1d', 'Volume_Ratio_SMA20_1d', 'Volume_Change_1_1d', 'Volume_Change_5_1d', 'PV_Ratio_1d', 'PV_Change_1d', 'OBV_1d', 'Volume_SMA_1d', 'OBV_normalized_1d', 'OBV_norm_minmax_1d', 'OBV_std_1d', 'OBV_norm_std_1d', 'OBV_SMA_10_1d', 'OBV_EMA_10_1d', 'OBV_WMA_10_1d', 'OBV_SMA_20_1d', 'OBV_EMA_20_1d', 'OBV_WMA_20_1d', 'OBV_SMA_50_1d', 'OBV_EMA_50_1d', 'OBV_WMA_50_1d', 'OBV_Trend_short_1d', 'OBV_Trend_medium_1d', 'OBV_Trend_long_1d', 'OBV_Bullish_Div_10_1d', 'OBV_Bearish_Div_10_1d', 'OBV_Bullish_Div_20_1d', 'OBV_Bearish_Div_20_1d', 'OBV_Bullish_Div_50_1d', 'OBV_Bearish_Div_50_1d', 'MFV_1d', 'ADL_1d', 'ADL_norm_1d', 'ADL_SMA5_1d', 'ADL_SMA15_1d', 'ADL_SMA30_1d', 'ADL_Trend_1d', 'Price_Trend_1d', 'ADL_Divergence_1d', 'MFM_1d', 'CMF_20_1d', 'PVT_change_1d', 'PVT_1d', 'PVT_norm_1d', 'PVT_SMA10_1d', 'PVT_SMA30_1d', 'PVT_signal_1d', 'PVT_cross_1d', 'PVT_cross_signal_1d', 'PVT_delta5_1d', 'CCI_5_1d', 'CCI_10_1d', 'CCI_15_1d', 'Volume_Oscillator_1d', 'VWAP_1d', 'VWMA_10_1d', 'VWMA_20_1d', 'Force_Index_1_1d', 'Force_Index_13_1d', 'Typical_Price_1d', 'Raw_Money_Flow_1d', 'Typical_Price_Prev_1d', 'Money_Flow_Positive_1d', 'Money_Flow_Negative_1d', 'MFI_14_1d', 'Vol_Weighted_Up_1d', 'Vol_Weighted_Down_1d', 'Vol_Weighted_Up_Avg_1d', 'Vol_Weighted_Down_Avg_1d', 'Vol_Weighted_RSI_1d', 'VWAP_10_1d', 'Volume_SMA', 'OBV_std', 'OBV_norm_std', 'OBV_SMA_10', 'OBV_EMA_10', 'OBV_WMA_10', 'OBV_SMA_20', 'OBV_EMA_20', 'OBV_WMA_20', 'OBV_SMA_50', 'OBV_EMA_50', 'OBV_WMA_50', 'OBV_Bullish_Div_10', 'OBV_Bearish_Div_10', 'OBV_Bullish_Div_20', 'OBV_Bearish_Div_20', 'OBV_Bullish_Div_50', 'OBV_Bearish_Div_50', 'SuperTrend_Long', 'SuperTrend_Short', 'ADX', 'Williams_R', 'day_of_year', 'sin_day', 'cos_day', 'sin_hour', 'cos_hour', 'period_of_day', 'hourly_return', 'hourly_volatility', 'volatility_by_period', 'volatility_6h', 'volatility_12h', 'volatility_24h', 'volatility_period_0', 'volatility_period_1', 'volatility_period_2', 'volatility_period_3', 'volatility_morning', 'volatility_afternoon', 'volatility_evening', 'volatility_night', 'log_return_5m', 'log_return_1h', 'momentum_1h', 'log_return_4h', 'momentum_4h', 'log_return_1d', 'momentum_1d', 'momentum_5m']
2025-06-06 14:26:59,355 - prediction_service - INFO - DEBUG - Types de données: [dtype('float64') dtype('int64') dtype('int32')]
2025-06-06 14:26:59,355 - prediction_service - INFO - DEBUG - Colonnes finales: ['Open_1h', 'High_1h', 'Low_1h', 'Close_1h', 'Volume_1h', 'Volume_SMA', 'OBV_std', 'OBV_norm_std', 'OBV_SMA_10', 'OBV_EMA_10', 'OBV_WMA_10', 'OBV_SMA_20', 'OBV_EMA_20', 'OBV_WMA_20', 'OBV_SMA_50', 'OBV_EMA_50', 'OBV_WMA_50', 'OBV_Bullish_Div_10', 'OBV_Bearish_Div_10', 'OBV_Bullish_Div_20', 'OBV_Bearish_Div_20', 'OBV_Bullish_Div_50', 'OBV_Bearish_Div_50', 'VWAP_10', 'Open_4h', 'High_4h', 'Low_4h', 'Close_4h', 'Volume_4h', 'candle_range_4h', 'corps_candle_4h', 'meche_haute_4h', 'meche_basse_4h', 'candle_trend_4h', 'doji_4h', 'doji_strength_4h', 'perfect_doji_4h', 'upper_wick_4h', 'lower_wick_4h', 'ratio_corps_4h', 'doji_invalid_4h', 'bullish_engulfing_4h', 'bearish_engulfing_4h', 'engulfing_strength_4h', 'corps_candle_prev_4h', 'corps_sum_4h', 'Volume_SMA_5_4h', 'Volume_SMA_10_4h', 'Volume_SMA_20_4h', 'Volume_Ratio_SMA5_4h', 'Volume_Ratio_SMA10_4h', 'Volume_Ratio_SMA20_4h', 'Volume_Change_1_4h', 'Volume_Change_5_4h', 'PV_Ratio_4h', 'PV_Change_4h', 'OBV_4h', 'Volume_SMA_4h', 'OBV_normalized_4h', 'OBV_norm_minmax_4h', 'OBV_std_4h', 'OBV_norm_std_4h', 'OBV_SMA_10_4h', 'OBV_EMA_10_4h', 'OBV_WMA_10_4h', 'OBV_SMA_20_4h', 'OBV_EMA_20_4h', 'OBV_WMA_20_4h', 'OBV_SMA_50_4h', 'OBV_EMA_50_4h', 'OBV_WMA_50_4h', 'OBV_Trend_short_4h', 'OBV_Trend_medium_4h', 'OBV_Trend_long_4h', 'OBV_Bullish_Div_10_4h', 'OBV_Bearish_Div_10_4h', 'OBV_Bullish_Div_20_4h', 'OBV_Bearish_Div_20_4h', 'OBV_Bullish_Div_50_4h', 'OBV_Bearish_Div_50_4h', 'MFV_4h', 'ADL_4h', 'ADL_norm_4h', 'ADL_SMA5_4h', 'ADL_SMA15_4h', 'ADL_SMA30_4h', 'ADL_Trend_4h', 'Price_Trend_4h', 'ADL_Divergence_4h', 'MFM_4h', 'CMF_20_4h', 'PVT_change_4h', 'PVT_4h', 'PVT_norm_4h', 'PVT_SMA10_4h', 'PVT_SMA30_4h', 'PVT_signal_4h', 'PVT_cross_4h', 'PVT_cross_signal_4h', 'PVT_delta5_4h', 'CCI_5_4h', 'CCI_10_4h', 'CCI_15_4h', 'Volume_Oscillator_4h', 'VWAP_4h', 'VWMA_10_4h', 'VWMA_20_4h', 'Force_Index_1_4h', 'Force_Index_13_4h', 'Typical_Price_4h', 'Raw_Money_Flow_4h', 'Typical_Price_Prev_4h', 'Money_Flow_Positive_4h', 'Money_Flow_Negative_4h', 'MFI_14_4h', 'Vol_Weighted_Up_4h', 'Vol_Weighted_Down_4h', 'Vol_Weighted_Up_Avg_4h', 'Vol_Weighted_Down_Avg_4h', 'Vol_Weighted_RSI_4h', 'VWAP_10_4h', 'Open_1d', 'High_1d', 'Low_1d', 'Close_1d', 'Volume_1d', 'candle_range_1d', 'corps_candle_1d', 'meche_haute_1d', 'meche_basse_1d', 'candle_trend_1d', 'doji_1d', 'doji_strength_1d', 'perfect_doji_1d', 'upper_wick_1d', 'lower_wick_1d', 'ratio_corps_1d', 'doji_invalid_1d', 'bullish_engulfing_1d', 'bearish_engulfing_1d', 'engulfing_strength_1d', 'corps_candle_prev_1d', 'corps_sum_1d', 'Volume_SMA_5_1d', 'Volume_SMA_10_1d', 'Volume_SMA_20_1d', 'Volume_Ratio_SMA5_1d', 'Volume_Ratio_SMA10_1d', 'Volume_Ratio_SMA20_1d', 'Volume_Change_1_1d', 'Volume_Change_5_1d', 'PV_Ratio_1d', 'PV_Change_1d', 'OBV_1d', 'Volume_SMA_1d', 'OBV_normalized_1d', 'OBV_norm_minmax_1d', 'OBV_std_1d', 'OBV_norm_std_1d', 'OBV_SMA_10_1d', 'OBV_EMA_10_1d', 'OBV_WMA_10_1d', 'OBV_SMA_20_1d', 'OBV_EMA_20_1d', 'OBV_WMA_20_1d', 'OBV_SMA_50_1d', 'OBV_EMA_50_1d', 'OBV_WMA_50_1d', 'OBV_Trend_short_1d', 'OBV_Trend_medium_1d', 'OBV_Trend_long_1d', 'OBV_Bullish_Div_10_1d', 'OBV_Bearish_Div_10_1d', 'OBV_Bullish_Div_20_1d', 'OBV_Bearish_Div_20_1d', 'OBV_Bullish_Div_50_1d', 'OBV_Bearish_Div_50_1d', 'MFV_1d', 'ADL_1d', 'ADL_norm_1d', 'ADL_SMA5_1d', 'ADL_SMA15_1d', 'ADL_SMA30_1d', 'ADL_Trend_1d', 'Price_Trend_1d', 'ADL_Divergence_1d', 'MFM_1d', 'CMF_20_1d', 'PVT_change_1d', 'PVT_1d', 'PVT_norm_1d', 'PVT_SMA10_1d', 'PVT_SMA30_1d', 'PVT_signal_1d', 'PVT_cross_1d', 'PVT_cross_signal_1d', 'PVT_delta5_1d', 'CCI_5_1d', 'CCI_10_1d', 'CCI_15_1d', 'Volume_Oscillator_1d', 'VWAP_1d', 'VWMA_10_1d', 'VWMA_20_1d', 'Force_Index_1_1d', 'Force_Index_13_1d', 'Typical_Price_1d', 'Raw_Money_Flow_1d', 'Typical_Price_Prev_1d', 'Money_Flow_Positive_1d', 'Money_Flow_Negative_1d', 'MFI_14_1d', 'Vol_Weighted_Up_1d', 'Vol_Weighted_Down_1d', 'Vol_Weighted_Up_Avg_1d', 'Vol_Weighted_Down_Avg_1d', 'Vol_Weighted_RSI_1d', 'VWAP_10_1d', 'Volume_SMA', 'OBV_std', 'OBV_norm_std', 'OBV_SMA_10', 'OBV_EMA_10', 'OBV_WMA_10', 'OBV_SMA_20', 'OBV_EMA_20', 'OBV_WMA_20', 'OBV_SMA_50', 'OBV_EMA_50', 'OBV_WMA_50', 'OBV_Bullish_Div_10', 'OBV_Bearish_Div_10', 'OBV_Bullish_Div_20', 'OBV_Bearish_Div_20', 'OBV_Bullish_Div_50', 'OBV_Bearish_Div_50', 'SuperTrend_Long', 'SuperTrend_Short', 'ADX', 'Williams_R', 'day_of_year', 'sin_day', 'cos_day', 'sin_hour', 'cos_hour', 'period_of_day', 'hourly_return', 'hourly_volatility', 'volatility_by_period', 'volatility_6h', 'volatility_12h', 'volatility_24h', 'volatility_period_0', 'volatility_period_1', 'volatility_period_2', 'volatility_period_3', 'volatility_morning', 'volatility_afternoon', 'volatility_evening', 'volatility_night', 'log_return_5m', 'log_return_1h', 'momentum_1h', 'log_return_4h', 'momentum_4h', 'log_return_1d', 'momentum_1d', 'momentum_5m']
2025-06-06 14:26:59,355 - prediction_service - INFO - DEBUG - Statistiques descriptives des colonnes:
2025-06-06 14:26:59,550 - prediction_service - INFO - 
               count          mean           std           min           25%           50%           75%           max
Open_1h         30.0   6480.280000  1.908266e+01   6459.600000   6459.600000   6486.600000   6486.600000   6509.000000
High_1h         30.0   6501.840000  1.191341e+01   6487.500000   6487.500000   6511.100000   6511.100000   6512.000000
Low_1h          30.0   6462.680000  2.036045e+01   6441.000000   6441.000000   6468.600000   6468.600000   6494.200000
Close_1h        30.0   6498.780000  1.055221e+01   6486.500000   6486.500000   6502.100000   6509.400000   6509.400000
Volume_1h       30.0  24238.400000  5.730645e+03  13086.000000  26124.000000  26124.000000  27929.000000  27929.000000
...              ...           ...           ...           ...           ...           ...           ...           ...
log_return_4h   30.0      0.012627  2.731500e-03      0.007255      0.013969      0.013969      0.013969      0.013969
momentum_4h     30.0     81.720000  1.745335e+01     47.400000     90.300000     90.300000     90.300000     90.300000
log_return_1d   30.0      0.045588  7.057516e-18      0.045588      0.045588      0.045588      0.045588      0.045588
momentum_1d     30.0    292.200000  5.781517e-14    292.200000    292.200000    292.200000    292.200000    292.200000
momentum_5m     30.0      1.313333  6.113452e+00     -9.800000     -1.825000      0.950000      3.675000     17.800000

[268 rows x 8 columns]
2025-06-06 14:26:59,551 - prediction_service - INFO - Séquences conservées pour la prédiction (shape=(16, 268)): [[ 6.48660000e+03  6.51110000e+03  6.46860000e+03 ...  4.55879395e-02
   2.92200000e+02 -9.80000000e+00]
 [ 6.48660000e+03  6.51110000e+03  6.46860000e+03 ...  4.55879395e-02
   2.92200000e+02 -3.10000000e+00]
 [ 6.48660000e+03  6.51110000e+03  6.46860000e+03 ...  4.55879395e-02
   2.92200000e+02  2.10000000e+00]
 ...
 [ 6.50900000e+03  6.51200000e+03  6.49420000e+03 ...  4.55879395e-02
   2.92200000e+02 -2.90000000e+00]
 [ 6.50900000e+03  6.51200000e+03  6.49420000e+03 ...  4.55879395e-02
   2.92200000e+02  1.10000000e+00]
 [ 6.50900000e+03  6.51200000e+03  6.49420000e+03 ...  4.55879395e-02
   2.92200000e+02  0.00000000e+00]]
2025-06-06 14:26:59,628 - prediction_service - INFO - DEBUG - Analyse NaN détaillée: {}
2025-06-06 14:26:59,628 - prediction_service - INFO - DEBUG - Analyse valeurs infinies détaillée: {}
2025-06-06 14:26:59,628 - prediction_service - INFO - Normalisation des données avec StandardScaler (shape=(1, 16, 268))
2025-06-06 14:26:59,629 - prediction_service - INFO - prepare prediction data done: make prediction
2025-06-06 14:26:59,676 - prediction_service - ERROR - Erreur: Exception encountered when calling LSTMCell.call().

[1mDimensions must be equal, but are 268 and 158 for '{{node sequential_1/lstm_1/lstm_cell_1/MatMul}} = MatMul[T=DT_FLOAT, grad_a=false, grad_b=false, transpose_a=false, transpose_b=false](sequential_1/lstm_1/strided_slice_1, sequential_1/lstm_1/lstm_cell_1/Cast/ReadVariableOp)' with input shapes: [1,268], [158,200].[0m

Arguments received by LSTMCell.call():
  • inputs=tf.Tensor(shape=(1, 268), dtype=float32)
  • states=('tf.Tensor(shape=(1, 50), dtype=float32)', 'tf.Tensor(shape=(1, 50), dtype=float32)')
  • training=False
Traceback (most recent call last):
  File "/home/parrochia/go/src/github.com/trading-prediction-with-machine-learning/./src/prediction_service.py", line 183, in handle_websocket
    prediction = make_prediction(model, x)
  File "/home/parrochia/go/src/github.com/trading-prediction-with-machine-learning/./src/prediction_service.py", line 279, in make_prediction
    y_proba = model.predict(x)
  File "/home/parrochia/.local/lib/python3.10/site-packages/keras/src/utils/traceback_utils.py", line 122, in error_handler
    raise e.with_traceback(filtered_tb) from None
  File "/home/parrochia/.local/lib/python3.10/site-packages/keras/src/utils/traceback_utils.py", line 122, in error_handler
    raise e.with_traceback(filtered_tb) from None
ValueError: Exception encountered when calling LSTMCell.call().

[1mDimensions must be equal, but are 268 and 158 for '{{node sequential_1/lstm_1/lstm_cell_1/MatMul}} = MatMul[T=DT_FLOAT, grad_a=false, grad_b=false, transpose_a=false, transpose_b=false](sequential_1/lstm_1/strided_slice_1, sequential_1/lstm_1/lstm_cell_1/Cast/ReadVariableOp)' with input shapes: [1,268], [158,200].[0m

Arguments received by LSTMCell.call():
  • inputs=tf.Tensor(shape=(1, 268), dtype=float32)
  • states=('tf.Tensor(shape=(1, 50), dtype=float32)', 'tf.Tensor(shape=(1, 50), dtype=float32)')
  • training=False
2025-06-06 14:27:48,154 - websockets.server - INFO - server closing
2025-06-06 14:27:48,155 - websockets.server - INFO - server closed
2025-06-06 14:27:51,979 - absl - WARNING - Compiled the loaded model, but the compiled metrics have yet to be built. `model.compile_metrics` will be empty until you train or evaluate the model.
2025-06-06 14:27:52,251 - prediction_service - INFO - Modèle existant compatible avec 158 features
2025-06-06 14:27:52,251 - prediction_service - INFO - Démarrage du serveur WebSocket sur 0.0.0.0:8765
2025-06-06 14:27:52,261 - websockets.server - INFO - server listening on 0.0.0.0:8765
2025-06-06 14:27:54,727 - websockets.server - INFO - connection open
2025-06-06 14:27:54,727 - prediction_service - INFO - Nouvelle connexion WebSocket: ('127.0.0.1', 53942)
2025-06-06 14:27:54,808 - absl - WARNING - Compiled the loaded model, but the compiled metrics have yet to be built. `model.compile_metrics` will be empty until you train or evaluate the model.
2025-06-06 14:27:54,813 - prediction_service - INFO - Modèle chargé depuis ./model/best_model.h5
2025-06-06 14:27:55,760 - prediction_service - INFO - Message reçu: 5min - 50 barres
2025-06-06 14:27:55,767 - prediction_service - INFO - Données historiques mises à jour pour 5min: 50 barres du 2025-06-02 07:20:00 au 2025-06-02 11:25:00
2025-06-06 14:27:55,767 - prediction_service - WARNING - Données insuffisantes pour les timeframes suivants (au moins 14 lignes requises) : 1h, 4h, 1d
2025-06-06 14:27:55,768 - prediction_service - INFO - Message reçu: 1h - 50 barres
2025-06-06 14:27:55,771 - prediction_service - INFO - Données historiques mises à jour pour 1h: 50 barres du 2025-05-29 09:00:00 au 2025-06-02 13:00:00
2025-06-06 14:27:55,772 - prediction_service - WARNING - Données insuffisantes pour les timeframes suivants (au moins 14 lignes requises) : 4h, 1d
2025-06-06 14:27:55,772 - prediction_service - INFO - Message reçu: 4h - 50 barres
2025-06-06 14:27:55,775 - prediction_service - INFO - Données historiques mises à jour pour 4h: 50 barres du 2025-05-21 15:00:00 au 2025-06-02 11:00:00
2025-06-06 14:27:55,775 - prediction_service - WARNING - Données insuffisantes pour les timeframes suivants (au moins 14 lignes requises) : 1d
2025-06-06 14:27:55,776 - prediction_service - INFO - Message reçu: 1d - 50 barres
2025-06-06 14:27:55,779 - prediction_service - INFO - Données historiques mises à jour pour 1d: 50 barres du 2025-03-23 23:00:00 au 2025-06-01 22:00:00
2025-06-06 14:27:55,788 - prediction_service - INFO - DEBUG - Entrées dans prepare_data_for_prediction:
2025-06-06 14:27:55,788 - prediction_service - INFO -   5min: 49 lignes
2025-06-06 14:27:55,788 - prediction_service - INFO -   1h: 50 lignes
2025-06-06 14:27:55,788 - prediction_service - INFO -   4h: 50 lignes
2025-06-06 14:27:55,788 - prediction_service - INFO -   1d: 50 lignes
2025-06-06 14:27:56,847 - prediction_service - INFO - DEBUG - Après create_parquet: 30 lignes
2025-06-06 14:27:56,847 - prediction_service - INFO - DEBUG - Features disponibles: []
2025-06-06 14:27:56,848 - prediction_service - INFO - DEBUG - Colonnes non-numériques détectées: ['doji_type_4h', 'pattern_type_4h', 'doji_type_1d', 'pattern_type_1d']
2025-06-06 14:27:56,852 - prediction_service - INFO - DEBUG - Colonnes finales: ['Open_1h', 'High_1h', 'Low_1h', 'Close_1h', 'Volume_1h', 'Volume_SMA', 'OBV_std', 'OBV_norm_std', 'OBV_SMA_10', 'OBV_EMA_10', 'OBV_WMA_10', 'OBV_SMA_20', 'OBV_EMA_20', 'OBV_WMA_20', 'OBV_SMA_50', 'OBV_EMA_50', 'OBV_WMA_50', 'OBV_Bullish_Div_10', 'OBV_Bearish_Div_10', 'OBV_Bullish_Div_20', 'OBV_Bearish_Div_20', 'OBV_Bullish_Div_50', 'OBV_Bearish_Div_50', 'VWAP_10', 'Open_4h', 'High_4h', 'Low_4h', 'Close_4h', 'Volume_4h', 'candle_range_4h', 'corps_candle_4h', 'meche_haute_4h', 'meche_basse_4h', 'candle_trend_4h', 'doji_4h', 'doji_strength_4h', 'perfect_doji_4h', 'upper_wick_4h', 'lower_wick_4h', 'ratio_corps_4h', 'doji_invalid_4h', 'bullish_engulfing_4h', 'bearish_engulfing_4h', 'engulfing_strength_4h', 'corps_candle_prev_4h', 'corps_sum_4h', 'Volume_SMA_5_4h', 'Volume_SMA_10_4h', 'Volume_SMA_20_4h', 'Volume_Ratio_SMA5_4h', 'Volume_Ratio_SMA10_4h', 'Volume_Ratio_SMA20_4h', 'Volume_Change_1_4h', 'Volume_Change_5_4h', 'PV_Ratio_4h', 'PV_Change_4h', 'OBV_4h', 'Volume_SMA_4h', 'OBV_normalized_4h', 'OBV_norm_minmax_4h', 'OBV_std_4h', 'OBV_norm_std_4h', 'OBV_SMA_10_4h', 'OBV_EMA_10_4h', 'OBV_WMA_10_4h', 'OBV_SMA_20_4h', 'OBV_EMA_20_4h', 'OBV_WMA_20_4h', 'OBV_SMA_50_4h', 'OBV_EMA_50_4h', 'OBV_WMA_50_4h', 'OBV_Trend_short_4h', 'OBV_Trend_medium_4h', 'OBV_Trend_long_4h', 'OBV_Bullish_Div_10_4h', 'OBV_Bearish_Div_10_4h', 'OBV_Bullish_Div_20_4h', 'OBV_Bearish_Div_20_4h', 'OBV_Bullish_Div_50_4h', 'OBV_Bearish_Div_50_4h', 'MFV_4h', 'ADL_4h', 'ADL_norm_4h', 'ADL_SMA5_4h', 'ADL_SMA15_4h', 'ADL_SMA30_4h', 'ADL_Trend_4h', 'Price_Trend_4h', 'ADL_Divergence_4h', 'MFM_4h', 'CMF_20_4h', 'PVT_change_4h', 'PVT_4h', 'PVT_norm_4h', 'PVT_SMA10_4h', 'PVT_SMA30_4h', 'PVT_signal_4h', 'PVT_cross_4h', 'PVT_cross_signal_4h', 'PVT_delta5_4h', 'CCI_5_4h', 'CCI_10_4h', 'CCI_15_4h', 'Volume_Oscillator_4h', 'VWAP_4h', 'VWMA_10_4h', 'VWMA_20_4h', 'Force_Index_1_4h', 'Force_Index_13_4h', 'Typical_Price_4h', 'Raw_Money_Flow_4h', 'Typical_Price_Prev_4h', 'Money_Flow_Positive_4h', 'Money_Flow_Negative_4h', 'MFI_14_4h', 'Vol_Weighted_Up_4h', 'Vol_Weighted_Down_4h', 'Vol_Weighted_Up_Avg_4h', 'Vol_Weighted_Down_Avg_4h', 'Vol_Weighted_RSI_4h', 'VWAP_10_4h', 'Open_1d', 'High_1d', 'Low_1d', 'Close_1d', 'Volume_1d', 'candle_range_1d', 'corps_candle_1d', 'meche_haute_1d', 'meche_basse_1d', 'candle_trend_1d', 'doji_1d', 'doji_strength_1d', 'perfect_doji_1d', 'upper_wick_1d', 'lower_wick_1d', 'ratio_corps_1d', 'doji_invalid_1d', 'bullish_engulfing_1d', 'bearish_engulfing_1d', 'engulfing_strength_1d', 'corps_candle_prev_1d', 'corps_sum_1d', 'Volume_SMA_5_1d', 'Volume_SMA_10_1d', 'Volume_SMA_20_1d', 'Volume_Ratio_SMA5_1d', 'Volume_Ratio_SMA10_1d', 'Volume_Ratio_SMA20_1d', 'Volume_Change_1_1d', 'Volume_Change_5_1d', 'PV_Ratio_1d', 'PV_Change_1d', 'OBV_1d', 'Volume_SMA_1d', 'OBV_normalized_1d', 'OBV_norm_minmax_1d', 'OBV_std_1d', 'OBV_norm_std_1d', 'OBV_SMA_10_1d', 'OBV_EMA_10_1d', 'OBV_WMA_10_1d', 'OBV_SMA_20_1d', 'OBV_EMA_20_1d', 'OBV_WMA_20_1d', 'OBV_SMA_50_1d', 'OBV_EMA_50_1d', 'OBV_WMA_50_1d', 'OBV_Trend_short_1d', 'OBV_Trend_medium_1d', 'OBV_Trend_long_1d', 'OBV_Bullish_Div_10_1d', 'OBV_Bearish_Div_10_1d', 'OBV_Bullish_Div_20_1d', 'OBV_Bearish_Div_20_1d', 'OBV_Bullish_Div_50_1d', 'OBV_Bearish_Div_50_1d', 'MFV_1d', 'ADL_1d', 'ADL_norm_1d', 'ADL_SMA5_1d', 'ADL_SMA15_1d', 'ADL_SMA30_1d', 'ADL_Trend_1d', 'Price_Trend_1d', 'ADL_Divergence_1d', 'MFM_1d', 'CMF_20_1d', 'PVT_change_1d', 'PVT_1d', 'PVT_norm_1d', 'PVT_SMA10_1d', 'PVT_SMA30_1d', 'PVT_signal_1d', 'PVT_cross_1d', 'PVT_cross_signal_1d', 'PVT_delta5_1d', 'CCI_5_1d', 'CCI_10_1d', 'CCI_15_1d', 'Volume_Oscillator_1d', 'VWAP_1d', 'VWMA_10_1d', 'VWMA_20_1d', 'Force_Index_1_1d', 'Force_Index_13_1d', 'Typical_Price_1d', 'Raw_Money_Flow_1d', 'Typical_Price_Prev_1d', 'Money_Flow_Positive_1d', 'Money_Flow_Negative_1d', 'MFI_14_1d', 'Vol_Weighted_Up_1d', 'Vol_Weighted_Down_1d', 'Vol_Weighted_Up_Avg_1d', 'Vol_Weighted_Down_Avg_1d', 'Vol_Weighted_RSI_1d', 'VWAP_10_1d', 'Volume_SMA', 'OBV_std', 'OBV_norm_std', 'OBV_SMA_10', 'OBV_EMA_10', 'OBV_WMA_10', 'OBV_SMA_20', 'OBV_EMA_20', 'OBV_WMA_20', 'OBV_SMA_50', 'OBV_EMA_50', 'OBV_WMA_50', 'OBV_Bullish_Div_10', 'OBV_Bearish_Div_10', 'OBV_Bullish_Div_20', 'OBV_Bearish_Div_20', 'OBV_Bullish_Div_50', 'OBV_Bearish_Div_50', 'SuperTrend_Long', 'SuperTrend_Short', 'ADX', 'Williams_R', 'day_of_year', 'sin_day', 'cos_day', 'sin_hour', 'cos_hour', 'period_of_day', 'hourly_return', 'hourly_volatility', 'volatility_by_period', 'volatility_6h', 'volatility_12h', 'volatility_24h', 'volatility_period_0', 'volatility_period_1', 'volatility_period_2', 'volatility_period_3', 'volatility_morning', 'volatility_afternoon', 'volatility_evening', 'volatility_night', 'log_return_5m', 'log_return_1h', 'momentum_1h', 'log_return_4h', 'momentum_4h', 'log_return_1d', 'momentum_1d', 'momentum_5m']
2025-06-06 14:27:56,853 - prediction_service - INFO - DEBUG - Types de données: [dtype('float64') dtype('int64') dtype('int32')]
2025-06-06 14:27:56,853 - prediction_service - INFO - DEBUG - Colonnes finales: ['Open_1h', 'High_1h', 'Low_1h', 'Close_1h', 'Volume_1h', 'Volume_SMA', 'OBV_std', 'OBV_norm_std', 'OBV_SMA_10', 'OBV_EMA_10', 'OBV_WMA_10', 'OBV_SMA_20', 'OBV_EMA_20', 'OBV_WMA_20', 'OBV_SMA_50', 'OBV_EMA_50', 'OBV_WMA_50', 'OBV_Bullish_Div_10', 'OBV_Bearish_Div_10', 'OBV_Bullish_Div_20', 'OBV_Bearish_Div_20', 'OBV_Bullish_Div_50', 'OBV_Bearish_Div_50', 'VWAP_10', 'Open_4h', 'High_4h', 'Low_4h', 'Close_4h', 'Volume_4h', 'candle_range_4h', 'corps_candle_4h', 'meche_haute_4h', 'meche_basse_4h', 'candle_trend_4h', 'doji_4h', 'doji_strength_4h', 'perfect_doji_4h', 'upper_wick_4h', 'lower_wick_4h', 'ratio_corps_4h', 'doji_invalid_4h', 'bullish_engulfing_4h', 'bearish_engulfing_4h', 'engulfing_strength_4h', 'corps_candle_prev_4h', 'corps_sum_4h', 'Volume_SMA_5_4h', 'Volume_SMA_10_4h', 'Volume_SMA_20_4h', 'Volume_Ratio_SMA5_4h', 'Volume_Ratio_SMA10_4h', 'Volume_Ratio_SMA20_4h', 'Volume_Change_1_4h', 'Volume_Change_5_4h', 'PV_Ratio_4h', 'PV_Change_4h', 'OBV_4h', 'Volume_SMA_4h', 'OBV_normalized_4h', 'OBV_norm_minmax_4h', 'OBV_std_4h', 'OBV_norm_std_4h', 'OBV_SMA_10_4h', 'OBV_EMA_10_4h', 'OBV_WMA_10_4h', 'OBV_SMA_20_4h', 'OBV_EMA_20_4h', 'OBV_WMA_20_4h', 'OBV_SMA_50_4h', 'OBV_EMA_50_4h', 'OBV_WMA_50_4h', 'OBV_Trend_short_4h', 'OBV_Trend_medium_4h', 'OBV_Trend_long_4h', 'OBV_Bullish_Div_10_4h', 'OBV_Bearish_Div_10_4h', 'OBV_Bullish_Div_20_4h', 'OBV_Bearish_Div_20_4h', 'OBV_Bullish_Div_50_4h', 'OBV_Bearish_Div_50_4h', 'MFV_4h', 'ADL_4h', 'ADL_norm_4h', 'ADL_SMA5_4h', 'ADL_SMA15_4h', 'ADL_SMA30_4h', 'ADL_Trend_4h', 'Price_Trend_4h', 'ADL_Divergence_4h', 'MFM_4h', 'CMF_20_4h', 'PVT_change_4h', 'PVT_4h', 'PVT_norm_4h', 'PVT_SMA10_4h', 'PVT_SMA30_4h', 'PVT_signal_4h', 'PVT_cross_4h', 'PVT_cross_signal_4h', 'PVT_delta5_4h', 'CCI_5_4h', 'CCI_10_4h', 'CCI_15_4h', 'Volume_Oscillator_4h', 'VWAP_4h', 'VWMA_10_4h', 'VWMA_20_4h', 'Force_Index_1_4h', 'Force_Index_13_4h', 'Typical_Price_4h', 'Raw_Money_Flow_4h', 'Typical_Price_Prev_4h', 'Money_Flow_Positive_4h', 'Money_Flow_Negative_4h', 'MFI_14_4h', 'Vol_Weighted_Up_4h', 'Vol_Weighted_Down_4h', 'Vol_Weighted_Up_Avg_4h', 'Vol_Weighted_Down_Avg_4h', 'Vol_Weighted_RSI_4h', 'VWAP_10_4h', 'Open_1d', 'High_1d', 'Low_1d', 'Close_1d', 'Volume_1d', 'candle_range_1d', 'corps_candle_1d', 'meche_haute_1d', 'meche_basse_1d', 'candle_trend_1d', 'doji_1d', 'doji_strength_1d', 'perfect_doji_1d', 'upper_wick_1d', 'lower_wick_1d', 'ratio_corps_1d', 'doji_invalid_1d', 'bullish_engulfing_1d', 'bearish_engulfing_1d', 'engulfing_strength_1d', 'corps_candle_prev_1d', 'corps_sum_1d', 'Volume_SMA_5_1d', 'Volume_SMA_10_1d', 'Volume_SMA_20_1d', 'Volume_Ratio_SMA5_1d', 'Volume_Ratio_SMA10_1d', 'Volume_Ratio_SMA20_1d', 'Volume_Change_1_1d', 'Volume_Change_5_1d', 'PV_Ratio_1d', 'PV_Change_1d', 'OBV_1d', 'Volume_SMA_1d', 'OBV_normalized_1d', 'OBV_norm_minmax_1d', 'OBV_std_1d', 'OBV_norm_std_1d', 'OBV_SMA_10_1d', 'OBV_EMA_10_1d', 'OBV_WMA_10_1d', 'OBV_SMA_20_1d', 'OBV_EMA_20_1d', 'OBV_WMA_20_1d', 'OBV_SMA_50_1d', 'OBV_EMA_50_1d', 'OBV_WMA_50_1d', 'OBV_Trend_short_1d', 'OBV_Trend_medium_1d', 'OBV_Trend_long_1d', 'OBV_Bullish_Div_10_1d', 'OBV_Bearish_Div_10_1d', 'OBV_Bullish_Div_20_1d', 'OBV_Bearish_Div_20_1d', 'OBV_Bullish_Div_50_1d', 'OBV_Bearish_Div_50_1d', 'MFV_1d', 'ADL_1d', 'ADL_norm_1d', 'ADL_SMA5_1d', 'ADL_SMA15_1d', 'ADL_SMA30_1d', 'ADL_Trend_1d', 'Price_Trend_1d', 'ADL_Divergence_1d', 'MFM_1d', 'CMF_20_1d', 'PVT_change_1d', 'PVT_1d', 'PVT_norm_1d', 'PVT_SMA10_1d', 'PVT_SMA30_1d', 'PVT_signal_1d', 'PVT_cross_1d', 'PVT_cross_signal_1d', 'PVT_delta5_1d', 'CCI_5_1d', 'CCI_10_1d', 'CCI_15_1d', 'Volume_Oscillator_1d', 'VWAP_1d', 'VWMA_10_1d', 'VWMA_20_1d', 'Force_Index_1_1d', 'Force_Index_13_1d', 'Typical_Price_1d', 'Raw_Money_Flow_1d', 'Typical_Price_Prev_1d', 'Money_Flow_Positive_1d', 'Money_Flow_Negative_1d', 'MFI_14_1d', 'Vol_Weighted_Up_1d', 'Vol_Weighted_Down_1d', 'Vol_Weighted_Up_Avg_1d', 'Vol_Weighted_Down_Avg_1d', 'Vol_Weighted_RSI_1d', 'VWAP_10_1d', 'Volume_SMA', 'OBV_std', 'OBV_norm_std', 'OBV_SMA_10', 'OBV_EMA_10', 'OBV_WMA_10', 'OBV_SMA_20', 'OBV_EMA_20', 'OBV_WMA_20', 'OBV_SMA_50', 'OBV_EMA_50', 'OBV_WMA_50', 'OBV_Bullish_Div_10', 'OBV_Bearish_Div_10', 'OBV_Bullish_Div_20', 'OBV_Bearish_Div_20', 'OBV_Bullish_Div_50', 'OBV_Bearish_Div_50', 'SuperTrend_Long', 'SuperTrend_Short', 'ADX', 'Williams_R', 'day_of_year', 'sin_day', 'cos_day', 'sin_hour', 'cos_hour', 'period_of_day', 'hourly_return', 'hourly_volatility', 'volatility_by_period', 'volatility_6h', 'volatility_12h', 'volatility_24h', 'volatility_period_0', 'volatility_period_1', 'volatility_period_2', 'volatility_period_3', 'volatility_morning', 'volatility_afternoon', 'volatility_evening', 'volatility_night', 'log_return_5m', 'log_return_1h', 'momentum_1h', 'log_return_4h', 'momentum_4h', 'log_return_1d', 'momentum_1d', 'momentum_5m']
2025-06-06 14:27:56,853 - prediction_service - INFO - DEBUG - Statistiques descriptives des colonnes:
2025-06-06 14:27:57,371 - prediction_service - INFO - 
               count          mean           std           min           25%           50%           75%           max
Open_1h         30.0   6480.280000  1.908266e+01   6459.600000   6459.600000   6486.600000   6486.600000   6509.000000
High_1h         30.0   6501.840000  1.191341e+01   6487.500000   6487.500000   6511.100000   6511.100000   6512.000000
Low_1h          30.0   6462.680000  2.036045e+01   6441.000000   6441.000000   6468.600000   6468.600000   6494.200000
Close_1h        30.0   6498.780000  1.055221e+01   6486.500000   6486.500000   6502.100000   6509.400000   6509.400000
Volume_1h       30.0  24238.400000  5.730645e+03  13086.000000  26124.000000  26124.000000  27929.000000  27929.000000
...              ...           ...           ...           ...           ...           ...           ...           ...
log_return_4h   30.0      0.012627  2.731500e-03      0.007255      0.013969      0.013969      0.013969      0.013969
momentum_4h     30.0     81.720000  1.745335e+01     47.400000     90.300000     90.300000     90.300000     90.300000
log_return_1d   30.0      0.045588  7.057516e-18      0.045588      0.045588      0.045588      0.045588      0.045588
momentum_1d     30.0    292.200000  5.781517e-14    292.200000    292.200000    292.200000    292.200000    292.200000
momentum_5m     30.0      1.313333  6.113452e+00     -9.800000     -1.825000      0.950000      3.675000     17.800000

[268 rows x 8 columns]
2025-06-06 14:27:57,372 - prediction_service - INFO - Séquences conservées pour la prédiction (shape=(16, 268)): [[ 6.48660000e+03  6.51110000e+03  6.46860000e+03 ...  4.55879395e-02
   2.92200000e+02 -9.80000000e+00]
 [ 6.48660000e+03  6.51110000e+03  6.46860000e+03 ...  4.55879395e-02
   2.92200000e+02 -3.10000000e+00]
 [ 6.48660000e+03  6.51110000e+03  6.46860000e+03 ...  4.55879395e-02
   2.92200000e+02  2.10000000e+00]
 ...
 [ 6.50900000e+03  6.51200000e+03  6.49420000e+03 ...  4.55879395e-02
   2.92200000e+02 -2.90000000e+00]
 [ 6.50900000e+03  6.51200000e+03  6.49420000e+03 ...  4.55879395e-02
   2.92200000e+02  1.10000000e+00]
 [ 6.50900000e+03  6.51200000e+03  6.49420000e+03 ...  4.55879395e-02
   2.92200000e+02  0.00000000e+00]]
2025-06-06 14:27:57,533 - prediction_service - INFO - DEBUG - Analyse NaN détaillée: {}
2025-06-06 14:27:57,533 - prediction_service - INFO - DEBUG - Analyse valeurs infinies détaillée: {}
2025-06-06 14:27:57,533 - prediction_service - INFO - Normalisation des données avec StandardScaler (shape=(1, 16, 268))
2025-06-06 14:27:57,534 - prediction_service - INFO - prepare prediction data done: make prediction
2025-06-06 14:27:57,596 - prediction_service - ERROR - Erreur: Exception encountered when calling LSTMCell.call().

[1mDimensions must be equal, but are 268 and 158 for '{{node sequential_1/lstm_1/lstm_cell_1/MatMul}} = MatMul[T=DT_FLOAT, grad_a=false, grad_b=false, transpose_a=false, transpose_b=false](sequential_1/lstm_1/strided_slice_1, sequential_1/lstm_1/lstm_cell_1/Cast/ReadVariableOp)' with input shapes: [1,268], [158,200].[0m

Arguments received by LSTMCell.call():
  • inputs=tf.Tensor(shape=(1, 268), dtype=float32)
  • states=('tf.Tensor(shape=(1, 50), dtype=float32)', 'tf.Tensor(shape=(1, 50), dtype=float32)')
  • training=False
Traceback (most recent call last):
  File "/home/parrochia/go/src/github.com/trading-prediction-with-machine-learning/./src/prediction_service.py", line 183, in handle_websocket
    prediction = make_prediction(model, x)
  File "/home/parrochia/go/src/github.com/trading-prediction-with-machine-learning/./src/prediction_service.py", line 279, in make_prediction
    y_proba = model.predict(x)
  File "/home/parrochia/.local/lib/python3.10/site-packages/keras/src/utils/traceback_utils.py", line 122, in error_handler
    raise e.with_traceback(filtered_tb) from None
  File "/home/parrochia/.local/lib/python3.10/site-packages/keras/src/utils/traceback_utils.py", line 122, in error_handler
    raise e.with_traceback(filtered_tb) from None
ValueError: Exception encountered when calling LSTMCell.call().

[1mDimensions must be equal, but are 268 and 158 for '{{node sequential_1/lstm_1/lstm_cell_1/MatMul}} = MatMul[T=DT_FLOAT, grad_a=false, grad_b=false, transpose_a=false, transpose_b=false](sequential_1/lstm_1/strided_slice_1, sequential_1/lstm_1/lstm_cell_1/Cast/ReadVariableOp)' with input shapes: [1,268], [158,200].[0m

Arguments received by LSTMCell.call():
  • inputs=tf.Tensor(shape=(1, 268), dtype=float32)
  • states=('tf.Tensor(shape=(1, 50), dtype=float32)', 'tf.Tensor(shape=(1, 50), dtype=float32)')
  • training=False
2025-06-06 14:28:45,324 - websockets.server - INFO - server closing
2025-06-06 14:28:45,324 - websockets.server - INFO - server closed
2025-06-06 16:15:12,827 - absl - WARNING - Compiled the loaded model, but the compiled metrics have yet to be built. `model.compile_metrics` will be empty until you train or evaluate the model.
2025-06-06 16:15:13,558 - prediction_service - INFO - Modèle existant compatible avec 158 features
2025-06-06 16:15:13,559 - prediction_service - INFO - Démarrage du serveur WebSocket sur 0.0.0.0:8765
2025-06-06 16:15:13,583 - websockets.server - INFO - server listening on 0.0.0.0:8765
2025-06-06 16:16:44,409 - websockets.server - INFO - server closing
2025-06-06 16:16:44,410 - websockets.server - INFO - server closed
2025-06-06 16:25:26,608 - absl - WARNING - Compiled the loaded model, but the compiled metrics have yet to be built. `model.compile_metrics` will be empty until you train or evaluate the model.
2025-06-06 16:25:27,380 - prediction_service - INFO - Modèle existant compatible avec 158 features
2025-06-06 16:25:27,380 - prediction_service - INFO - Démarrage du serveur WebSocket sur 0.0.0.0:8765
2025-06-06 16:25:27,399 - websockets.server - INFO - server listening on 0.0.0.0:8765
2025-06-06 16:25:31,021 - websockets.server - INFO - connection open
2025-06-06 16:25:31,022 - prediction_service - INFO - Nouvelle connexion WebSocket: ('127.0.0.1', 36570)
2025-06-06 16:25:31,116 - absl - WARNING - Compiled the loaded model, but the compiled metrics have yet to be built. `model.compile_metrics` will be empty until you train or evaluate the model.
2025-06-06 16:25:31,118 - prediction_service - INFO - Modèle chargé depuis ./model/best_model.h5
2025-06-06 16:25:31,764 - prediction_service - INFO - Message reçu: 5min - 50 barres
2025-06-06 16:25:31,768 - prediction_service - INFO - Données historiques mises à jour pour 5min: 50 barres du 2025-06-02 07:20:00 au 2025-06-02 11:25:00
2025-06-06 16:25:31,768 - prediction_service - WARNING - Données insuffisantes pour les timeframes suivants (au moins 14 lignes requises) : 1h, 4h, 1d
2025-06-06 16:25:31,768 - prediction_service - INFO - Message reçu: 1h - 50 barres
2025-06-06 16:25:31,770 - prediction_service - INFO - Données historiques mises à jour pour 1h: 50 barres du 2025-05-29 09:00:00 au 2025-06-02 13:00:00
2025-06-06 16:25:31,770 - prediction_service - WARNING - Données insuffisantes pour les timeframes suivants (au moins 14 lignes requises) : 4h, 1d
2025-06-06 16:25:31,771 - prediction_service - INFO - Message reçu: 4h - 50 barres
2025-06-06 16:25:31,773 - prediction_service - INFO - Données historiques mises à jour pour 4h: 50 barres du 2025-05-21 15:00:00 au 2025-06-02 11:00:00
2025-06-06 16:25:31,773 - prediction_service - WARNING - Données insuffisantes pour les timeframes suivants (au moins 14 lignes requises) : 1d
2025-06-06 16:25:31,774 - prediction_service - INFO - Message reçu: 1d - 50 barres
2025-06-06 16:25:31,776 - prediction_service - INFO - Données historiques mises à jour pour 1d: 50 barres du 2025-03-23 23:00:00 au 2025-06-01 22:00:00
2025-06-06 16:25:31,785 - prediction_service - INFO - DEBUG - Entrées dans prepare_data_for_prediction:
2025-06-06 16:25:31,785 - prediction_service - INFO -   5min: 49 lignes
2025-06-06 16:25:31,786 - prediction_service - INFO -   1h: 50 lignes
2025-06-06 16:25:31,786 - prediction_service - INFO -   4h: 50 lignes
2025-06-06 16:25:31,786 - prediction_service - INFO -   1d: 50 lignes
2025-06-06 16:25:32,268 - prediction_service - INFO - DEBUG - Après create_parquet: 30 lignes
2025-06-06 16:25:32,268 - prediction_service - INFO - DEBUG - Features disponibles: []
2025-06-06 16:25:32,268 - prediction_service - INFO - DEBUG - Colonnes non-numériques détectées: ['doji_type_4h', 'pattern_type_4h', 'doji_type_1d', 'pattern_type_1d']
2025-06-06 16:25:32,269 - prediction_service - INFO - DEBUG - Colonnes finales: ['Open_1h', 'High_1h', 'Low_1h', 'Close_1h', 'Volume_1h', 'Volume_SMA', 'OBV_std', 'OBV_norm_std', 'OBV_SMA_10', 'OBV_EMA_10', 'OBV_WMA_10', 'OBV_SMA_20', 'OBV_EMA_20', 'OBV_WMA_20', 'OBV_SMA_50', 'OBV_EMA_50', 'OBV_WMA_50', 'OBV_Bullish_Div_10', 'OBV_Bearish_Div_10', 'OBV_Bullish_Div_20', 'OBV_Bearish_Div_20', 'OBV_Bullish_Div_50', 'OBV_Bearish_Div_50', 'VWAP_10', 'Open_4h', 'High_4h', 'Low_4h', 'Close_4h', 'Volume_4h', 'candle_range_4h', 'corps_candle_4h', 'meche_haute_4h', 'meche_basse_4h', 'candle_trend_4h', 'doji_4h', 'doji_strength_4h', 'perfect_doji_4h', 'upper_wick_4h', 'lower_wick_4h', 'ratio_corps_4h', 'doji_invalid_4h', 'bullish_engulfing_4h', 'bearish_engulfing_4h', 'engulfing_strength_4h', 'corps_candle_prev_4h', 'corps_sum_4h', 'Volume_SMA_5_4h', 'Volume_SMA_10_4h', 'Volume_SMA_20_4h', 'Volume_Ratio_SMA5_4h', 'Volume_Ratio_SMA10_4h', 'Volume_Ratio_SMA20_4h', 'Volume_Change_1_4h', 'Volume_Change_5_4h', 'PV_Ratio_4h', 'PV_Change_4h', 'OBV_4h', 'Volume_SMA_4h', 'OBV_normalized_4h', 'OBV_norm_minmax_4h', 'OBV_std_4h', 'OBV_norm_std_4h', 'OBV_SMA_10_4h', 'OBV_EMA_10_4h', 'OBV_WMA_10_4h', 'OBV_SMA_20_4h', 'OBV_EMA_20_4h', 'OBV_WMA_20_4h', 'OBV_SMA_50_4h', 'OBV_EMA_50_4h', 'OBV_WMA_50_4h', 'OBV_Trend_short_4h', 'OBV_Trend_medium_4h', 'OBV_Trend_long_4h', 'OBV_Bullish_Div_10_4h', 'OBV_Bearish_Div_10_4h', 'OBV_Bullish_Div_20_4h', 'OBV_Bearish_Div_20_4h', 'OBV_Bullish_Div_50_4h', 'OBV_Bearish_Div_50_4h', 'MFV_4h', 'ADL_4h', 'ADL_norm_4h', 'ADL_SMA5_4h', 'ADL_SMA15_4h', 'ADL_SMA30_4h', 'ADL_Trend_4h', 'Price_Trend_4h', 'ADL_Divergence_4h', 'MFM_4h', 'CMF_20_4h', 'PVT_change_4h', 'PVT_4h', 'PVT_norm_4h', 'PVT_SMA10_4h', 'PVT_SMA30_4h', 'PVT_signal_4h', 'PVT_cross_4h', 'PVT_cross_signal_4h', 'PVT_delta5_4h', 'CCI_5_4h', 'CCI_10_4h', 'CCI_15_4h', 'Volume_Oscillator_4h', 'VWAP_4h', 'VWMA_10_4h', 'VWMA_20_4h', 'Force_Index_1_4h', 'Force_Index_13_4h', 'Typical_Price_4h', 'Raw_Money_Flow_4h', 'Typical_Price_Prev_4h', 'Money_Flow_Positive_4h', 'Money_Flow_Negative_4h', 'MFI_14_4h', 'Vol_Weighted_Up_4h', 'Vol_Weighted_Down_4h', 'Vol_Weighted_Up_Avg_4h', 'Vol_Weighted_Down_Avg_4h', 'Vol_Weighted_RSI_4h', 'VWAP_10_4h', 'Open_1d', 'High_1d', 'Low_1d', 'Close_1d', 'Volume_1d', 'candle_range_1d', 'corps_candle_1d', 'meche_haute_1d', 'meche_basse_1d', 'candle_trend_1d', 'doji_1d', 'doji_strength_1d', 'perfect_doji_1d', 'upper_wick_1d', 'lower_wick_1d', 'ratio_corps_1d', 'doji_invalid_1d', 'bullish_engulfing_1d', 'bearish_engulfing_1d', 'engulfing_strength_1d', 'corps_candle_prev_1d', 'corps_sum_1d', 'Volume_SMA_5_1d', 'Volume_SMA_10_1d', 'Volume_SMA_20_1d', 'Volume_Ratio_SMA5_1d', 'Volume_Ratio_SMA10_1d', 'Volume_Ratio_SMA20_1d', 'Volume_Change_1_1d', 'Volume_Change_5_1d', 'PV_Ratio_1d', 'PV_Change_1d', 'OBV_1d', 'Volume_SMA_1d', 'OBV_normalized_1d', 'OBV_norm_minmax_1d', 'OBV_std_1d', 'OBV_norm_std_1d', 'OBV_SMA_10_1d', 'OBV_EMA_10_1d', 'OBV_WMA_10_1d', 'OBV_SMA_20_1d', 'OBV_EMA_20_1d', 'OBV_WMA_20_1d', 'OBV_SMA_50_1d', 'OBV_EMA_50_1d', 'OBV_WMA_50_1d', 'OBV_Trend_short_1d', 'OBV_Trend_medium_1d', 'OBV_Trend_long_1d', 'OBV_Bullish_Div_10_1d', 'OBV_Bearish_Div_10_1d', 'OBV_Bullish_Div_20_1d', 'OBV_Bearish_Div_20_1d', 'OBV_Bullish_Div_50_1d', 'OBV_Bearish_Div_50_1d', 'MFV_1d', 'ADL_1d', 'ADL_norm_1d', 'ADL_SMA5_1d', 'ADL_SMA15_1d', 'ADL_SMA30_1d', 'ADL_Trend_1d', 'Price_Trend_1d', 'ADL_Divergence_1d', 'MFM_1d', 'CMF_20_1d', 'PVT_change_1d', 'PVT_1d', 'PVT_norm_1d', 'PVT_SMA10_1d', 'PVT_SMA30_1d', 'PVT_signal_1d', 'PVT_cross_1d', 'PVT_cross_signal_1d', 'PVT_delta5_1d', 'CCI_5_1d', 'CCI_10_1d', 'CCI_15_1d', 'Volume_Oscillator_1d', 'VWAP_1d', 'VWMA_10_1d', 'VWMA_20_1d', 'Force_Index_1_1d', 'Force_Index_13_1d', 'Typical_Price_1d', 'Raw_Money_Flow_1d', 'Typical_Price_Prev_1d', 'Money_Flow_Positive_1d', 'Money_Flow_Negative_1d', 'MFI_14_1d', 'Vol_Weighted_Up_1d', 'Vol_Weighted_Down_1d', 'Vol_Weighted_Up_Avg_1d', 'Vol_Weighted_Down_Avg_1d', 'Vol_Weighted_RSI_1d', 'VWAP_10_1d', 'Volume_SMA', 'OBV_std', 'OBV_norm_std', 'OBV_SMA_10', 'OBV_EMA_10', 'OBV_WMA_10', 'OBV_SMA_20', 'OBV_EMA_20', 'OBV_WMA_20', 'OBV_SMA_50', 'OBV_EMA_50', 'OBV_WMA_50', 'OBV_Bullish_Div_10', 'OBV_Bearish_Div_10', 'OBV_Bullish_Div_20', 'OBV_Bearish_Div_20', 'OBV_Bullish_Div_50', 'OBV_Bearish_Div_50', 'SuperTrend_Long', 'SuperTrend_Short', 'ADX', 'Williams_R', 'day_of_year', 'sin_day', 'cos_day', 'sin_hour', 'cos_hour', 'period_of_day', 'hourly_return', 'hourly_volatility', 'volatility_by_period', 'volatility_6h', 'volatility_12h', 'volatility_24h', 'volatility_period_0', 'volatility_period_1', 'volatility_period_2', 'volatility_period_3', 'volatility_morning', 'volatility_afternoon', 'volatility_evening', 'volatility_night', 'log_return_5m', 'log_return_1h', 'momentum_1h', 'log_return_4h', 'momentum_4h', 'log_return_1d', 'momentum_1d', 'momentum_5m']
2025-06-06 16:25:32,269 - prediction_service - INFO - DEBUG - Types de données: [dtype('float64') dtype('int64') dtype('int32')]
2025-06-06 16:25:32,270 - prediction_service - INFO - DEBUG - Colonnes finales: ['Open_1h', 'High_1h', 'Low_1h', 'Close_1h', 'Volume_1h', 'Volume_SMA', 'OBV_std', 'OBV_norm_std', 'OBV_SMA_10', 'OBV_EMA_10', 'OBV_WMA_10', 'OBV_SMA_20', 'OBV_EMA_20', 'OBV_WMA_20', 'OBV_SMA_50', 'OBV_EMA_50', 'OBV_WMA_50', 'OBV_Bullish_Div_10', 'OBV_Bearish_Div_10', 'OBV_Bullish_Div_20', 'OBV_Bearish_Div_20', 'OBV_Bullish_Div_50', 'OBV_Bearish_Div_50', 'VWAP_10', 'Open_4h', 'High_4h', 'Low_4h', 'Close_4h', 'Volume_4h', 'candle_range_4h', 'corps_candle_4h', 'meche_haute_4h', 'meche_basse_4h', 'candle_trend_4h', 'doji_4h', 'doji_strength_4h', 'perfect_doji_4h', 'upper_wick_4h', 'lower_wick_4h', 'ratio_corps_4h', 'doji_invalid_4h', 'bullish_engulfing_4h', 'bearish_engulfing_4h', 'engulfing_strength_4h', 'corps_candle_prev_4h', 'corps_sum_4h', 'Volume_SMA_5_4h', 'Volume_SMA_10_4h', 'Volume_SMA_20_4h', 'Volume_Ratio_SMA5_4h', 'Volume_Ratio_SMA10_4h', 'Volume_Ratio_SMA20_4h', 'Volume_Change_1_4h', 'Volume_Change_5_4h', 'PV_Ratio_4h', 'PV_Change_4h', 'OBV_4h', 'Volume_SMA_4h', 'OBV_normalized_4h', 'OBV_norm_minmax_4h', 'OBV_std_4h', 'OBV_norm_std_4h', 'OBV_SMA_10_4h', 'OBV_EMA_10_4h', 'OBV_WMA_10_4h', 'OBV_SMA_20_4h', 'OBV_EMA_20_4h', 'OBV_WMA_20_4h', 'OBV_SMA_50_4h', 'OBV_EMA_50_4h', 'OBV_WMA_50_4h', 'OBV_Trend_short_4h', 'OBV_Trend_medium_4h', 'OBV_Trend_long_4h', 'OBV_Bullish_Div_10_4h', 'OBV_Bearish_Div_10_4h', 'OBV_Bullish_Div_20_4h', 'OBV_Bearish_Div_20_4h', 'OBV_Bullish_Div_50_4h', 'OBV_Bearish_Div_50_4h', 'MFV_4h', 'ADL_4h', 'ADL_norm_4h', 'ADL_SMA5_4h', 'ADL_SMA15_4h', 'ADL_SMA30_4h', 'ADL_Trend_4h', 'Price_Trend_4h', 'ADL_Divergence_4h', 'MFM_4h', 'CMF_20_4h', 'PVT_change_4h', 'PVT_4h', 'PVT_norm_4h', 'PVT_SMA10_4h', 'PVT_SMA30_4h', 'PVT_signal_4h', 'PVT_cross_4h', 'PVT_cross_signal_4h', 'PVT_delta5_4h', 'CCI_5_4h', 'CCI_10_4h', 'CCI_15_4h', 'Volume_Oscillator_4h', 'VWAP_4h', 'VWMA_10_4h', 'VWMA_20_4h', 'Force_Index_1_4h', 'Force_Index_13_4h', 'Typical_Price_4h', 'Raw_Money_Flow_4h', 'Typical_Price_Prev_4h', 'Money_Flow_Positive_4h', 'Money_Flow_Negative_4h', 'MFI_14_4h', 'Vol_Weighted_Up_4h', 'Vol_Weighted_Down_4h', 'Vol_Weighted_Up_Avg_4h', 'Vol_Weighted_Down_Avg_4h', 'Vol_Weighted_RSI_4h', 'VWAP_10_4h', 'Open_1d', 'High_1d', 'Low_1d', 'Close_1d', 'Volume_1d', 'candle_range_1d', 'corps_candle_1d', 'meche_haute_1d', 'meche_basse_1d', 'candle_trend_1d', 'doji_1d', 'doji_strength_1d', 'perfect_doji_1d', 'upper_wick_1d', 'lower_wick_1d', 'ratio_corps_1d', 'doji_invalid_1d', 'bullish_engulfing_1d', 'bearish_engulfing_1d', 'engulfing_strength_1d', 'corps_candle_prev_1d', 'corps_sum_1d', 'Volume_SMA_5_1d', 'Volume_SMA_10_1d', 'Volume_SMA_20_1d', 'Volume_Ratio_SMA5_1d', 'Volume_Ratio_SMA10_1d', 'Volume_Ratio_SMA20_1d', 'Volume_Change_1_1d', 'Volume_Change_5_1d', 'PV_Ratio_1d', 'PV_Change_1d', 'OBV_1d', 'Volume_SMA_1d', 'OBV_normalized_1d', 'OBV_norm_minmax_1d', 'OBV_std_1d', 'OBV_norm_std_1d', 'OBV_SMA_10_1d', 'OBV_EMA_10_1d', 'OBV_WMA_10_1d', 'OBV_SMA_20_1d', 'OBV_EMA_20_1d', 'OBV_WMA_20_1d', 'OBV_SMA_50_1d', 'OBV_EMA_50_1d', 'OBV_WMA_50_1d', 'OBV_Trend_short_1d', 'OBV_Trend_medium_1d', 'OBV_Trend_long_1d', 'OBV_Bullish_Div_10_1d', 'OBV_Bearish_Div_10_1d', 'OBV_Bullish_Div_20_1d', 'OBV_Bearish_Div_20_1d', 'OBV_Bullish_Div_50_1d', 'OBV_Bearish_Div_50_1d', 'MFV_1d', 'ADL_1d', 'ADL_norm_1d', 'ADL_SMA5_1d', 'ADL_SMA15_1d', 'ADL_SMA30_1d', 'ADL_Trend_1d', 'Price_Trend_1d', 'ADL_Divergence_1d', 'MFM_1d', 'CMF_20_1d', 'PVT_change_1d', 'PVT_1d', 'PVT_norm_1d', 'PVT_SMA10_1d', 'PVT_SMA30_1d', 'PVT_signal_1d', 'PVT_cross_1d', 'PVT_cross_signal_1d', 'PVT_delta5_1d', 'CCI_5_1d', 'CCI_10_1d', 'CCI_15_1d', 'Volume_Oscillator_1d', 'VWAP_1d', 'VWMA_10_1d', 'VWMA_20_1d', 'Force_Index_1_1d', 'Force_Index_13_1d', 'Typical_Price_1d', 'Raw_Money_Flow_1d', 'Typical_Price_Prev_1d', 'Money_Flow_Positive_1d', 'Money_Flow_Negative_1d', 'MFI_14_1d', 'Vol_Weighted_Up_1d', 'Vol_Weighted_Down_1d', 'Vol_Weighted_Up_Avg_1d', 'Vol_Weighted_Down_Avg_1d', 'Vol_Weighted_RSI_1d', 'VWAP_10_1d', 'Volume_SMA', 'OBV_std', 'OBV_norm_std', 'OBV_SMA_10', 'OBV_EMA_10', 'OBV_WMA_10', 'OBV_SMA_20', 'OBV_EMA_20', 'OBV_WMA_20', 'OBV_SMA_50', 'OBV_EMA_50', 'OBV_WMA_50', 'OBV_Bullish_Div_10', 'OBV_Bearish_Div_10', 'OBV_Bullish_Div_20', 'OBV_Bearish_Div_20', 'OBV_Bullish_Div_50', 'OBV_Bearish_Div_50', 'SuperTrend_Long', 'SuperTrend_Short', 'ADX', 'Williams_R', 'day_of_year', 'sin_day', 'cos_day', 'sin_hour', 'cos_hour', 'period_of_day', 'hourly_return', 'hourly_volatility', 'volatility_by_period', 'volatility_6h', 'volatility_12h', 'volatility_24h', 'volatility_period_0', 'volatility_period_1', 'volatility_period_2', 'volatility_period_3', 'volatility_morning', 'volatility_afternoon', 'volatility_evening', 'volatility_night', 'log_return_5m', 'log_return_1h', 'momentum_1h', 'log_return_4h', 'momentum_4h', 'log_return_1d', 'momentum_1d', 'momentum_5m']
2025-06-06 16:25:32,270 - prediction_service - INFO - DEBUG - Statistiques descriptives des colonnes:
2025-06-06 16:25:32,439 - prediction_service - INFO - 
               count          mean           std           min           25%           50%           75%           max
Open_1h         30.0   6480.280000  1.908266e+01   6459.600000   6459.600000   6486.600000   6486.600000   6509.000000
High_1h         30.0   6501.840000  1.191341e+01   6487.500000   6487.500000   6511.100000   6511.100000   6512.000000
Low_1h          30.0   6462.680000  2.036045e+01   6441.000000   6441.000000   6468.600000   6468.600000   6494.200000
Close_1h        30.0   6498.780000  1.055221e+01   6486.500000   6486.500000   6502.100000   6509.400000   6509.400000
Volume_1h       30.0  24238.400000  5.730645e+03  13086.000000  26124.000000  26124.000000  27929.000000  27929.000000
...              ...           ...           ...           ...           ...           ...           ...           ...
log_return_4h   30.0      0.012627  2.731500e-03      0.007255      0.013969      0.013969      0.013969      0.013969
momentum_4h     30.0     81.720000  1.745335e+01     47.400000     90.300000     90.300000     90.300000     90.300000
log_return_1d   30.0      0.045588  7.057516e-18      0.045588      0.045588      0.045588      0.045588      0.045588
momentum_1d     30.0    292.200000  5.781517e-14    292.200000    292.200000    292.200000    292.200000    292.200000
momentum_5m     30.0      1.313333  6.113452e+00     -9.800000     -1.825000      0.950000      3.675000     17.800000

[268 rows x 8 columns]
2025-06-06 16:25:32,439 - prediction_service - INFO - Séquences conservées pour la prédiction (shape=(16, 268)): [[ 6.48660000e+03  6.51110000e+03  6.46860000e+03 ...  4.55879395e-02
   2.92200000e+02 -9.80000000e+00]
 [ 6.48660000e+03  6.51110000e+03  6.46860000e+03 ...  4.55879395e-02
   2.92200000e+02 -3.10000000e+00]
 [ 6.48660000e+03  6.51110000e+03  6.46860000e+03 ...  4.55879395e-02
   2.92200000e+02  2.10000000e+00]
 ...
 [ 6.50900000e+03  6.51200000e+03  6.49420000e+03 ...  4.55879395e-02
   2.92200000e+02 -2.90000000e+00]
 [ 6.50900000e+03  6.51200000e+03  6.49420000e+03 ...  4.55879395e-02
   2.92200000e+02  1.10000000e+00]
 [ 6.50900000e+03  6.51200000e+03  6.49420000e+03 ...  4.55879395e-02
   2.92200000e+02  0.00000000e+00]]
2025-06-06 16:25:32,494 - prediction_service - INFO - Données sauvegardées dans 'prediction_data.csv'
2025-06-06 16:25:32,512 - prediction_service - INFO - DEBUG - Analyse NaN détaillée: {}
2025-06-06 16:25:32,512 - prediction_service - INFO - DEBUG - Analyse valeurs infinies détaillée: {}
2025-06-06 16:25:32,512 - prediction_service - INFO - Normalisation des données avec StandardScaler (shape=(1, 16, 268))
2025-06-06 16:25:32,513 - prediction_service - INFO - prepare prediction data done: make prediction
2025-06-06 16:25:32,565 - prediction_service - ERROR - Erreur: Exception encountered when calling LSTMCell.call().

[1mDimensions must be equal, but are 268 and 158 for '{{node sequential_1/lstm_1/lstm_cell_1/MatMul}} = MatMul[T=DT_FLOAT, grad_a=false, grad_b=false, transpose_a=false, transpose_b=false](sequential_1/lstm_1/strided_slice_1, sequential_1/lstm_1/lstm_cell_1/Cast/ReadVariableOp)' with input shapes: [1,268], [158,200].[0m

Arguments received by LSTMCell.call():
  • inputs=tf.Tensor(shape=(1, 268), dtype=float32)
  • states=('tf.Tensor(shape=(1, 50), dtype=float32)', 'tf.Tensor(shape=(1, 50), dtype=float32)')
  • training=False
Traceback (most recent call last):
  File "/home/parrochia/go/src/github.com/trading-prediction-with-machine-learning/./src/prediction_service.py", line 183, in handle_websocket
    prediction = make_prediction(model, x)
  File "/home/parrochia/go/src/github.com/trading-prediction-with-machine-learning/./src/prediction_service.py", line 278, in make_prediction
    y_proba = model.predict(x)
  File "/home/parrochia/.local/lib/python3.10/site-packages/keras/src/utils/traceback_utils.py", line 122, in error_handler
    raise e.with_traceback(filtered_tb) from None
  File "/home/parrochia/.local/lib/python3.10/site-packages/keras/src/utils/traceback_utils.py", line 122, in error_handler
    raise e.with_traceback(filtered_tb) from None
ValueError: Exception encountered when calling LSTMCell.call().

[1mDimensions must be equal, but are 268 and 158 for '{{node sequential_1/lstm_1/lstm_cell_1/MatMul}} = MatMul[T=DT_FLOAT, grad_a=false, grad_b=false, transpose_a=false, transpose_b=false](sequential_1/lstm_1/strided_slice_1, sequential_1/lstm_1/lstm_cell_1/Cast/ReadVariableOp)' with input shapes: [1,268], [158,200].[0m

Arguments received by LSTMCell.call():
  • inputs=tf.Tensor(shape=(1, 268), dtype=float32)
  • states=('tf.Tensor(shape=(1, 50), dtype=float32)', 'tf.Tensor(shape=(1, 50), dtype=float32)')
  • training=False
2025-06-06 17:00:21,131 - websockets.server - INFO - server closing
2025-06-06 17:00:21,134 - websockets.server - INFO - server closed
2025-06-06 17:00:29,139 - absl - WARNING - Compiled the loaded model, but the compiled metrics have yet to be built. `model.compile_metrics` will be empty until you train or evaluate the model.
2025-06-06 17:00:29,636 - prediction_service - INFO - Modèle existant compatible avec 158 features
2025-06-06 17:00:29,636 - prediction_service - INFO - Démarrage du serveur WebSocket sur 0.0.0.0:8765
2025-06-06 17:00:29,648 - websockets.server - INFO - server listening on 0.0.0.0:8765
2025-06-06 17:00:31,061 - websockets.server - INFO - connection open
2025-06-06 17:00:31,062 - prediction_service - INFO - Nouvelle connexion WebSocket: ('127.0.0.1', 43766)
2025-06-06 17:00:31,106 - absl - WARNING - Compiled the loaded model, but the compiled metrics have yet to be built. `model.compile_metrics` will be empty until you train or evaluate the model.
2025-06-06 17:00:31,110 - prediction_service - INFO - Modèle chargé depuis ./model/best_model.h5
2025-06-06 17:00:32,095 - prediction_service - INFO - Message reçu: 5min - 50 barres
2025-06-06 17:00:32,103 - prediction_service - INFO - Données historiques mises à jour pour 5min: 50 barres du 2025-06-02 07:20:00 au 2025-06-02 11:25:00
2025-06-06 17:00:32,103 - prediction_service - WARNING - Données insuffisantes pour les timeframes suivants (au moins 14 lignes requises) : 1h, 4h, 1d
2025-06-06 17:00:32,104 - prediction_service - INFO - Message reçu: 1h - 50 barres
2025-06-06 17:00:32,107 - prediction_service - INFO - Données historiques mises à jour pour 1h: 50 barres du 2025-05-29 09:00:00 au 2025-06-02 13:00:00
2025-06-06 17:00:32,108 - prediction_service - WARNING - Données insuffisantes pour les timeframes suivants (au moins 14 lignes requises) : 4h, 1d
2025-06-06 17:00:32,108 - prediction_service - INFO - Message reçu: 4h - 50 barres
2025-06-06 17:00:32,111 - prediction_service - INFO - Données historiques mises à jour pour 4h: 50 barres du 2025-05-21 15:00:00 au 2025-06-02 11:00:00
2025-06-06 17:00:32,111 - prediction_service - WARNING - Données insuffisantes pour les timeframes suivants (au moins 14 lignes requises) : 1d
2025-06-06 17:00:32,112 - prediction_service - INFO - Message reçu: 1d - 50 barres
2025-06-06 17:00:32,115 - prediction_service - INFO - Données historiques mises à jour pour 1d: 50 barres du 2025-03-23 23:00:00 au 2025-06-01 22:00:00
2025-06-06 17:00:32,124 - prediction_service - INFO - DEBUG - Entrées dans prepare_data_for_prediction:
2025-06-06 17:00:32,125 - prediction_service - INFO -   5min: 49 lignes
2025-06-06 17:00:32,125 - prediction_service - INFO -   1h: 50 lignes
2025-06-06 17:00:32,125 - prediction_service - INFO -   4h: 50 lignes
2025-06-06 17:00:32,125 - prediction_service - INFO -   1d: 50 lignes
2025-06-06 17:00:33,048 - prediction_service - INFO - DEBUG - Après create_parquet: 30 lignes
2025-06-06 17:00:33,048 - prediction_service - INFO - DEBUG - Features disponibles: []
2025-06-06 17:00:33,048 - prediction_service - INFO - DEBUG - Colonnes non-numériques détectées: ['doji_type_4h', 'pattern_type_4h', 'doji_type_1d', 'pattern_type_1d']
2025-06-06 17:00:33,050 - prediction_service - INFO - DEBUG - Colonnes finales: ['Open_1h', 'High_1h', 'Low_1h', 'Close_1h', 'Volume_1h', 'Volume_SMA', 'OBV_std', 'OBV_norm_std', 'OBV_SMA_10', 'OBV_EMA_10', 'OBV_WMA_10', 'OBV_SMA_20', 'OBV_EMA_20', 'OBV_WMA_20', 'OBV_SMA_50', 'OBV_EMA_50', 'OBV_WMA_50', 'OBV_Bullish_Div_10', 'OBV_Bearish_Div_10', 'OBV_Bullish_Div_20', 'OBV_Bearish_Div_20', 'OBV_Bullish_Div_50', 'OBV_Bearish_Div_50', 'VWAP_10', 'Open_4h', 'High_4h', 'Low_4h', 'Close_4h', 'Volume_4h', 'candle_range_4h', 'corps_candle_4h', 'meche_haute_4h', 'meche_basse_4h', 'candle_trend_4h', 'doji_4h', 'doji_strength_4h', 'perfect_doji_4h', 'upper_wick_4h', 'lower_wick_4h', 'ratio_corps_4h', 'doji_invalid_4h', 'bullish_engulfing_4h', 'bearish_engulfing_4h', 'engulfing_strength_4h', 'corps_candle_prev_4h', 'corps_sum_4h', 'Volume_SMA_5_4h', 'Volume_SMA_10_4h', 'Volume_SMA_20_4h', 'Volume_Ratio_SMA5_4h', 'Volume_Ratio_SMA10_4h', 'Volume_Ratio_SMA20_4h', 'Volume_Change_1_4h', 'Volume_Change_5_4h', 'PV_Ratio_4h', 'PV_Change_4h', 'OBV_4h', 'Volume_SMA_4h', 'OBV_normalized_4h', 'OBV_norm_minmax_4h', 'OBV_std_4h', 'OBV_norm_std_4h', 'OBV_SMA_10_4h', 'OBV_EMA_10_4h', 'OBV_WMA_10_4h', 'OBV_SMA_20_4h', 'OBV_EMA_20_4h', 'OBV_WMA_20_4h', 'OBV_SMA_50_4h', 'OBV_EMA_50_4h', 'OBV_WMA_50_4h', 'OBV_Trend_short_4h', 'OBV_Trend_medium_4h', 'OBV_Trend_long_4h', 'OBV_Bullish_Div_10_4h', 'OBV_Bearish_Div_10_4h', 'OBV_Bullish_Div_20_4h', 'OBV_Bearish_Div_20_4h', 'OBV_Bullish_Div_50_4h', 'OBV_Bearish_Div_50_4h', 'MFV_4h', 'ADL_4h', 'ADL_norm_4h', 'ADL_SMA5_4h', 'ADL_SMA15_4h', 'ADL_SMA30_4h', 'ADL_Trend_4h', 'Price_Trend_4h', 'ADL_Divergence_4h', 'MFM_4h', 'CMF_20_4h', 'PVT_change_4h', 'PVT_4h', 'PVT_norm_4h', 'PVT_SMA10_4h', 'PVT_SMA30_4h', 'PVT_signal_4h', 'PVT_cross_4h', 'PVT_cross_signal_4h', 'PVT_delta5_4h', 'CCI_5_4h', 'CCI_10_4h', 'CCI_15_4h', 'Volume_Oscillator_4h', 'VWAP_4h', 'VWMA_10_4h', 'VWMA_20_4h', 'Force_Index_1_4h', 'Force_Index_13_4h', 'Typical_Price_4h', 'Raw_Money_Flow_4h', 'Typical_Price_Prev_4h', 'Money_Flow_Positive_4h', 'Money_Flow_Negative_4h', 'MFI_14_4h', 'Vol_Weighted_Up_4h', 'Vol_Weighted_Down_4h', 'Vol_Weighted_Up_Avg_4h', 'Vol_Weighted_Down_Avg_4h', 'Vol_Weighted_RSI_4h', 'VWAP_10_4h', 'Open_1d', 'High_1d', 'Low_1d', 'Close_1d', 'Volume_1d', 'candle_range_1d', 'corps_candle_1d', 'meche_haute_1d', 'meche_basse_1d', 'candle_trend_1d', 'doji_1d', 'doji_strength_1d', 'perfect_doji_1d', 'upper_wick_1d', 'lower_wick_1d', 'ratio_corps_1d', 'doji_invalid_1d', 'bullish_engulfing_1d', 'bearish_engulfing_1d', 'engulfing_strength_1d', 'corps_candle_prev_1d', 'corps_sum_1d', 'Volume_SMA_5_1d', 'Volume_SMA_10_1d', 'Volume_SMA_20_1d', 'Volume_Ratio_SMA5_1d', 'Volume_Ratio_SMA10_1d', 'Volume_Ratio_SMA20_1d', 'Volume_Change_1_1d', 'Volume_Change_5_1d', 'PV_Ratio_1d', 'PV_Change_1d', 'OBV_1d', 'Volume_SMA_1d', 'OBV_normalized_1d', 'OBV_norm_minmax_1d', 'OBV_std_1d', 'OBV_norm_std_1d', 'OBV_SMA_10_1d', 'OBV_EMA_10_1d', 'OBV_WMA_10_1d', 'OBV_SMA_20_1d', 'OBV_EMA_20_1d', 'OBV_WMA_20_1d', 'OBV_SMA_50_1d', 'OBV_EMA_50_1d', 'OBV_WMA_50_1d', 'OBV_Trend_short_1d', 'OBV_Trend_medium_1d', 'OBV_Trend_long_1d', 'OBV_Bullish_Div_10_1d', 'OBV_Bearish_Div_10_1d', 'OBV_Bullish_Div_20_1d', 'OBV_Bearish_Div_20_1d', 'OBV_Bullish_Div_50_1d', 'OBV_Bearish_Div_50_1d', 'MFV_1d', 'ADL_1d', 'ADL_norm_1d', 'ADL_SMA5_1d', 'ADL_SMA15_1d', 'ADL_SMA30_1d', 'ADL_Trend_1d', 'Price_Trend_1d', 'ADL_Divergence_1d', 'MFM_1d', 'CMF_20_1d', 'PVT_change_1d', 'PVT_1d', 'PVT_norm_1d', 'PVT_SMA10_1d', 'PVT_SMA30_1d', 'PVT_signal_1d', 'PVT_cross_1d', 'PVT_cross_signal_1d', 'PVT_delta5_1d', 'CCI_5_1d', 'CCI_10_1d', 'CCI_15_1d', 'Volume_Oscillator_1d', 'VWAP_1d', 'VWMA_10_1d', 'VWMA_20_1d', 'Force_Index_1_1d', 'Force_Index_13_1d', 'Typical_Price_1d', 'Raw_Money_Flow_1d', 'Typical_Price_Prev_1d', 'Money_Flow_Positive_1d', 'Money_Flow_Negative_1d', 'MFI_14_1d', 'Vol_Weighted_Up_1d', 'Vol_Weighted_Down_1d', 'Vol_Weighted_Up_Avg_1d', 'Vol_Weighted_Down_Avg_1d', 'Vol_Weighted_RSI_1d', 'VWAP_10_1d', 'Volume_SMA', 'OBV_std', 'OBV_norm_std', 'OBV_SMA_10', 'OBV_EMA_10', 'OBV_WMA_10', 'OBV_SMA_20', 'OBV_EMA_20', 'OBV_WMA_20', 'OBV_SMA_50', 'OBV_EMA_50', 'OBV_WMA_50', 'OBV_Bullish_Div_10', 'OBV_Bearish_Div_10', 'OBV_Bullish_Div_20', 'OBV_Bearish_Div_20', 'OBV_Bullish_Div_50', 'OBV_Bearish_Div_50', 'SuperTrend_Long', 'SuperTrend_Short', 'ADX', 'Williams_R', 'day_of_year', 'sin_day', 'cos_day', 'sin_hour', 'cos_hour', 'period_of_day', 'hourly_return', 'hourly_volatility', 'volatility_by_period', 'volatility_6h', 'volatility_12h', 'volatility_24h', 'volatility_period_0', 'volatility_period_1', 'volatility_period_2', 'volatility_period_3', 'volatility_morning', 'volatility_afternoon', 'volatility_evening', 'volatility_night', 'log_return_5m', 'log_return_1h', 'momentum_1h', 'log_return_4h', 'momentum_4h', 'log_return_1d', 'momentum_1d', 'momentum_5m']
2025-06-06 17:00:33,051 - prediction_service - INFO - DEBUG - Types de données: [dtype('float64') dtype('int64') dtype('int32')]
2025-06-06 17:00:33,051 - prediction_service - INFO - DEBUG - Colonnes finales: ['Open_1h', 'High_1h', 'Low_1h', 'Close_1h', 'Volume_1h', 'Volume_SMA', 'OBV_std', 'OBV_norm_std', 'OBV_SMA_10', 'OBV_EMA_10', 'OBV_WMA_10', 'OBV_SMA_20', 'OBV_EMA_20', 'OBV_WMA_20', 'OBV_SMA_50', 'OBV_EMA_50', 'OBV_WMA_50', 'OBV_Bullish_Div_10', 'OBV_Bearish_Div_10', 'OBV_Bullish_Div_20', 'OBV_Bearish_Div_20', 'OBV_Bullish_Div_50', 'OBV_Bearish_Div_50', 'VWAP_10', 'Open_4h', 'High_4h', 'Low_4h', 'Close_4h', 'Volume_4h', 'candle_range_4h', 'corps_candle_4h', 'meche_haute_4h', 'meche_basse_4h', 'candle_trend_4h', 'doji_4h', 'doji_strength_4h', 'perfect_doji_4h', 'upper_wick_4h', 'lower_wick_4h', 'ratio_corps_4h', 'doji_invalid_4h', 'bullish_engulfing_4h', 'bearish_engulfing_4h', 'engulfing_strength_4h', 'corps_candle_prev_4h', 'corps_sum_4h', 'Volume_SMA_5_4h', 'Volume_SMA_10_4h', 'Volume_SMA_20_4h', 'Volume_Ratio_SMA5_4h', 'Volume_Ratio_SMA10_4h', 'Volume_Ratio_SMA20_4h', 'Volume_Change_1_4h', 'Volume_Change_5_4h', 'PV_Ratio_4h', 'PV_Change_4h', 'OBV_4h', 'Volume_SMA_4h', 'OBV_normalized_4h', 'OBV_norm_minmax_4h', 'OBV_std_4h', 'OBV_norm_std_4h', 'OBV_SMA_10_4h', 'OBV_EMA_10_4h', 'OBV_WMA_10_4h', 'OBV_SMA_20_4h', 'OBV_EMA_20_4h', 'OBV_WMA_20_4h', 'OBV_SMA_50_4h', 'OBV_EMA_50_4h', 'OBV_WMA_50_4h', 'OBV_Trend_short_4h', 'OBV_Trend_medium_4h', 'OBV_Trend_long_4h', 'OBV_Bullish_Div_10_4h', 'OBV_Bearish_Div_10_4h', 'OBV_Bullish_Div_20_4h', 'OBV_Bearish_Div_20_4h', 'OBV_Bullish_Div_50_4h', 'OBV_Bearish_Div_50_4h', 'MFV_4h', 'ADL_4h', 'ADL_norm_4h', 'ADL_SMA5_4h', 'ADL_SMA15_4h', 'ADL_SMA30_4h', 'ADL_Trend_4h', 'Price_Trend_4h', 'ADL_Divergence_4h', 'MFM_4h', 'CMF_20_4h', 'PVT_change_4h', 'PVT_4h', 'PVT_norm_4h', 'PVT_SMA10_4h', 'PVT_SMA30_4h', 'PVT_signal_4h', 'PVT_cross_4h', 'PVT_cross_signal_4h', 'PVT_delta5_4h', 'CCI_5_4h', 'CCI_10_4h', 'CCI_15_4h', 'Volume_Oscillator_4h', 'VWAP_4h', 'VWMA_10_4h', 'VWMA_20_4h', 'Force_Index_1_4h', 'Force_Index_13_4h', 'Typical_Price_4h', 'Raw_Money_Flow_4h', 'Typical_Price_Prev_4h', 'Money_Flow_Positive_4h', 'Money_Flow_Negative_4h', 'MFI_14_4h', 'Vol_Weighted_Up_4h', 'Vol_Weighted_Down_4h', 'Vol_Weighted_Up_Avg_4h', 'Vol_Weighted_Down_Avg_4h', 'Vol_Weighted_RSI_4h', 'VWAP_10_4h', 'Open_1d', 'High_1d', 'Low_1d', 'Close_1d', 'Volume_1d', 'candle_range_1d', 'corps_candle_1d', 'meche_haute_1d', 'meche_basse_1d', 'candle_trend_1d', 'doji_1d', 'doji_strength_1d', 'perfect_doji_1d', 'upper_wick_1d', 'lower_wick_1d', 'ratio_corps_1d', 'doji_invalid_1d', 'bullish_engulfing_1d', 'bearish_engulfing_1d', 'engulfing_strength_1d', 'corps_candle_prev_1d', 'corps_sum_1d', 'Volume_SMA_5_1d', 'Volume_SMA_10_1d', 'Volume_SMA_20_1d', 'Volume_Ratio_SMA5_1d', 'Volume_Ratio_SMA10_1d', 'Volume_Ratio_SMA20_1d', 'Volume_Change_1_1d', 'Volume_Change_5_1d', 'PV_Ratio_1d', 'PV_Change_1d', 'OBV_1d', 'Volume_SMA_1d', 'OBV_normalized_1d', 'OBV_norm_minmax_1d', 'OBV_std_1d', 'OBV_norm_std_1d', 'OBV_SMA_10_1d', 'OBV_EMA_10_1d', 'OBV_WMA_10_1d', 'OBV_SMA_20_1d', 'OBV_EMA_20_1d', 'OBV_WMA_20_1d', 'OBV_SMA_50_1d', 'OBV_EMA_50_1d', 'OBV_WMA_50_1d', 'OBV_Trend_short_1d', 'OBV_Trend_medium_1d', 'OBV_Trend_long_1d', 'OBV_Bullish_Div_10_1d', 'OBV_Bearish_Div_10_1d', 'OBV_Bullish_Div_20_1d', 'OBV_Bearish_Div_20_1d', 'OBV_Bullish_Div_50_1d', 'OBV_Bearish_Div_50_1d', 'MFV_1d', 'ADL_1d', 'ADL_norm_1d', 'ADL_SMA5_1d', 'ADL_SMA15_1d', 'ADL_SMA30_1d', 'ADL_Trend_1d', 'Price_Trend_1d', 'ADL_Divergence_1d', 'MFM_1d', 'CMF_20_1d', 'PVT_change_1d', 'PVT_1d', 'PVT_norm_1d', 'PVT_SMA10_1d', 'PVT_SMA30_1d', 'PVT_signal_1d', 'PVT_cross_1d', 'PVT_cross_signal_1d', 'PVT_delta5_1d', 'CCI_5_1d', 'CCI_10_1d', 'CCI_15_1d', 'Volume_Oscillator_1d', 'VWAP_1d', 'VWMA_10_1d', 'VWMA_20_1d', 'Force_Index_1_1d', 'Force_Index_13_1d', 'Typical_Price_1d', 'Raw_Money_Flow_1d', 'Typical_Price_Prev_1d', 'Money_Flow_Positive_1d', 'Money_Flow_Negative_1d', 'MFI_14_1d', 'Vol_Weighted_Up_1d', 'Vol_Weighted_Down_1d', 'Vol_Weighted_Up_Avg_1d', 'Vol_Weighted_Down_Avg_1d', 'Vol_Weighted_RSI_1d', 'VWAP_10_1d', 'Volume_SMA', 'OBV_std', 'OBV_norm_std', 'OBV_SMA_10', 'OBV_EMA_10', 'OBV_WMA_10', 'OBV_SMA_20', 'OBV_EMA_20', 'OBV_WMA_20', 'OBV_SMA_50', 'OBV_EMA_50', 'OBV_WMA_50', 'OBV_Bullish_Div_10', 'OBV_Bearish_Div_10', 'OBV_Bullish_Div_20', 'OBV_Bearish_Div_20', 'OBV_Bullish_Div_50', 'OBV_Bearish_Div_50', 'SuperTrend_Long', 'SuperTrend_Short', 'ADX', 'Williams_R', 'day_of_year', 'sin_day', 'cos_day', 'sin_hour', 'cos_hour', 'period_of_day', 'hourly_return', 'hourly_volatility', 'volatility_by_period', 'volatility_6h', 'volatility_12h', 'volatility_24h', 'volatility_period_0', 'volatility_period_1', 'volatility_period_2', 'volatility_period_3', 'volatility_morning', 'volatility_afternoon', 'volatility_evening', 'volatility_night', 'log_return_5m', 'log_return_1h', 'momentum_1h', 'log_return_4h', 'momentum_4h', 'log_return_1d', 'momentum_1d', 'momentum_5m']
2025-06-06 17:00:33,051 - prediction_service - INFO - DEBUG - Statistiques descriptives des colonnes:
2025-06-06 17:00:33,265 - prediction_service - INFO - 
               count          mean           std           min           25%           50%           75%           max
Open_1h         30.0   6480.280000  1.908266e+01   6459.600000   6459.600000   6486.600000   6486.600000   6509.000000
High_1h         30.0   6501.840000  1.191341e+01   6487.500000   6487.500000   6511.100000   6511.100000   6512.000000
Low_1h          30.0   6462.680000  2.036045e+01   6441.000000   6441.000000   6468.600000   6468.600000   6494.200000
Close_1h        30.0   6498.780000  1.055221e+01   6486.500000   6486.500000   6502.100000   6509.400000   6509.400000
Volume_1h       30.0  24238.400000  5.730645e+03  13086.000000  26124.000000  26124.000000  27929.000000  27929.000000
...              ...           ...           ...           ...           ...           ...           ...           ...
log_return_4h   30.0      0.012627  2.731500e-03      0.007255      0.013969      0.013969      0.013969      0.013969
momentum_4h     30.0     81.720000  1.745335e+01     47.400000     90.300000     90.300000     90.300000     90.300000
log_return_1d   30.0      0.045588  7.057516e-18      0.045588      0.045588      0.045588      0.045588      0.045588
momentum_1d     30.0    292.200000  5.781517e-14    292.200000    292.200000    292.200000    292.200000    292.200000
momentum_5m     30.0      1.313333  6.113452e+00     -9.800000     -1.825000      0.950000      3.675000     17.800000

[268 rows x 8 columns]
2025-06-06 17:00:33,266 - prediction_service - INFO - Séquences conservées pour la prédiction (shape=(16, 268)): [[ 6.48660000e+03  6.51110000e+03  6.46860000e+03 ...  4.55879395e-02
   2.92200000e+02 -9.80000000e+00]
 [ 6.48660000e+03  6.51110000e+03  6.46860000e+03 ...  4.55879395e-02
   2.92200000e+02 -3.10000000e+00]
 [ 6.48660000e+03  6.51110000e+03  6.46860000e+03 ...  4.55879395e-02
   2.92200000e+02  2.10000000e+00]
 ...
 [ 6.50900000e+03  6.51200000e+03  6.49420000e+03 ...  4.55879395e-02
   2.92200000e+02 -2.90000000e+00]
 [ 6.50900000e+03  6.51200000e+03  6.49420000e+03 ...  4.55879395e-02
   2.92200000e+02  1.10000000e+00]
 [ 6.50900000e+03  6.51200000e+03  6.49420000e+03 ...  4.55879395e-02
   2.92200000e+02  0.00000000e+00]]
2025-06-06 17:00:33,269 - prediction_service - ERROR - Erreur: Columns must be same length as key
Traceback (most recent call last):
  File "/home/parrochia/go/src/github.com/trading-prediction-with-machine-learning/./src/prediction_service.py", line 178, in handle_websocket
    x = prepare_prediction_data()
  File "/home/parrochia/go/src/github.com/trading-prediction-with-machine-learning/./src/prediction_service.py", line 266, in prepare_prediction_data
    x = prepare_data_for_prediction(df_5min, df_1h, df_4h, df_1d, sequence_length=SEQUENCE_LENGTH)
  File "/home/parrochia/go/src/github.com/trading-prediction-with-machine-learning/./src/prediction_service.py", line 110, in prepare_data_for_prediction
    features_df[num_cols] = features_df[num_cols].round(4)
  File "/home/parrochia/.local/lib/python3.10/site-packages/pandas/core/frame.py", line 4299, in __setitem__
    self._setitem_array(key, value)
  File "/home/parrochia/.local/lib/python3.10/site-packages/pandas/core/frame.py", line 4343, in _setitem_array
    self[k1] = value[k2]
  File "/home/parrochia/.local/lib/python3.10/site-packages/pandas/core/frame.py", line 4301, in __setitem__
    self._set_item_frame_value(key, value)
  File "/home/parrochia/.local/lib/python3.10/site-packages/pandas/core/frame.py", line 4429, in _set_item_frame_value
    raise ValueError("Columns must be same length as key")
ValueError: Columns must be same length as key
2025-06-06 17:01:52,845 - websockets.server - INFO - server closing
2025-06-06 17:01:52,848 - websockets.server - INFO - server closed
2025-06-06 17:02:00,850 - absl - WARNING - Compiled the loaded model, but the compiled metrics have yet to be built. `model.compile_metrics` will be empty until you train or evaluate the model.
2025-06-06 17:02:01,534 - prediction_service - INFO - Modèle existant compatible avec 158 features
2025-06-06 17:02:01,534 - prediction_service - INFO - Démarrage du serveur WebSocket sur 0.0.0.0:8765
2025-06-06 17:02:01,550 - websockets.server - INFO - server listening on 0.0.0.0:8765
2025-06-06 17:02:01,596 - websockets.server - INFO - connection open
2025-06-06 17:02:01,596 - prediction_service - INFO - Nouvelle connexion WebSocket: ('127.0.0.1', 32776)
2025-06-06 17:02:01,646 - absl - WARNING - Compiled the loaded model, but the compiled metrics have yet to be built. `model.compile_metrics` will be empty until you train or evaluate the model.
2025-06-06 17:02:01,651 - prediction_service - INFO - Modèle chargé depuis ./model/best_model.h5
2025-06-06 17:02:02,746 - prediction_service - INFO - Message reçu: 5min - 50 barres
2025-06-06 17:02:02,751 - prediction_service - INFO - Données historiques mises à jour pour 5min: 50 barres du 2025-06-02 07:20:00 au 2025-06-02 11:25:00
2025-06-06 17:02:02,751 - prediction_service - WARNING - Données insuffisantes pour les timeframes suivants (au moins 14 lignes requises) : 1h, 4h, 1d
2025-06-06 17:02:02,752 - prediction_service - INFO - Message reçu: 1h - 50 barres
2025-06-06 17:02:02,755 - prediction_service - INFO - Données historiques mises à jour pour 1h: 50 barres du 2025-05-29 09:00:00 au 2025-06-02 13:00:00
2025-06-06 17:02:02,755 - prediction_service - WARNING - Données insuffisantes pour les timeframes suivants (au moins 14 lignes requises) : 4h, 1d
2025-06-06 17:02:02,755 - prediction_service - INFO - Message reçu: 4h - 50 barres
2025-06-06 17:02:02,757 - prediction_service - INFO - Données historiques mises à jour pour 4h: 50 barres du 2025-05-21 15:00:00 au 2025-06-02 11:00:00
2025-06-06 17:02:02,757 - prediction_service - WARNING - Données insuffisantes pour les timeframes suivants (au moins 14 lignes requises) : 1d
2025-06-06 17:02:02,758 - prediction_service - INFO - Message reçu: 1d - 50 barres
2025-06-06 17:02:02,760 - prediction_service - INFO - Données historiques mises à jour pour 1d: 50 barres du 2025-03-23 23:00:00 au 2025-06-01 22:00:00
2025-06-06 17:02:02,765 - prediction_service - INFO - DEBUG - Entrées dans prepare_data_for_prediction:
2025-06-06 17:02:02,765 - prediction_service - INFO -   5min: 49 lignes
2025-06-06 17:02:02,765 - prediction_service - INFO -   1h: 50 lignes
2025-06-06 17:02:02,765 - prediction_service - INFO -   4h: 50 lignes
2025-06-06 17:02:02,765 - prediction_service - INFO -   1d: 50 lignes
2025-06-06 17:02:04,103 - prediction_service - INFO - DEBUG - Après create_parquet: 30 lignes
2025-06-06 17:02:04,104 - prediction_service - INFO - DEBUG - Features disponibles: []
2025-06-06 17:02:04,105 - prediction_service - INFO - DEBUG - Colonnes non-numériques détectées: ['doji_type_4h', 'pattern_type_4h', 'doji_type_1d', 'pattern_type_1d']
2025-06-06 17:02:04,109 - prediction_service - INFO - DEBUG - Colonnes finales: ['Open_1h', 'High_1h', 'Low_1h', 'Close_1h', 'Volume_1h', 'Volume_SMA', 'OBV_std', 'OBV_norm_std', 'OBV_SMA_10', 'OBV_EMA_10', 'OBV_WMA_10', 'OBV_SMA_20', 'OBV_EMA_20', 'OBV_WMA_20', 'OBV_SMA_50', 'OBV_EMA_50', 'OBV_WMA_50', 'OBV_Bullish_Div_10', 'OBV_Bearish_Div_10', 'OBV_Bullish_Div_20', 'OBV_Bearish_Div_20', 'OBV_Bullish_Div_50', 'OBV_Bearish_Div_50', 'VWAP_10', 'Open_4h', 'High_4h', 'Low_4h', 'Close_4h', 'Volume_4h', 'candle_range_4h', 'corps_candle_4h', 'meche_haute_4h', 'meche_basse_4h', 'candle_trend_4h', 'doji_4h', 'doji_strength_4h', 'perfect_doji_4h', 'upper_wick_4h', 'lower_wick_4h', 'ratio_corps_4h', 'doji_invalid_4h', 'bullish_engulfing_4h', 'bearish_engulfing_4h', 'engulfing_strength_4h', 'corps_candle_prev_4h', 'corps_sum_4h', 'Volume_SMA_5_4h', 'Volume_SMA_10_4h', 'Volume_SMA_20_4h', 'Volume_Ratio_SMA5_4h', 'Volume_Ratio_SMA10_4h', 'Volume_Ratio_SMA20_4h', 'Volume_Change_1_4h', 'Volume_Change_5_4h', 'PV_Ratio_4h', 'PV_Change_4h', 'OBV_4h', 'Volume_SMA_4h', 'OBV_normalized_4h', 'OBV_norm_minmax_4h', 'OBV_std_4h', 'OBV_norm_std_4h', 'OBV_SMA_10_4h', 'OBV_EMA_10_4h', 'OBV_WMA_10_4h', 'OBV_SMA_20_4h', 'OBV_EMA_20_4h', 'OBV_WMA_20_4h', 'OBV_SMA_50_4h', 'OBV_EMA_50_4h', 'OBV_WMA_50_4h', 'OBV_Trend_short_4h', 'OBV_Trend_medium_4h', 'OBV_Trend_long_4h', 'OBV_Bullish_Div_10_4h', 'OBV_Bearish_Div_10_4h', 'OBV_Bullish_Div_20_4h', 'OBV_Bearish_Div_20_4h', 'OBV_Bullish_Div_50_4h', 'OBV_Bearish_Div_50_4h', 'MFV_4h', 'ADL_4h', 'ADL_norm_4h', 'ADL_SMA5_4h', 'ADL_SMA15_4h', 'ADL_SMA30_4h', 'ADL_Trend_4h', 'Price_Trend_4h', 'ADL_Divergence_4h', 'MFM_4h', 'CMF_20_4h', 'PVT_change_4h', 'PVT_4h', 'PVT_norm_4h', 'PVT_SMA10_4h', 'PVT_SMA30_4h', 'PVT_signal_4h', 'PVT_cross_4h', 'PVT_cross_signal_4h', 'PVT_delta5_4h', 'CCI_5_4h', 'CCI_10_4h', 'CCI_15_4h', 'Volume_Oscillator_4h', 'VWAP_4h', 'VWMA_10_4h', 'VWMA_20_4h', 'Force_Index_1_4h', 'Force_Index_13_4h', 'Typical_Price_4h', 'Raw_Money_Flow_4h', 'Typical_Price_Prev_4h', 'Money_Flow_Positive_4h', 'Money_Flow_Negative_4h', 'MFI_14_4h', 'Vol_Weighted_Up_4h', 'Vol_Weighted_Down_4h', 'Vol_Weighted_Up_Avg_4h', 'Vol_Weighted_Down_Avg_4h', 'Vol_Weighted_RSI_4h', 'VWAP_10_4h', 'Open_1d', 'High_1d', 'Low_1d', 'Close_1d', 'Volume_1d', 'candle_range_1d', 'corps_candle_1d', 'meche_haute_1d', 'meche_basse_1d', 'candle_trend_1d', 'doji_1d', 'doji_strength_1d', 'perfect_doji_1d', 'upper_wick_1d', 'lower_wick_1d', 'ratio_corps_1d', 'doji_invalid_1d', 'bullish_engulfing_1d', 'bearish_engulfing_1d', 'engulfing_strength_1d', 'corps_candle_prev_1d', 'corps_sum_1d', 'Volume_SMA_5_1d', 'Volume_SMA_10_1d', 'Volume_SMA_20_1d', 'Volume_Ratio_SMA5_1d', 'Volume_Ratio_SMA10_1d', 'Volume_Ratio_SMA20_1d', 'Volume_Change_1_1d', 'Volume_Change_5_1d', 'PV_Ratio_1d', 'PV_Change_1d', 'OBV_1d', 'Volume_SMA_1d', 'OBV_normalized_1d', 'OBV_norm_minmax_1d', 'OBV_std_1d', 'OBV_norm_std_1d', 'OBV_SMA_10_1d', 'OBV_EMA_10_1d', 'OBV_WMA_10_1d', 'OBV_SMA_20_1d', 'OBV_EMA_20_1d', 'OBV_WMA_20_1d', 'OBV_SMA_50_1d', 'OBV_EMA_50_1d', 'OBV_WMA_50_1d', 'OBV_Trend_short_1d', 'OBV_Trend_medium_1d', 'OBV_Trend_long_1d', 'OBV_Bullish_Div_10_1d', 'OBV_Bearish_Div_10_1d', 'OBV_Bullish_Div_20_1d', 'OBV_Bearish_Div_20_1d', 'OBV_Bullish_Div_50_1d', 'OBV_Bearish_Div_50_1d', 'MFV_1d', 'ADL_1d', 'ADL_norm_1d', 'ADL_SMA5_1d', 'ADL_SMA15_1d', 'ADL_SMA30_1d', 'ADL_Trend_1d', 'Price_Trend_1d', 'ADL_Divergence_1d', 'MFM_1d', 'CMF_20_1d', 'PVT_change_1d', 'PVT_1d', 'PVT_norm_1d', 'PVT_SMA10_1d', 'PVT_SMA30_1d', 'PVT_signal_1d', 'PVT_cross_1d', 'PVT_cross_signal_1d', 'PVT_delta5_1d', 'CCI_5_1d', 'CCI_10_1d', 'CCI_15_1d', 'Volume_Oscillator_1d', 'VWAP_1d', 'VWMA_10_1d', 'VWMA_20_1d', 'Force_Index_1_1d', 'Force_Index_13_1d', 'Typical_Price_1d', 'Raw_Money_Flow_1d', 'Typical_Price_Prev_1d', 'Money_Flow_Positive_1d', 'Money_Flow_Negative_1d', 'MFI_14_1d', 'Vol_Weighted_Up_1d', 'Vol_Weighted_Down_1d', 'Vol_Weighted_Up_Avg_1d', 'Vol_Weighted_Down_Avg_1d', 'Vol_Weighted_RSI_1d', 'VWAP_10_1d', 'Volume_SMA', 'OBV_std', 'OBV_norm_std', 'OBV_SMA_10', 'OBV_EMA_10', 'OBV_WMA_10', 'OBV_SMA_20', 'OBV_EMA_20', 'OBV_WMA_20', 'OBV_SMA_50', 'OBV_EMA_50', 'OBV_WMA_50', 'OBV_Bullish_Div_10', 'OBV_Bearish_Div_10', 'OBV_Bullish_Div_20', 'OBV_Bearish_Div_20', 'OBV_Bullish_Div_50', 'OBV_Bearish_Div_50', 'SuperTrend_Long', 'SuperTrend_Short', 'ADX', 'Williams_R', 'day_of_year', 'sin_day', 'cos_day', 'sin_hour', 'cos_hour', 'period_of_day', 'hourly_return', 'hourly_volatility', 'volatility_by_period', 'volatility_6h', 'volatility_12h', 'volatility_24h', 'volatility_period_0', 'volatility_period_1', 'volatility_period_2', 'volatility_period_3', 'volatility_morning', 'volatility_afternoon', 'volatility_evening', 'volatility_night', 'log_return_5m', 'log_return_1h', 'momentum_1h', 'log_return_4h', 'momentum_4h', 'log_return_1d', 'momentum_1d', 'momentum_5m']
2025-06-06 17:02:04,110 - prediction_service - INFO - DEBUG - Types de données: [dtype('float64') dtype('int64') dtype('int32')]
2025-06-06 17:02:04,111 - prediction_service - INFO - DEBUG - Colonnes finales: ['Open_1h', 'High_1h', 'Low_1h', 'Close_1h', 'Volume_1h', 'Volume_SMA', 'OBV_std', 'OBV_norm_std', 'OBV_SMA_10', 'OBV_EMA_10', 'OBV_WMA_10', 'OBV_SMA_20', 'OBV_EMA_20', 'OBV_WMA_20', 'OBV_SMA_50', 'OBV_EMA_50', 'OBV_WMA_50', 'OBV_Bullish_Div_10', 'OBV_Bearish_Div_10', 'OBV_Bullish_Div_20', 'OBV_Bearish_Div_20', 'OBV_Bullish_Div_50', 'OBV_Bearish_Div_50', 'VWAP_10', 'Open_4h', 'High_4h', 'Low_4h', 'Close_4h', 'Volume_4h', 'candle_range_4h', 'corps_candle_4h', 'meche_haute_4h', 'meche_basse_4h', 'candle_trend_4h', 'doji_4h', 'doji_strength_4h', 'perfect_doji_4h', 'upper_wick_4h', 'lower_wick_4h', 'ratio_corps_4h', 'doji_invalid_4h', 'bullish_engulfing_4h', 'bearish_engulfing_4h', 'engulfing_strength_4h', 'corps_candle_prev_4h', 'corps_sum_4h', 'Volume_SMA_5_4h', 'Volume_SMA_10_4h', 'Volume_SMA_20_4h', 'Volume_Ratio_SMA5_4h', 'Volume_Ratio_SMA10_4h', 'Volume_Ratio_SMA20_4h', 'Volume_Change_1_4h', 'Volume_Change_5_4h', 'PV_Ratio_4h', 'PV_Change_4h', 'OBV_4h', 'Volume_SMA_4h', 'OBV_normalized_4h', 'OBV_norm_minmax_4h', 'OBV_std_4h', 'OBV_norm_std_4h', 'OBV_SMA_10_4h', 'OBV_EMA_10_4h', 'OBV_WMA_10_4h', 'OBV_SMA_20_4h', 'OBV_EMA_20_4h', 'OBV_WMA_20_4h', 'OBV_SMA_50_4h', 'OBV_EMA_50_4h', 'OBV_WMA_50_4h', 'OBV_Trend_short_4h', 'OBV_Trend_medium_4h', 'OBV_Trend_long_4h', 'OBV_Bullish_Div_10_4h', 'OBV_Bearish_Div_10_4h', 'OBV_Bullish_Div_20_4h', 'OBV_Bearish_Div_20_4h', 'OBV_Bullish_Div_50_4h', 'OBV_Bearish_Div_50_4h', 'MFV_4h', 'ADL_4h', 'ADL_norm_4h', 'ADL_SMA5_4h', 'ADL_SMA15_4h', 'ADL_SMA30_4h', 'ADL_Trend_4h', 'Price_Trend_4h', 'ADL_Divergence_4h', 'MFM_4h', 'CMF_20_4h', 'PVT_change_4h', 'PVT_4h', 'PVT_norm_4h', 'PVT_SMA10_4h', 'PVT_SMA30_4h', 'PVT_signal_4h', 'PVT_cross_4h', 'PVT_cross_signal_4h', 'PVT_delta5_4h', 'CCI_5_4h', 'CCI_10_4h', 'CCI_15_4h', 'Volume_Oscillator_4h', 'VWAP_4h', 'VWMA_10_4h', 'VWMA_20_4h', 'Force_Index_1_4h', 'Force_Index_13_4h', 'Typical_Price_4h', 'Raw_Money_Flow_4h', 'Typical_Price_Prev_4h', 'Money_Flow_Positive_4h', 'Money_Flow_Negative_4h', 'MFI_14_4h', 'Vol_Weighted_Up_4h', 'Vol_Weighted_Down_4h', 'Vol_Weighted_Up_Avg_4h', 'Vol_Weighted_Down_Avg_4h', 'Vol_Weighted_RSI_4h', 'VWAP_10_4h', 'Open_1d', 'High_1d', 'Low_1d', 'Close_1d', 'Volume_1d', 'candle_range_1d', 'corps_candle_1d', 'meche_haute_1d', 'meche_basse_1d', 'candle_trend_1d', 'doji_1d', 'doji_strength_1d', 'perfect_doji_1d', 'upper_wick_1d', 'lower_wick_1d', 'ratio_corps_1d', 'doji_invalid_1d', 'bullish_engulfing_1d', 'bearish_engulfing_1d', 'engulfing_strength_1d', 'corps_candle_prev_1d', 'corps_sum_1d', 'Volume_SMA_5_1d', 'Volume_SMA_10_1d', 'Volume_SMA_20_1d', 'Volume_Ratio_SMA5_1d', 'Volume_Ratio_SMA10_1d', 'Volume_Ratio_SMA20_1d', 'Volume_Change_1_1d', 'Volume_Change_5_1d', 'PV_Ratio_1d', 'PV_Change_1d', 'OBV_1d', 'Volume_SMA_1d', 'OBV_normalized_1d', 'OBV_norm_minmax_1d', 'OBV_std_1d', 'OBV_norm_std_1d', 'OBV_SMA_10_1d', 'OBV_EMA_10_1d', 'OBV_WMA_10_1d', 'OBV_SMA_20_1d', 'OBV_EMA_20_1d', 'OBV_WMA_20_1d', 'OBV_SMA_50_1d', 'OBV_EMA_50_1d', 'OBV_WMA_50_1d', 'OBV_Trend_short_1d', 'OBV_Trend_medium_1d', 'OBV_Trend_long_1d', 'OBV_Bullish_Div_10_1d', 'OBV_Bearish_Div_10_1d', 'OBV_Bullish_Div_20_1d', 'OBV_Bearish_Div_20_1d', 'OBV_Bullish_Div_50_1d', 'OBV_Bearish_Div_50_1d', 'MFV_1d', 'ADL_1d', 'ADL_norm_1d', 'ADL_SMA5_1d', 'ADL_SMA15_1d', 'ADL_SMA30_1d', 'ADL_Trend_1d', 'Price_Trend_1d', 'ADL_Divergence_1d', 'MFM_1d', 'CMF_20_1d', 'PVT_change_1d', 'PVT_1d', 'PVT_norm_1d', 'PVT_SMA10_1d', 'PVT_SMA30_1d', 'PVT_signal_1d', 'PVT_cross_1d', 'PVT_cross_signal_1d', 'PVT_delta5_1d', 'CCI_5_1d', 'CCI_10_1d', 'CCI_15_1d', 'Volume_Oscillator_1d', 'VWAP_1d', 'VWMA_10_1d', 'VWMA_20_1d', 'Force_Index_1_1d', 'Force_Index_13_1d', 'Typical_Price_1d', 'Raw_Money_Flow_1d', 'Typical_Price_Prev_1d', 'Money_Flow_Positive_1d', 'Money_Flow_Negative_1d', 'MFI_14_1d', 'Vol_Weighted_Up_1d', 'Vol_Weighted_Down_1d', 'Vol_Weighted_Up_Avg_1d', 'Vol_Weighted_Down_Avg_1d', 'Vol_Weighted_RSI_1d', 'VWAP_10_1d', 'Volume_SMA', 'OBV_std', 'OBV_norm_std', 'OBV_SMA_10', 'OBV_EMA_10', 'OBV_WMA_10', 'OBV_SMA_20', 'OBV_EMA_20', 'OBV_WMA_20', 'OBV_SMA_50', 'OBV_EMA_50', 'OBV_WMA_50', 'OBV_Bullish_Div_10', 'OBV_Bearish_Div_10', 'OBV_Bullish_Div_20', 'OBV_Bearish_Div_20', 'OBV_Bullish_Div_50', 'OBV_Bearish_Div_50', 'SuperTrend_Long', 'SuperTrend_Short', 'ADX', 'Williams_R', 'day_of_year', 'sin_day', 'cos_day', 'sin_hour', 'cos_hour', 'period_of_day', 'hourly_return', 'hourly_volatility', 'volatility_by_period', 'volatility_6h', 'volatility_12h', 'volatility_24h', 'volatility_period_0', 'volatility_period_1', 'volatility_period_2', 'volatility_period_3', 'volatility_morning', 'volatility_afternoon', 'volatility_evening', 'volatility_night', 'log_return_5m', 'log_return_1h', 'momentum_1h', 'log_return_4h', 'momentum_4h', 'log_return_1d', 'momentum_1d', 'momentum_5m']
2025-06-06 17:02:04,111 - prediction_service - INFO - DEBUG - Statistiques descriptives des colonnes:
2025-06-06 17:02:04,667 - prediction_service - INFO - 
               count          mean           std           min           25%           50%           75%           max
Open_1h         30.0   6480.280000  1.908266e+01   6459.600000   6459.600000   6486.600000   6486.600000   6509.000000
High_1h         30.0   6501.840000  1.191341e+01   6487.500000   6487.500000   6511.100000   6511.100000   6512.000000
Low_1h          30.0   6462.680000  2.036045e+01   6441.000000   6441.000000   6468.600000   6468.600000   6494.200000
Close_1h        30.0   6498.780000  1.055221e+01   6486.500000   6486.500000   6502.100000   6509.400000   6509.400000
Volume_1h       30.0  24238.400000  5.730645e+03  13086.000000  26124.000000  26124.000000  27929.000000  27929.000000
...              ...           ...           ...           ...           ...           ...           ...           ...
log_return_4h   30.0      0.012627  2.731500e-03      0.007255      0.013969      0.013969      0.013969      0.013969
momentum_4h     30.0     81.720000  1.745335e+01     47.400000     90.300000     90.300000     90.300000     90.300000
log_return_1d   30.0      0.045588  7.057516e-18      0.045588      0.045588      0.045588      0.045588      0.045588
momentum_1d     30.0    292.200000  5.781517e-14    292.200000    292.200000    292.200000    292.200000    292.200000
momentum_5m     30.0      1.313333  6.113452e+00     -9.800000     -1.825000      0.950000      3.675000     17.800000

[268 rows x 8 columns]
2025-06-06 17:02:04,668 - prediction_service - INFO - Séquences conservées pour la prédiction (shape=(16, 268)): [[ 6.48660000e+03  6.51110000e+03  6.46860000e+03 ...  4.55879395e-02
   2.92200000e+02 -9.80000000e+00]
 [ 6.48660000e+03  6.51110000e+03  6.46860000e+03 ...  4.55879395e-02
   2.92200000e+02 -3.10000000e+00]
 [ 6.48660000e+03  6.51110000e+03  6.46860000e+03 ...  4.55879395e-02
   2.92200000e+02  2.10000000e+00]
 ...
 [ 6.50900000e+03  6.51200000e+03  6.49420000e+03 ...  4.55879395e-02
   2.92200000e+02 -2.90000000e+00]
 [ 6.50900000e+03  6.51200000e+03  6.49420000e+03 ...  4.55879395e-02
   2.92200000e+02  1.10000000e+00]
 [ 6.50900000e+03  6.51200000e+03  6.49420000e+03 ...  4.55879395e-02
   2.92200000e+02  0.00000000e+00]]
2025-06-06 17:02:04,755 - prediction_service - ERROR - Erreur: Columns must be same length as key
Traceback (most recent call last):
  File "/home/parrochia/go/src/github.com/trading-prediction-with-machine-learning/./src/prediction_service.py", line 180, in handle_websocket
    x = prepare_prediction_data()
  File "/home/parrochia/go/src/github.com/trading-prediction-with-machine-learning/./src/prediction_service.py", line 268, in prepare_prediction_data
    x = prepare_data_for_prediction(df_5min, df_1h, df_4h, df_1d, sequence_length=SEQUENCE_LENGTH)
  File "/home/parrochia/go/src/github.com/trading-prediction-with-machine-learning/./src/prediction_service.py", line 111, in prepare_data_for_prediction
    features_df[num_cols] = features_df[num_cols].apply(lambda col: col.round(4) if col.notnull().all() else col)
  File "/home/parrochia/.local/lib/python3.10/site-packages/pandas/core/frame.py", line 4299, in __setitem__
    self._setitem_array(key, value)
  File "/home/parrochia/.local/lib/python3.10/site-packages/pandas/core/frame.py", line 4343, in _setitem_array
    self[k1] = value[k2]
  File "/home/parrochia/.local/lib/python3.10/site-packages/pandas/core/frame.py", line 4301, in __setitem__
    self._set_item_frame_value(key, value)
  File "/home/parrochia/.local/lib/python3.10/site-packages/pandas/core/frame.py", line 4429, in _set_item_frame_value
    raise ValueError("Columns must be same length as key")
ValueError: Columns must be same length as key
2025-06-06 17:02:48,165 - websockets.server - INFO - server closing
2025-06-06 17:02:48,165 - websockets.server - INFO - server closed
2025-06-06 17:02:53,792 - absl - WARNING - Compiled the loaded model, but the compiled metrics have yet to be built. `model.compile_metrics` will be empty until you train or evaluate the model.
2025-06-06 17:02:54,184 - prediction_service - INFO - Modèle existant compatible avec 158 features
2025-06-06 17:02:54,184 - prediction_service - INFO - Démarrage du serveur WebSocket sur 0.0.0.0:8765
2025-06-06 17:02:54,192 - websockets.server - INFO - server listening on 0.0.0.0:8765
2025-06-06 17:02:54,272 - websockets.server - INFO - connection open
2025-06-06 17:02:54,272 - prediction_service - INFO - Nouvelle connexion WebSocket: ('127.0.0.1', 49988)
2025-06-06 17:02:54,303 - absl - WARNING - Compiled the loaded model, but the compiled metrics have yet to be built. `model.compile_metrics` will be empty until you train or evaluate the model.
2025-06-06 17:02:54,306 - prediction_service - INFO - Modèle chargé depuis ./model/best_model.h5
2025-06-06 17:02:55,386 - prediction_service - INFO - Message reçu: 5min - 50 barres
2025-06-06 17:02:55,391 - prediction_service - INFO - Données historiques mises à jour pour 5min: 50 barres du 2025-06-02 07:20:00 au 2025-06-02 11:25:00
2025-06-06 17:02:55,391 - prediction_service - WARNING - Données insuffisantes pour les timeframes suivants (au moins 14 lignes requises) : 1h, 4h, 1d
2025-06-06 17:02:55,392 - prediction_service - INFO - Message reçu: 1h - 50 barres
2025-06-06 17:02:55,394 - prediction_service - INFO - Données historiques mises à jour pour 1h: 50 barres du 2025-05-29 09:00:00 au 2025-06-02 13:00:00
2025-06-06 17:02:55,394 - prediction_service - WARNING - Données insuffisantes pour les timeframes suivants (au moins 14 lignes requises) : 4h, 1d
2025-06-06 17:02:55,395 - prediction_service - INFO - Message reçu: 4h - 50 barres
2025-06-06 17:02:55,396 - prediction_service - INFO - Données historiques mises à jour pour 4h: 50 barres du 2025-05-21 15:00:00 au 2025-06-02 11:00:00
2025-06-06 17:02:55,397 - prediction_service - WARNING - Données insuffisantes pour les timeframes suivants (au moins 14 lignes requises) : 1d
2025-06-06 17:02:55,397 - prediction_service - INFO - Message reçu: 1d - 50 barres
2025-06-06 17:02:55,399 - prediction_service - INFO - Données historiques mises à jour pour 1d: 50 barres du 2025-03-23 23:00:00 au 2025-06-01 22:00:00
2025-06-06 17:02:55,404 - prediction_service - INFO - DEBUG - Entrées dans prepare_data_for_prediction:
2025-06-06 17:02:55,405 - prediction_service - INFO -   5min: 49 lignes
2025-06-06 17:02:55,405 - prediction_service - INFO -   1h: 50 lignes
2025-06-06 17:02:55,405 - prediction_service - INFO -   4h: 50 lignes
2025-06-06 17:02:55,405 - prediction_service - INFO -   1d: 50 lignes
2025-06-06 17:02:56,258 - prediction_service - INFO - DEBUG - Après create_parquet: 30 lignes
2025-06-06 17:02:56,259 - prediction_service - INFO - DEBUG - Features disponibles: []
2025-06-06 17:02:56,259 - prediction_service - INFO - DEBUG - Colonnes non-numériques détectées: ['doji_type_4h', 'pattern_type_4h', 'doji_type_1d', 'pattern_type_1d']
2025-06-06 17:02:56,262 - prediction_service - INFO - DEBUG - Colonnes finales: ['Open_1h', 'High_1h', 'Low_1h', 'Close_1h', 'Volume_1h', 'Volume_SMA', 'OBV_std', 'OBV_norm_std', 'OBV_SMA_10', 'OBV_EMA_10', 'OBV_WMA_10', 'OBV_SMA_20', 'OBV_EMA_20', 'OBV_WMA_20', 'OBV_SMA_50', 'OBV_EMA_50', 'OBV_WMA_50', 'OBV_Bullish_Div_10', 'OBV_Bearish_Div_10', 'OBV_Bullish_Div_20', 'OBV_Bearish_Div_20', 'OBV_Bullish_Div_50', 'OBV_Bearish_Div_50', 'VWAP_10', 'Open_4h', 'High_4h', 'Low_4h', 'Close_4h', 'Volume_4h', 'candle_range_4h', 'corps_candle_4h', 'meche_haute_4h', 'meche_basse_4h', 'candle_trend_4h', 'doji_4h', 'doji_strength_4h', 'perfect_doji_4h', 'upper_wick_4h', 'lower_wick_4h', 'ratio_corps_4h', 'doji_invalid_4h', 'bullish_engulfing_4h', 'bearish_engulfing_4h', 'engulfing_strength_4h', 'corps_candle_prev_4h', 'corps_sum_4h', 'Volume_SMA_5_4h', 'Volume_SMA_10_4h', 'Volume_SMA_20_4h', 'Volume_Ratio_SMA5_4h', 'Volume_Ratio_SMA10_4h', 'Volume_Ratio_SMA20_4h', 'Volume_Change_1_4h', 'Volume_Change_5_4h', 'PV_Ratio_4h', 'PV_Change_4h', 'OBV_4h', 'Volume_SMA_4h', 'OBV_normalized_4h', 'OBV_norm_minmax_4h', 'OBV_std_4h', 'OBV_norm_std_4h', 'OBV_SMA_10_4h', 'OBV_EMA_10_4h', 'OBV_WMA_10_4h', 'OBV_SMA_20_4h', 'OBV_EMA_20_4h', 'OBV_WMA_20_4h', 'OBV_SMA_50_4h', 'OBV_EMA_50_4h', 'OBV_WMA_50_4h', 'OBV_Trend_short_4h', 'OBV_Trend_medium_4h', 'OBV_Trend_long_4h', 'OBV_Bullish_Div_10_4h', 'OBV_Bearish_Div_10_4h', 'OBV_Bullish_Div_20_4h', 'OBV_Bearish_Div_20_4h', 'OBV_Bullish_Div_50_4h', 'OBV_Bearish_Div_50_4h', 'MFV_4h', 'ADL_4h', 'ADL_norm_4h', 'ADL_SMA5_4h', 'ADL_SMA15_4h', 'ADL_SMA30_4h', 'ADL_Trend_4h', 'Price_Trend_4h', 'ADL_Divergence_4h', 'MFM_4h', 'CMF_20_4h', 'PVT_change_4h', 'PVT_4h', 'PVT_norm_4h', 'PVT_SMA10_4h', 'PVT_SMA30_4h', 'PVT_signal_4h', 'PVT_cross_4h', 'PVT_cross_signal_4h', 'PVT_delta5_4h', 'CCI_5_4h', 'CCI_10_4h', 'CCI_15_4h', 'Volume_Oscillator_4h', 'VWAP_4h', 'VWMA_10_4h', 'VWMA_20_4h', 'Force_Index_1_4h', 'Force_Index_13_4h', 'Typical_Price_4h', 'Raw_Money_Flow_4h', 'Typical_Price_Prev_4h', 'Money_Flow_Positive_4h', 'Money_Flow_Negative_4h', 'MFI_14_4h', 'Vol_Weighted_Up_4h', 'Vol_Weighted_Down_4h', 'Vol_Weighted_Up_Avg_4h', 'Vol_Weighted_Down_Avg_4h', 'Vol_Weighted_RSI_4h', 'VWAP_10_4h', 'Open_1d', 'High_1d', 'Low_1d', 'Close_1d', 'Volume_1d', 'candle_range_1d', 'corps_candle_1d', 'meche_haute_1d', 'meche_basse_1d', 'candle_trend_1d', 'doji_1d', 'doji_strength_1d', 'perfect_doji_1d', 'upper_wick_1d', 'lower_wick_1d', 'ratio_corps_1d', 'doji_invalid_1d', 'bullish_engulfing_1d', 'bearish_engulfing_1d', 'engulfing_strength_1d', 'corps_candle_prev_1d', 'corps_sum_1d', 'Volume_SMA_5_1d', 'Volume_SMA_10_1d', 'Volume_SMA_20_1d', 'Volume_Ratio_SMA5_1d', 'Volume_Ratio_SMA10_1d', 'Volume_Ratio_SMA20_1d', 'Volume_Change_1_1d', 'Volume_Change_5_1d', 'PV_Ratio_1d', 'PV_Change_1d', 'OBV_1d', 'Volume_SMA_1d', 'OBV_normalized_1d', 'OBV_norm_minmax_1d', 'OBV_std_1d', 'OBV_norm_std_1d', 'OBV_SMA_10_1d', 'OBV_EMA_10_1d', 'OBV_WMA_10_1d', 'OBV_SMA_20_1d', 'OBV_EMA_20_1d', 'OBV_WMA_20_1d', 'OBV_SMA_50_1d', 'OBV_EMA_50_1d', 'OBV_WMA_50_1d', 'OBV_Trend_short_1d', 'OBV_Trend_medium_1d', 'OBV_Trend_long_1d', 'OBV_Bullish_Div_10_1d', 'OBV_Bearish_Div_10_1d', 'OBV_Bullish_Div_20_1d', 'OBV_Bearish_Div_20_1d', 'OBV_Bullish_Div_50_1d', 'OBV_Bearish_Div_50_1d', 'MFV_1d', 'ADL_1d', 'ADL_norm_1d', 'ADL_SMA5_1d', 'ADL_SMA15_1d', 'ADL_SMA30_1d', 'ADL_Trend_1d', 'Price_Trend_1d', 'ADL_Divergence_1d', 'MFM_1d', 'CMF_20_1d', 'PVT_change_1d', 'PVT_1d', 'PVT_norm_1d', 'PVT_SMA10_1d', 'PVT_SMA30_1d', 'PVT_signal_1d', 'PVT_cross_1d', 'PVT_cross_signal_1d', 'PVT_delta5_1d', 'CCI_5_1d', 'CCI_10_1d', 'CCI_15_1d', 'Volume_Oscillator_1d', 'VWAP_1d', 'VWMA_10_1d', 'VWMA_20_1d', 'Force_Index_1_1d', 'Force_Index_13_1d', 'Typical_Price_1d', 'Raw_Money_Flow_1d', 'Typical_Price_Prev_1d', 'Money_Flow_Positive_1d', 'Money_Flow_Negative_1d', 'MFI_14_1d', 'Vol_Weighted_Up_1d', 'Vol_Weighted_Down_1d', 'Vol_Weighted_Up_Avg_1d', 'Vol_Weighted_Down_Avg_1d', 'Vol_Weighted_RSI_1d', 'VWAP_10_1d', 'Volume_SMA', 'OBV_std', 'OBV_norm_std', 'OBV_SMA_10', 'OBV_EMA_10', 'OBV_WMA_10', 'OBV_SMA_20', 'OBV_EMA_20', 'OBV_WMA_20', 'OBV_SMA_50', 'OBV_EMA_50', 'OBV_WMA_50', 'OBV_Bullish_Div_10', 'OBV_Bearish_Div_10', 'OBV_Bullish_Div_20', 'OBV_Bearish_Div_20', 'OBV_Bullish_Div_50', 'OBV_Bearish_Div_50', 'SuperTrend_Long', 'SuperTrend_Short', 'ADX', 'Williams_R', 'day_of_year', 'sin_day', 'cos_day', 'sin_hour', 'cos_hour', 'period_of_day', 'hourly_return', 'hourly_volatility', 'volatility_by_period', 'volatility_6h', 'volatility_12h', 'volatility_24h', 'volatility_period_0', 'volatility_period_1', 'volatility_period_2', 'volatility_period_3', 'volatility_morning', 'volatility_afternoon', 'volatility_evening', 'volatility_night', 'log_return_5m', 'log_return_1h', 'momentum_1h', 'log_return_4h', 'momentum_4h', 'log_return_1d', 'momentum_1d', 'momentum_5m']
2025-06-06 17:02:56,263 - prediction_service - INFO - DEBUG - Types de données: [dtype('float64') dtype('int64') dtype('int32')]
2025-06-06 17:02:56,263 - prediction_service - INFO - DEBUG - Colonnes finales: ['Open_1h', 'High_1h', 'Low_1h', 'Close_1h', 'Volume_1h', 'Volume_SMA', 'OBV_std', 'OBV_norm_std', 'OBV_SMA_10', 'OBV_EMA_10', 'OBV_WMA_10', 'OBV_SMA_20', 'OBV_EMA_20', 'OBV_WMA_20', 'OBV_SMA_50', 'OBV_EMA_50', 'OBV_WMA_50', 'OBV_Bullish_Div_10', 'OBV_Bearish_Div_10', 'OBV_Bullish_Div_20', 'OBV_Bearish_Div_20', 'OBV_Bullish_Div_50', 'OBV_Bearish_Div_50', 'VWAP_10', 'Open_4h', 'High_4h', 'Low_4h', 'Close_4h', 'Volume_4h', 'candle_range_4h', 'corps_candle_4h', 'meche_haute_4h', 'meche_basse_4h', 'candle_trend_4h', 'doji_4h', 'doji_strength_4h', 'perfect_doji_4h', 'upper_wick_4h', 'lower_wick_4h', 'ratio_corps_4h', 'doji_invalid_4h', 'bullish_engulfing_4h', 'bearish_engulfing_4h', 'engulfing_strength_4h', 'corps_candle_prev_4h', 'corps_sum_4h', 'Volume_SMA_5_4h', 'Volume_SMA_10_4h', 'Volume_SMA_20_4h', 'Volume_Ratio_SMA5_4h', 'Volume_Ratio_SMA10_4h', 'Volume_Ratio_SMA20_4h', 'Volume_Change_1_4h', 'Volume_Change_5_4h', 'PV_Ratio_4h', 'PV_Change_4h', 'OBV_4h', 'Volume_SMA_4h', 'OBV_normalized_4h', 'OBV_norm_minmax_4h', 'OBV_std_4h', 'OBV_norm_std_4h', 'OBV_SMA_10_4h', 'OBV_EMA_10_4h', 'OBV_WMA_10_4h', 'OBV_SMA_20_4h', 'OBV_EMA_20_4h', 'OBV_WMA_20_4h', 'OBV_SMA_50_4h', 'OBV_EMA_50_4h', 'OBV_WMA_50_4h', 'OBV_Trend_short_4h', 'OBV_Trend_medium_4h', 'OBV_Trend_long_4h', 'OBV_Bullish_Div_10_4h', 'OBV_Bearish_Div_10_4h', 'OBV_Bullish_Div_20_4h', 'OBV_Bearish_Div_20_4h', 'OBV_Bullish_Div_50_4h', 'OBV_Bearish_Div_50_4h', 'MFV_4h', 'ADL_4h', 'ADL_norm_4h', 'ADL_SMA5_4h', 'ADL_SMA15_4h', 'ADL_SMA30_4h', 'ADL_Trend_4h', 'Price_Trend_4h', 'ADL_Divergence_4h', 'MFM_4h', 'CMF_20_4h', 'PVT_change_4h', 'PVT_4h', 'PVT_norm_4h', 'PVT_SMA10_4h', 'PVT_SMA30_4h', 'PVT_signal_4h', 'PVT_cross_4h', 'PVT_cross_signal_4h', 'PVT_delta5_4h', 'CCI_5_4h', 'CCI_10_4h', 'CCI_15_4h', 'Volume_Oscillator_4h', 'VWAP_4h', 'VWMA_10_4h', 'VWMA_20_4h', 'Force_Index_1_4h', 'Force_Index_13_4h', 'Typical_Price_4h', 'Raw_Money_Flow_4h', 'Typical_Price_Prev_4h', 'Money_Flow_Positive_4h', 'Money_Flow_Negative_4h', 'MFI_14_4h', 'Vol_Weighted_Up_4h', 'Vol_Weighted_Down_4h', 'Vol_Weighted_Up_Avg_4h', 'Vol_Weighted_Down_Avg_4h', 'Vol_Weighted_RSI_4h', 'VWAP_10_4h', 'Open_1d', 'High_1d', 'Low_1d', 'Close_1d', 'Volume_1d', 'candle_range_1d', 'corps_candle_1d', 'meche_haute_1d', 'meche_basse_1d', 'candle_trend_1d', 'doji_1d', 'doji_strength_1d', 'perfect_doji_1d', 'upper_wick_1d', 'lower_wick_1d', 'ratio_corps_1d', 'doji_invalid_1d', 'bullish_engulfing_1d', 'bearish_engulfing_1d', 'engulfing_strength_1d', 'corps_candle_prev_1d', 'corps_sum_1d', 'Volume_SMA_5_1d', 'Volume_SMA_10_1d', 'Volume_SMA_20_1d', 'Volume_Ratio_SMA5_1d', 'Volume_Ratio_SMA10_1d', 'Volume_Ratio_SMA20_1d', 'Volume_Change_1_1d', 'Volume_Change_5_1d', 'PV_Ratio_1d', 'PV_Change_1d', 'OBV_1d', 'Volume_SMA_1d', 'OBV_normalized_1d', 'OBV_norm_minmax_1d', 'OBV_std_1d', 'OBV_norm_std_1d', 'OBV_SMA_10_1d', 'OBV_EMA_10_1d', 'OBV_WMA_10_1d', 'OBV_SMA_20_1d', 'OBV_EMA_20_1d', 'OBV_WMA_20_1d', 'OBV_SMA_50_1d', 'OBV_EMA_50_1d', 'OBV_WMA_50_1d', 'OBV_Trend_short_1d', 'OBV_Trend_medium_1d', 'OBV_Trend_long_1d', 'OBV_Bullish_Div_10_1d', 'OBV_Bearish_Div_10_1d', 'OBV_Bullish_Div_20_1d', 'OBV_Bearish_Div_20_1d', 'OBV_Bullish_Div_50_1d', 'OBV_Bearish_Div_50_1d', 'MFV_1d', 'ADL_1d', 'ADL_norm_1d', 'ADL_SMA5_1d', 'ADL_SMA15_1d', 'ADL_SMA30_1d', 'ADL_Trend_1d', 'Price_Trend_1d', 'ADL_Divergence_1d', 'MFM_1d', 'CMF_20_1d', 'PVT_change_1d', 'PVT_1d', 'PVT_norm_1d', 'PVT_SMA10_1d', 'PVT_SMA30_1d', 'PVT_signal_1d', 'PVT_cross_1d', 'PVT_cross_signal_1d', 'PVT_delta5_1d', 'CCI_5_1d', 'CCI_10_1d', 'CCI_15_1d', 'Volume_Oscillator_1d', 'VWAP_1d', 'VWMA_10_1d', 'VWMA_20_1d', 'Force_Index_1_1d', 'Force_Index_13_1d', 'Typical_Price_1d', 'Raw_Money_Flow_1d', 'Typical_Price_Prev_1d', 'Money_Flow_Positive_1d', 'Money_Flow_Negative_1d', 'MFI_14_1d', 'Vol_Weighted_Up_1d', 'Vol_Weighted_Down_1d', 'Vol_Weighted_Up_Avg_1d', 'Vol_Weighted_Down_Avg_1d', 'Vol_Weighted_RSI_1d', 'VWAP_10_1d', 'Volume_SMA', 'OBV_std', 'OBV_norm_std', 'OBV_SMA_10', 'OBV_EMA_10', 'OBV_WMA_10', 'OBV_SMA_20', 'OBV_EMA_20', 'OBV_WMA_20', 'OBV_SMA_50', 'OBV_EMA_50', 'OBV_WMA_50', 'OBV_Bullish_Div_10', 'OBV_Bearish_Div_10', 'OBV_Bullish_Div_20', 'OBV_Bearish_Div_20', 'OBV_Bullish_Div_50', 'OBV_Bearish_Div_50', 'SuperTrend_Long', 'SuperTrend_Short', 'ADX', 'Williams_R', 'day_of_year', 'sin_day', 'cos_day', 'sin_hour', 'cos_hour', 'period_of_day', 'hourly_return', 'hourly_volatility', 'volatility_by_period', 'volatility_6h', 'volatility_12h', 'volatility_24h', 'volatility_period_0', 'volatility_period_1', 'volatility_period_2', 'volatility_period_3', 'volatility_morning', 'volatility_afternoon', 'volatility_evening', 'volatility_night', 'log_return_5m', 'log_return_1h', 'momentum_1h', 'log_return_4h', 'momentum_4h', 'log_return_1d', 'momentum_1d', 'momentum_5m']
2025-06-06 17:02:56,263 - prediction_service - INFO - DEBUG - Statistiques descriptives des colonnes:
2025-06-06 17:02:56,598 - prediction_service - INFO - 
               count          mean           std           min           25%           50%           75%           max
Open_1h         30.0   6480.280000  1.908266e+01   6459.600000   6459.600000   6486.600000   6486.600000   6509.000000
High_1h         30.0   6501.840000  1.191341e+01   6487.500000   6487.500000   6511.100000   6511.100000   6512.000000
Low_1h          30.0   6462.680000  2.036045e+01   6441.000000   6441.000000   6468.600000   6468.600000   6494.200000
Close_1h        30.0   6498.780000  1.055221e+01   6486.500000   6486.500000   6502.100000   6509.400000   6509.400000
Volume_1h       30.0  24238.400000  5.730645e+03  13086.000000  26124.000000  26124.000000  27929.000000  27929.000000
...              ...           ...           ...           ...           ...           ...           ...           ...
log_return_4h   30.0      0.012627  2.731500e-03      0.007255      0.013969      0.013969      0.013969      0.013969
momentum_4h     30.0     81.720000  1.745335e+01     47.400000     90.300000     90.300000     90.300000     90.300000
log_return_1d   30.0      0.045588  7.057516e-18      0.045588      0.045588      0.045588      0.045588      0.045588
momentum_1d     30.0    292.200000  5.781517e-14    292.200000    292.200000    292.200000    292.200000    292.200000
momentum_5m     30.0      1.313333  6.113452e+00     -9.800000     -1.825000      0.950000      3.675000     17.800000

[268 rows x 8 columns]
2025-06-06 17:02:56,599 - prediction_service - INFO - Séquences conservées pour la prédiction (shape=(16, 268)): [[ 6.48660000e+03  6.51110000e+03  6.46860000e+03 ...  4.55879395e-02
   2.92200000e+02 -9.80000000e+00]
 [ 6.48660000e+03  6.51110000e+03  6.46860000e+03 ...  4.55879395e-02
   2.92200000e+02 -3.10000000e+00]
 [ 6.48660000e+03  6.51110000e+03  6.46860000e+03 ...  4.55879395e-02
   2.92200000e+02  2.10000000e+00]
 ...
 [ 6.50900000e+03  6.51200000e+03  6.49420000e+03 ...  4.55879395e-02
   2.92200000e+02 -2.90000000e+00]
 [ 6.50900000e+03  6.51200000e+03  6.49420000e+03 ...  4.55879395e-02
   2.92200000e+02  1.10000000e+00]
 [ 6.50900000e+03  6.51200000e+03  6.49420000e+03 ...  4.55879395e-02
   2.92200000e+02  0.00000000e+00]]
2025-06-06 17:02:56,636 - prediction_service - ERROR - Erreur: Columns must be same length as key
Traceback (most recent call last):
  File "/home/parrochia/go/src/github.com/trading-prediction-with-machine-learning/./src/prediction_service.py", line 180, in handle_websocket
    x = prepare_prediction_data()
  File "/home/parrochia/go/src/github.com/trading-prediction-with-machine-learning/./src/prediction_service.py", line 268, in prepare_prediction_data
    x = prepare_data_for_prediction(df_5min, df_1h, df_4h, df_1d, sequence_length=SEQUENCE_LENGTH)
  File "/home/parrochia/go/src/github.com/trading-prediction-with-machine-learning/./src/prediction_service.py", line 111, in prepare_data_for_prediction
    features_df[num_cols] = features_df[num_cols].apply(lambda col: col.round(4) if col.notnull().all() else col).reset_index(drop=True)
  File "/home/parrochia/.local/lib/python3.10/site-packages/pandas/core/frame.py", line 4299, in __setitem__
    self._setitem_array(key, value)
  File "/home/parrochia/.local/lib/python3.10/site-packages/pandas/core/frame.py", line 4343, in _setitem_array
    self[k1] = value[k2]
  File "/home/parrochia/.local/lib/python3.10/site-packages/pandas/core/frame.py", line 4301, in __setitem__
    self._set_item_frame_value(key, value)
  File "/home/parrochia/.local/lib/python3.10/site-packages/pandas/core/frame.py", line 4429, in _set_item_frame_value
    raise ValueError("Columns must be same length as key")
ValueError: Columns must be same length as key
2025-06-06 17:03:36,773 - websockets.server - INFO - server closing
2025-06-06 17:03:36,773 - websockets.server - INFO - server closed
2025-06-06 17:03:40,988 - absl - WARNING - Compiled the loaded model, but the compiled metrics have yet to be built. `model.compile_metrics` will be empty until you train or evaluate the model.
2025-06-06 17:03:41,672 - prediction_service - INFO - Modèle existant compatible avec 158 features
2025-06-06 17:03:41,672 - prediction_service - INFO - Démarrage du serveur WebSocket sur 0.0.0.0:8765
2025-06-06 17:03:41,686 - websockets.server - INFO - server listening on 0.0.0.0:8765
2025-06-06 17:03:44,539 - websockets.server - INFO - connection open
2025-06-06 17:03:44,542 - prediction_service - INFO - Nouvelle connexion WebSocket: ('127.0.0.1', 34684)
2025-06-06 17:03:44,668 - absl - WARNING - Compiled the loaded model, but the compiled metrics have yet to be built. `model.compile_metrics` will be empty until you train or evaluate the model.
2025-06-06 17:03:44,676 - prediction_service - INFO - Modèle chargé depuis ./model/best_model.h5
2025-06-06 17:03:45,675 - prediction_service - INFO - Message reçu: 5min - 50 barres
2025-06-06 17:03:45,683 - prediction_service - INFO - Données historiques mises à jour pour 5min: 50 barres du 2025-06-02 07:20:00 au 2025-06-02 11:25:00
2025-06-06 17:03:45,683 - prediction_service - WARNING - Données insuffisantes pour les timeframes suivants (au moins 14 lignes requises) : 1h, 4h, 1d
2025-06-06 17:03:45,684 - prediction_service - INFO - Message reçu: 1h - 50 barres
2025-06-06 17:03:45,687 - prediction_service - INFO - Données historiques mises à jour pour 1h: 50 barres du 2025-05-29 09:00:00 au 2025-06-02 13:00:00
2025-06-06 17:03:45,687 - prediction_service - WARNING - Données insuffisantes pour les timeframes suivants (au moins 14 lignes requises) : 4h, 1d
2025-06-06 17:03:45,688 - prediction_service - INFO - Message reçu: 4h - 50 barres
2025-06-06 17:03:45,691 - prediction_service - INFO - Données historiques mises à jour pour 4h: 50 barres du 2025-05-21 15:00:00 au 2025-06-02 11:00:00
2025-06-06 17:03:45,691 - prediction_service - WARNING - Données insuffisantes pour les timeframes suivants (au moins 14 lignes requises) : 1d
2025-06-06 17:03:45,692 - prediction_service - INFO - Message reçu: 1d - 50 barres
2025-06-06 17:03:45,695 - prediction_service - INFO - Données historiques mises à jour pour 1d: 50 barres du 2025-03-23 23:00:00 au 2025-06-01 22:00:00
2025-06-06 17:03:45,703 - prediction_service - INFO - DEBUG - Entrées dans prepare_data_for_prediction:
2025-06-06 17:03:45,703 - prediction_service - INFO -   5min: 49 lignes
2025-06-06 17:03:45,703 - prediction_service - INFO -   1h: 50 lignes
2025-06-06 17:03:45,703 - prediction_service - INFO -   4h: 50 lignes
2025-06-06 17:03:45,703 - prediction_service - INFO -   1d: 50 lignes
2025-06-06 17:03:47,466 - prediction_service - INFO - DEBUG - Après create_parquet: 30 lignes
2025-06-06 17:03:47,466 - prediction_service - INFO - DEBUG - Features disponibles: []
2025-06-06 17:03:47,467 - prediction_service - INFO - DEBUG - Colonnes non-numériques détectées: ['doji_type_4h', 'pattern_type_4h', 'doji_type_1d', 'pattern_type_1d']
2025-06-06 17:03:47,470 - prediction_service - INFO - DEBUG - Colonnes finales: ['Open_1h', 'High_1h', 'Low_1h', 'Close_1h', 'Volume_1h', 'Volume_SMA', 'OBV_std', 'OBV_norm_std', 'OBV_SMA_10', 'OBV_EMA_10', 'OBV_WMA_10', 'OBV_SMA_20', 'OBV_EMA_20', 'OBV_WMA_20', 'OBV_SMA_50', 'OBV_EMA_50', 'OBV_WMA_50', 'OBV_Bullish_Div_10', 'OBV_Bearish_Div_10', 'OBV_Bullish_Div_20', 'OBV_Bearish_Div_20', 'OBV_Bullish_Div_50', 'OBV_Bearish_Div_50', 'VWAP_10', 'Open_4h', 'High_4h', 'Low_4h', 'Close_4h', 'Volume_4h', 'candle_range_4h', 'corps_candle_4h', 'meche_haute_4h', 'meche_basse_4h', 'candle_trend_4h', 'doji_4h', 'doji_strength_4h', 'perfect_doji_4h', 'upper_wick_4h', 'lower_wick_4h', 'ratio_corps_4h', 'doji_invalid_4h', 'bullish_engulfing_4h', 'bearish_engulfing_4h', 'engulfing_strength_4h', 'corps_candle_prev_4h', 'corps_sum_4h', 'Volume_SMA_5_4h', 'Volume_SMA_10_4h', 'Volume_SMA_20_4h', 'Volume_Ratio_SMA5_4h', 'Volume_Ratio_SMA10_4h', 'Volume_Ratio_SMA20_4h', 'Volume_Change_1_4h', 'Volume_Change_5_4h', 'PV_Ratio_4h', 'PV_Change_4h', 'OBV_4h', 'Volume_SMA_4h', 'OBV_normalized_4h', 'OBV_norm_minmax_4h', 'OBV_std_4h', 'OBV_norm_std_4h', 'OBV_SMA_10_4h', 'OBV_EMA_10_4h', 'OBV_WMA_10_4h', 'OBV_SMA_20_4h', 'OBV_EMA_20_4h', 'OBV_WMA_20_4h', 'OBV_SMA_50_4h', 'OBV_EMA_50_4h', 'OBV_WMA_50_4h', 'OBV_Trend_short_4h', 'OBV_Trend_medium_4h', 'OBV_Trend_long_4h', 'OBV_Bullish_Div_10_4h', 'OBV_Bearish_Div_10_4h', 'OBV_Bullish_Div_20_4h', 'OBV_Bearish_Div_20_4h', 'OBV_Bullish_Div_50_4h', 'OBV_Bearish_Div_50_4h', 'MFV_4h', 'ADL_4h', 'ADL_norm_4h', 'ADL_SMA5_4h', 'ADL_SMA15_4h', 'ADL_SMA30_4h', 'ADL_Trend_4h', 'Price_Trend_4h', 'ADL_Divergence_4h', 'MFM_4h', 'CMF_20_4h', 'PVT_change_4h', 'PVT_4h', 'PVT_norm_4h', 'PVT_SMA10_4h', 'PVT_SMA30_4h', 'PVT_signal_4h', 'PVT_cross_4h', 'PVT_cross_signal_4h', 'PVT_delta5_4h', 'CCI_5_4h', 'CCI_10_4h', 'CCI_15_4h', 'Volume_Oscillator_4h', 'VWAP_4h', 'VWMA_10_4h', 'VWMA_20_4h', 'Force_Index_1_4h', 'Force_Index_13_4h', 'Typical_Price_4h', 'Raw_Money_Flow_4h', 'Typical_Price_Prev_4h', 'Money_Flow_Positive_4h', 'Money_Flow_Negative_4h', 'MFI_14_4h', 'Vol_Weighted_Up_4h', 'Vol_Weighted_Down_4h', 'Vol_Weighted_Up_Avg_4h', 'Vol_Weighted_Down_Avg_4h', 'Vol_Weighted_RSI_4h', 'VWAP_10_4h', 'Open_1d', 'High_1d', 'Low_1d', 'Close_1d', 'Volume_1d', 'candle_range_1d', 'corps_candle_1d', 'meche_haute_1d', 'meche_basse_1d', 'candle_trend_1d', 'doji_1d', 'doji_strength_1d', 'perfect_doji_1d', 'upper_wick_1d', 'lower_wick_1d', 'ratio_corps_1d', 'doji_invalid_1d', 'bullish_engulfing_1d', 'bearish_engulfing_1d', 'engulfing_strength_1d', 'corps_candle_prev_1d', 'corps_sum_1d', 'Volume_SMA_5_1d', 'Volume_SMA_10_1d', 'Volume_SMA_20_1d', 'Volume_Ratio_SMA5_1d', 'Volume_Ratio_SMA10_1d', 'Volume_Ratio_SMA20_1d', 'Volume_Change_1_1d', 'Volume_Change_5_1d', 'PV_Ratio_1d', 'PV_Change_1d', 'OBV_1d', 'Volume_SMA_1d', 'OBV_normalized_1d', 'OBV_norm_minmax_1d', 'OBV_std_1d', 'OBV_norm_std_1d', 'OBV_SMA_10_1d', 'OBV_EMA_10_1d', 'OBV_WMA_10_1d', 'OBV_SMA_20_1d', 'OBV_EMA_20_1d', 'OBV_WMA_20_1d', 'OBV_SMA_50_1d', 'OBV_EMA_50_1d', 'OBV_WMA_50_1d', 'OBV_Trend_short_1d', 'OBV_Trend_medium_1d', 'OBV_Trend_long_1d', 'OBV_Bullish_Div_10_1d', 'OBV_Bearish_Div_10_1d', 'OBV_Bullish_Div_20_1d', 'OBV_Bearish_Div_20_1d', 'OBV_Bullish_Div_50_1d', 'OBV_Bearish_Div_50_1d', 'MFV_1d', 'ADL_1d', 'ADL_norm_1d', 'ADL_SMA5_1d', 'ADL_SMA15_1d', 'ADL_SMA30_1d', 'ADL_Trend_1d', 'Price_Trend_1d', 'ADL_Divergence_1d', 'MFM_1d', 'CMF_20_1d', 'PVT_change_1d', 'PVT_1d', 'PVT_norm_1d', 'PVT_SMA10_1d', 'PVT_SMA30_1d', 'PVT_signal_1d', 'PVT_cross_1d', 'PVT_cross_signal_1d', 'PVT_delta5_1d', 'CCI_5_1d', 'CCI_10_1d', 'CCI_15_1d', 'Volume_Oscillator_1d', 'VWAP_1d', 'VWMA_10_1d', 'VWMA_20_1d', 'Force_Index_1_1d', 'Force_Index_13_1d', 'Typical_Price_1d', 'Raw_Money_Flow_1d', 'Typical_Price_Prev_1d', 'Money_Flow_Positive_1d', 'Money_Flow_Negative_1d', 'MFI_14_1d', 'Vol_Weighted_Up_1d', 'Vol_Weighted_Down_1d', 'Vol_Weighted_Up_Avg_1d', 'Vol_Weighted_Down_Avg_1d', 'Vol_Weighted_RSI_1d', 'VWAP_10_1d', 'Volume_SMA', 'OBV_std', 'OBV_norm_std', 'OBV_SMA_10', 'OBV_EMA_10', 'OBV_WMA_10', 'OBV_SMA_20', 'OBV_EMA_20', 'OBV_WMA_20', 'OBV_SMA_50', 'OBV_EMA_50', 'OBV_WMA_50', 'OBV_Bullish_Div_10', 'OBV_Bearish_Div_10', 'OBV_Bullish_Div_20', 'OBV_Bearish_Div_20', 'OBV_Bullish_Div_50', 'OBV_Bearish_Div_50', 'SuperTrend_Long', 'SuperTrend_Short', 'ADX', 'Williams_R', 'day_of_year', 'sin_day', 'cos_day', 'sin_hour', 'cos_hour', 'period_of_day', 'hourly_return', 'hourly_volatility', 'volatility_by_period', 'volatility_6h', 'volatility_12h', 'volatility_24h', 'volatility_period_0', 'volatility_period_1', 'volatility_period_2', 'volatility_period_3', 'volatility_morning', 'volatility_afternoon', 'volatility_evening', 'volatility_night', 'log_return_5m', 'log_return_1h', 'momentum_1h', 'log_return_4h', 'momentum_4h', 'log_return_1d', 'momentum_1d', 'momentum_5m']
2025-06-06 17:03:47,471 - prediction_service - INFO - DEBUG - Types de données: [dtype('float64') dtype('int64') dtype('int32')]
2025-06-06 17:03:47,472 - prediction_service - INFO - DEBUG - Colonnes finales: ['Open_1h', 'High_1h', 'Low_1h', 'Close_1h', 'Volume_1h', 'Volume_SMA', 'OBV_std', 'OBV_norm_std', 'OBV_SMA_10', 'OBV_EMA_10', 'OBV_WMA_10', 'OBV_SMA_20', 'OBV_EMA_20', 'OBV_WMA_20', 'OBV_SMA_50', 'OBV_EMA_50', 'OBV_WMA_50', 'OBV_Bullish_Div_10', 'OBV_Bearish_Div_10', 'OBV_Bullish_Div_20', 'OBV_Bearish_Div_20', 'OBV_Bullish_Div_50', 'OBV_Bearish_Div_50', 'VWAP_10', 'Open_4h', 'High_4h', 'Low_4h', 'Close_4h', 'Volume_4h', 'candle_range_4h', 'corps_candle_4h', 'meche_haute_4h', 'meche_basse_4h', 'candle_trend_4h', 'doji_4h', 'doji_strength_4h', 'perfect_doji_4h', 'upper_wick_4h', 'lower_wick_4h', 'ratio_corps_4h', 'doji_invalid_4h', 'bullish_engulfing_4h', 'bearish_engulfing_4h', 'engulfing_strength_4h', 'corps_candle_prev_4h', 'corps_sum_4h', 'Volume_SMA_5_4h', 'Volume_SMA_10_4h', 'Volume_SMA_20_4h', 'Volume_Ratio_SMA5_4h', 'Volume_Ratio_SMA10_4h', 'Volume_Ratio_SMA20_4h', 'Volume_Change_1_4h', 'Volume_Change_5_4h', 'PV_Ratio_4h', 'PV_Change_4h', 'OBV_4h', 'Volume_SMA_4h', 'OBV_normalized_4h', 'OBV_norm_minmax_4h', 'OBV_std_4h', 'OBV_norm_std_4h', 'OBV_SMA_10_4h', 'OBV_EMA_10_4h', 'OBV_WMA_10_4h', 'OBV_SMA_20_4h', 'OBV_EMA_20_4h', 'OBV_WMA_20_4h', 'OBV_SMA_50_4h', 'OBV_EMA_50_4h', 'OBV_WMA_50_4h', 'OBV_Trend_short_4h', 'OBV_Trend_medium_4h', 'OBV_Trend_long_4h', 'OBV_Bullish_Div_10_4h', 'OBV_Bearish_Div_10_4h', 'OBV_Bullish_Div_20_4h', 'OBV_Bearish_Div_20_4h', 'OBV_Bullish_Div_50_4h', 'OBV_Bearish_Div_50_4h', 'MFV_4h', 'ADL_4h', 'ADL_norm_4h', 'ADL_SMA5_4h', 'ADL_SMA15_4h', 'ADL_SMA30_4h', 'ADL_Trend_4h', 'Price_Trend_4h', 'ADL_Divergence_4h', 'MFM_4h', 'CMF_20_4h', 'PVT_change_4h', 'PVT_4h', 'PVT_norm_4h', 'PVT_SMA10_4h', 'PVT_SMA30_4h', 'PVT_signal_4h', 'PVT_cross_4h', 'PVT_cross_signal_4h', 'PVT_delta5_4h', 'CCI_5_4h', 'CCI_10_4h', 'CCI_15_4h', 'Volume_Oscillator_4h', 'VWAP_4h', 'VWMA_10_4h', 'VWMA_20_4h', 'Force_Index_1_4h', 'Force_Index_13_4h', 'Typical_Price_4h', 'Raw_Money_Flow_4h', 'Typical_Price_Prev_4h', 'Money_Flow_Positive_4h', 'Money_Flow_Negative_4h', 'MFI_14_4h', 'Vol_Weighted_Up_4h', 'Vol_Weighted_Down_4h', 'Vol_Weighted_Up_Avg_4h', 'Vol_Weighted_Down_Avg_4h', 'Vol_Weighted_RSI_4h', 'VWAP_10_4h', 'Open_1d', 'High_1d', 'Low_1d', 'Close_1d', 'Volume_1d', 'candle_range_1d', 'corps_candle_1d', 'meche_haute_1d', 'meche_basse_1d', 'candle_trend_1d', 'doji_1d', 'doji_strength_1d', 'perfect_doji_1d', 'upper_wick_1d', 'lower_wick_1d', 'ratio_corps_1d', 'doji_invalid_1d', 'bullish_engulfing_1d', 'bearish_engulfing_1d', 'engulfing_strength_1d', 'corps_candle_prev_1d', 'corps_sum_1d', 'Volume_SMA_5_1d', 'Volume_SMA_10_1d', 'Volume_SMA_20_1d', 'Volume_Ratio_SMA5_1d', 'Volume_Ratio_SMA10_1d', 'Volume_Ratio_SMA20_1d', 'Volume_Change_1_1d', 'Volume_Change_5_1d', 'PV_Ratio_1d', 'PV_Change_1d', 'OBV_1d', 'Volume_SMA_1d', 'OBV_normalized_1d', 'OBV_norm_minmax_1d', 'OBV_std_1d', 'OBV_norm_std_1d', 'OBV_SMA_10_1d', 'OBV_EMA_10_1d', 'OBV_WMA_10_1d', 'OBV_SMA_20_1d', 'OBV_EMA_20_1d', 'OBV_WMA_20_1d', 'OBV_SMA_50_1d', 'OBV_EMA_50_1d', 'OBV_WMA_50_1d', 'OBV_Trend_short_1d', 'OBV_Trend_medium_1d', 'OBV_Trend_long_1d', 'OBV_Bullish_Div_10_1d', 'OBV_Bearish_Div_10_1d', 'OBV_Bullish_Div_20_1d', 'OBV_Bearish_Div_20_1d', 'OBV_Bullish_Div_50_1d', 'OBV_Bearish_Div_50_1d', 'MFV_1d', 'ADL_1d', 'ADL_norm_1d', 'ADL_SMA5_1d', 'ADL_SMA15_1d', 'ADL_SMA30_1d', 'ADL_Trend_1d', 'Price_Trend_1d', 'ADL_Divergence_1d', 'MFM_1d', 'CMF_20_1d', 'PVT_change_1d', 'PVT_1d', 'PVT_norm_1d', 'PVT_SMA10_1d', 'PVT_SMA30_1d', 'PVT_signal_1d', 'PVT_cross_1d', 'PVT_cross_signal_1d', 'PVT_delta5_1d', 'CCI_5_1d', 'CCI_10_1d', 'CCI_15_1d', 'Volume_Oscillator_1d', 'VWAP_1d', 'VWMA_10_1d', 'VWMA_20_1d', 'Force_Index_1_1d', 'Force_Index_13_1d', 'Typical_Price_1d', 'Raw_Money_Flow_1d', 'Typical_Price_Prev_1d', 'Money_Flow_Positive_1d', 'Money_Flow_Negative_1d', 'MFI_14_1d', 'Vol_Weighted_Up_1d', 'Vol_Weighted_Down_1d', 'Vol_Weighted_Up_Avg_1d', 'Vol_Weighted_Down_Avg_1d', 'Vol_Weighted_RSI_1d', 'VWAP_10_1d', 'Volume_SMA', 'OBV_std', 'OBV_norm_std', 'OBV_SMA_10', 'OBV_EMA_10', 'OBV_WMA_10', 'OBV_SMA_20', 'OBV_EMA_20', 'OBV_WMA_20', 'OBV_SMA_50', 'OBV_EMA_50', 'OBV_WMA_50', 'OBV_Bullish_Div_10', 'OBV_Bearish_Div_10', 'OBV_Bullish_Div_20', 'OBV_Bearish_Div_20', 'OBV_Bullish_Div_50', 'OBV_Bearish_Div_50', 'SuperTrend_Long', 'SuperTrend_Short', 'ADX', 'Williams_R', 'day_of_year', 'sin_day', 'cos_day', 'sin_hour', 'cos_hour', 'period_of_day', 'hourly_return', 'hourly_volatility', 'volatility_by_period', 'volatility_6h', 'volatility_12h', 'volatility_24h', 'volatility_period_0', 'volatility_period_1', 'volatility_period_2', 'volatility_period_3', 'volatility_morning', 'volatility_afternoon', 'volatility_evening', 'volatility_night', 'log_return_5m', 'log_return_1h', 'momentum_1h', 'log_return_4h', 'momentum_4h', 'log_return_1d', 'momentum_1d', 'momentum_5m']
2025-06-06 17:03:47,472 - prediction_service - INFO - DEBUG - Statistiques descriptives des colonnes:
2025-06-06 17:03:47,844 - prediction_service - INFO - 
               count          mean           std           min           25%           50%           75%           max
Open_1h         30.0   6480.280000  1.908266e+01   6459.600000   6459.600000   6486.600000   6486.600000   6509.000000
High_1h         30.0   6501.840000  1.191341e+01   6487.500000   6487.500000   6511.100000   6511.100000   6512.000000
Low_1h          30.0   6462.680000  2.036045e+01   6441.000000   6441.000000   6468.600000   6468.600000   6494.200000
Close_1h        30.0   6498.780000  1.055221e+01   6486.500000   6486.500000   6502.100000   6509.400000   6509.400000
Volume_1h       30.0  24238.400000  5.730645e+03  13086.000000  26124.000000  26124.000000  27929.000000  27929.000000
...              ...           ...           ...           ...           ...           ...           ...           ...
log_return_4h   30.0      0.012627  2.731500e-03      0.007255      0.013969      0.013969      0.013969      0.013969
momentum_4h     30.0     81.720000  1.745335e+01     47.400000     90.300000     90.300000     90.300000     90.300000
log_return_1d   30.0      0.045588  7.057516e-18      0.045588      0.045588      0.045588      0.045588      0.045588
momentum_1d     30.0    292.200000  5.781517e-14    292.200000    292.200000    292.200000    292.200000    292.200000
momentum_5m     30.0      1.313333  6.113452e+00     -9.800000     -1.825000      0.950000      3.675000     17.800000

[268 rows x 8 columns]
2025-06-06 17:03:47,845 - prediction_service - INFO - Séquences conservées pour la prédiction (shape=(16, 268)): [[ 6.48660000e+03  6.51110000e+03  6.46860000e+03 ...  4.55879395e-02
   2.92200000e+02 -9.80000000e+00]
 [ 6.48660000e+03  6.51110000e+03  6.46860000e+03 ...  4.55879395e-02
   2.92200000e+02 -3.10000000e+00]
 [ 6.48660000e+03  6.51110000e+03  6.46860000e+03 ...  4.55879395e-02
   2.92200000e+02  2.10000000e+00]
 ...
 [ 6.50900000e+03  6.51200000e+03  6.49420000e+03 ...  4.55879395e-02
   2.92200000e+02 -2.90000000e+00]
 [ 6.50900000e+03  6.51200000e+03  6.49420000e+03 ...  4.55879395e-02
   2.92200000e+02  1.10000000e+00]
 [ 6.50900000e+03  6.51200000e+03  6.49420000e+03 ...  4.55879395e-02
   2.92200000e+02  0.00000000e+00]]
2025-06-06 17:03:47,882 - prediction_service - ERROR - Erreur: Columns must be same length as key
Traceback (most recent call last):
  File "/home/parrochia/go/src/github.com/trading-prediction-with-machine-learning/./src/prediction_service.py", line 180, in handle_websocket
    x = prepare_prediction_data()
  File "/home/parrochia/go/src/github.com/trading-prediction-with-machine-learning/./src/prediction_service.py", line 268, in prepare_prediction_data
    x = prepare_data_for_prediction(df_5min, df_1h, df_4h, df_1d, sequence_length=SEQUENCE_LENGTH)
  File "/home/parrochia/go/src/github.com/trading-prediction-with-machine-learning/./src/prediction_service.py", line 111, in prepare_data_for_prediction
    features_df[num_cols] = features_df[num_cols].apply(lambda col: col.round(4) if col.notnull().all() else col)
  File "/home/parrochia/.local/lib/python3.10/site-packages/pandas/core/frame.py", line 4299, in __setitem__
    self._setitem_array(key, value)
  File "/home/parrochia/.local/lib/python3.10/site-packages/pandas/core/frame.py", line 4343, in _setitem_array
    self[k1] = value[k2]
  File "/home/parrochia/.local/lib/python3.10/site-packages/pandas/core/frame.py", line 4301, in __setitem__
    self._set_item_frame_value(key, value)
  File "/home/parrochia/.local/lib/python3.10/site-packages/pandas/core/frame.py", line 4429, in _set_item_frame_value
    raise ValueError("Columns must be same length as key")
ValueError: Columns must be same length as key
2025-06-06 17:04:47,470 - websockets.server - INFO - server closing
2025-06-06 17:04:47,470 - websockets.server - INFO - server closed
2025-06-06 17:04:52,190 - absl - WARNING - Compiled the loaded model, but the compiled metrics have yet to be built. `model.compile_metrics` will be empty until you train or evaluate the model.
2025-06-06 17:04:52,661 - prediction_service - INFO - Modèle existant compatible avec 158 features
2025-06-06 17:04:52,661 - prediction_service - INFO - Démarrage du serveur WebSocket sur 0.0.0.0:8765
2025-06-06 17:04:52,674 - websockets.server - INFO - server listening on 0.0.0.0:8765
2025-06-06 17:04:54,879 - websockets.server - INFO - connection open
2025-06-06 17:04:54,882 - prediction_service - INFO - Nouvelle connexion WebSocket: ('127.0.0.1', 34042)
2025-06-06 17:04:54,962 - absl - WARNING - Compiled the loaded model, but the compiled metrics have yet to be built. `model.compile_metrics` will be empty until you train or evaluate the model.
2025-06-06 17:04:54,969 - prediction_service - INFO - Modèle chargé depuis ./model/best_model.h5
2025-06-06 17:04:55,746 - prediction_service - INFO - Message reçu: 5min - 50 barres
2025-06-06 17:04:55,760 - prediction_service - INFO - Données historiques mises à jour pour 5min: 50 barres du 2025-06-02 07:20:00 au 2025-06-02 11:25:00
2025-06-06 17:04:55,760 - prediction_service - WARNING - Données insuffisantes pour les timeframes suivants (au moins 14 lignes requises) : 1h, 4h, 1d
2025-06-06 17:04:55,762 - prediction_service - INFO - Message reçu: 1h - 50 barres
2025-06-06 17:04:55,766 - prediction_service - INFO - Données historiques mises à jour pour 1h: 50 barres du 2025-05-29 09:00:00 au 2025-06-02 13:00:00
2025-06-06 17:04:55,768 - prediction_service - WARNING - Données insuffisantes pour les timeframes suivants (au moins 14 lignes requises) : 4h, 1d
2025-06-06 17:04:55,769 - prediction_service - INFO - Message reçu: 4h - 50 barres
2025-06-06 17:04:55,773 - prediction_service - INFO - Données historiques mises à jour pour 4h: 50 barres du 2025-05-21 15:00:00 au 2025-06-02 11:00:00
2025-06-06 17:04:55,774 - prediction_service - WARNING - Données insuffisantes pour les timeframes suivants (au moins 14 lignes requises) : 1d
2025-06-06 17:04:55,775 - prediction_service - INFO - Message reçu: 1d - 50 barres
2025-06-06 17:04:55,780 - prediction_service - INFO - Données historiques mises à jour pour 1d: 50 barres du 2025-03-23 23:00:00 au 2025-06-01 22:00:00
2025-06-06 17:04:55,792 - prediction_service - INFO - DEBUG - Entrées dans prepare_data_for_prediction:
2025-06-06 17:04:55,792 - prediction_service - INFO -   5min: 49 lignes
2025-06-06 17:04:55,793 - prediction_service - INFO -   1h: 50 lignes
2025-06-06 17:04:55,793 - prediction_service - INFO -   4h: 50 lignes
2025-06-06 17:04:55,793 - prediction_service - INFO -   1d: 50 lignes
2025-06-06 17:04:57,095 - prediction_service - INFO - DEBUG - Après create_parquet: 30 lignes
2025-06-06 17:04:57,095 - prediction_service - INFO - DEBUG - Features disponibles: []
2025-06-06 17:04:57,095 - prediction_service - INFO - DEBUG - Colonnes non-numériques détectées: ['doji_type_4h', 'pattern_type_4h', 'doji_type_1d', 'pattern_type_1d']
2025-06-06 17:04:57,098 - prediction_service - INFO - DEBUG - Colonnes finales: ['Open_1h', 'High_1h', 'Low_1h', 'Close_1h', 'Volume_1h', 'Volume_SMA', 'OBV_std', 'OBV_norm_std', 'OBV_SMA_10', 'OBV_EMA_10', 'OBV_WMA_10', 'OBV_SMA_20', 'OBV_EMA_20', 'OBV_WMA_20', 'OBV_SMA_50', 'OBV_EMA_50', 'OBV_WMA_50', 'OBV_Bullish_Div_10', 'OBV_Bearish_Div_10', 'OBV_Bullish_Div_20', 'OBV_Bearish_Div_20', 'OBV_Bullish_Div_50', 'OBV_Bearish_Div_50', 'VWAP_10', 'Open_4h', 'High_4h', 'Low_4h', 'Close_4h', 'Volume_4h', 'candle_range_4h', 'corps_candle_4h', 'meche_haute_4h', 'meche_basse_4h', 'candle_trend_4h', 'doji_4h', 'doji_strength_4h', 'perfect_doji_4h', 'upper_wick_4h', 'lower_wick_4h', 'ratio_corps_4h', 'doji_invalid_4h', 'bullish_engulfing_4h', 'bearish_engulfing_4h', 'engulfing_strength_4h', 'corps_candle_prev_4h', 'corps_sum_4h', 'Volume_SMA_5_4h', 'Volume_SMA_10_4h', 'Volume_SMA_20_4h', 'Volume_Ratio_SMA5_4h', 'Volume_Ratio_SMA10_4h', 'Volume_Ratio_SMA20_4h', 'Volume_Change_1_4h', 'Volume_Change_5_4h', 'PV_Ratio_4h', 'PV_Change_4h', 'OBV_4h', 'Volume_SMA_4h', 'OBV_normalized_4h', 'OBV_norm_minmax_4h', 'OBV_std_4h', 'OBV_norm_std_4h', 'OBV_SMA_10_4h', 'OBV_EMA_10_4h', 'OBV_WMA_10_4h', 'OBV_SMA_20_4h', 'OBV_EMA_20_4h', 'OBV_WMA_20_4h', 'OBV_SMA_50_4h', 'OBV_EMA_50_4h', 'OBV_WMA_50_4h', 'OBV_Trend_short_4h', 'OBV_Trend_medium_4h', 'OBV_Trend_long_4h', 'OBV_Bullish_Div_10_4h', 'OBV_Bearish_Div_10_4h', 'OBV_Bullish_Div_20_4h', 'OBV_Bearish_Div_20_4h', 'OBV_Bullish_Div_50_4h', 'OBV_Bearish_Div_50_4h', 'MFV_4h', 'ADL_4h', 'ADL_norm_4h', 'ADL_SMA5_4h', 'ADL_SMA15_4h', 'ADL_SMA30_4h', 'ADL_Trend_4h', 'Price_Trend_4h', 'ADL_Divergence_4h', 'MFM_4h', 'CMF_20_4h', 'PVT_change_4h', 'PVT_4h', 'PVT_norm_4h', 'PVT_SMA10_4h', 'PVT_SMA30_4h', 'PVT_signal_4h', 'PVT_cross_4h', 'PVT_cross_signal_4h', 'PVT_delta5_4h', 'CCI_5_4h', 'CCI_10_4h', 'CCI_15_4h', 'Volume_Oscillator_4h', 'VWAP_4h', 'VWMA_10_4h', 'VWMA_20_4h', 'Force_Index_1_4h', 'Force_Index_13_4h', 'Typical_Price_4h', 'Raw_Money_Flow_4h', 'Typical_Price_Prev_4h', 'Money_Flow_Positive_4h', 'Money_Flow_Negative_4h', 'MFI_14_4h', 'Vol_Weighted_Up_4h', 'Vol_Weighted_Down_4h', 'Vol_Weighted_Up_Avg_4h', 'Vol_Weighted_Down_Avg_4h', 'Vol_Weighted_RSI_4h', 'VWAP_10_4h', 'Open_1d', 'High_1d', 'Low_1d', 'Close_1d', 'Volume_1d', 'candle_range_1d', 'corps_candle_1d', 'meche_haute_1d', 'meche_basse_1d', 'candle_trend_1d', 'doji_1d', 'doji_strength_1d', 'perfect_doji_1d', 'upper_wick_1d', 'lower_wick_1d', 'ratio_corps_1d', 'doji_invalid_1d', 'bullish_engulfing_1d', 'bearish_engulfing_1d', 'engulfing_strength_1d', 'corps_candle_prev_1d', 'corps_sum_1d', 'Volume_SMA_5_1d', 'Volume_SMA_10_1d', 'Volume_SMA_20_1d', 'Volume_Ratio_SMA5_1d', 'Volume_Ratio_SMA10_1d', 'Volume_Ratio_SMA20_1d', 'Volume_Change_1_1d', 'Volume_Change_5_1d', 'PV_Ratio_1d', 'PV_Change_1d', 'OBV_1d', 'Volume_SMA_1d', 'OBV_normalized_1d', 'OBV_norm_minmax_1d', 'OBV_std_1d', 'OBV_norm_std_1d', 'OBV_SMA_10_1d', 'OBV_EMA_10_1d', 'OBV_WMA_10_1d', 'OBV_SMA_20_1d', 'OBV_EMA_20_1d', 'OBV_WMA_20_1d', 'OBV_SMA_50_1d', 'OBV_EMA_50_1d', 'OBV_WMA_50_1d', 'OBV_Trend_short_1d', 'OBV_Trend_medium_1d', 'OBV_Trend_long_1d', 'OBV_Bullish_Div_10_1d', 'OBV_Bearish_Div_10_1d', 'OBV_Bullish_Div_20_1d', 'OBV_Bearish_Div_20_1d', 'OBV_Bullish_Div_50_1d', 'OBV_Bearish_Div_50_1d', 'MFV_1d', 'ADL_1d', 'ADL_norm_1d', 'ADL_SMA5_1d', 'ADL_SMA15_1d', 'ADL_SMA30_1d', 'ADL_Trend_1d', 'Price_Trend_1d', 'ADL_Divergence_1d', 'MFM_1d', 'CMF_20_1d', 'PVT_change_1d', 'PVT_1d', 'PVT_norm_1d', 'PVT_SMA10_1d', 'PVT_SMA30_1d', 'PVT_signal_1d', 'PVT_cross_1d', 'PVT_cross_signal_1d', 'PVT_delta5_1d', 'CCI_5_1d', 'CCI_10_1d', 'CCI_15_1d', 'Volume_Oscillator_1d', 'VWAP_1d', 'VWMA_10_1d', 'VWMA_20_1d', 'Force_Index_1_1d', 'Force_Index_13_1d', 'Typical_Price_1d', 'Raw_Money_Flow_1d', 'Typical_Price_Prev_1d', 'Money_Flow_Positive_1d', 'Money_Flow_Negative_1d', 'MFI_14_1d', 'Vol_Weighted_Up_1d', 'Vol_Weighted_Down_1d', 'Vol_Weighted_Up_Avg_1d', 'Vol_Weighted_Down_Avg_1d', 'Vol_Weighted_RSI_1d', 'VWAP_10_1d', 'Volume_SMA', 'OBV_std', 'OBV_norm_std', 'OBV_SMA_10', 'OBV_EMA_10', 'OBV_WMA_10', 'OBV_SMA_20', 'OBV_EMA_20', 'OBV_WMA_20', 'OBV_SMA_50', 'OBV_EMA_50', 'OBV_WMA_50', 'OBV_Bullish_Div_10', 'OBV_Bearish_Div_10', 'OBV_Bullish_Div_20', 'OBV_Bearish_Div_20', 'OBV_Bullish_Div_50', 'OBV_Bearish_Div_50', 'SuperTrend_Long', 'SuperTrend_Short', 'ADX', 'Williams_R', 'day_of_year', 'sin_day', 'cos_day', 'sin_hour', 'cos_hour', 'period_of_day', 'hourly_return', 'hourly_volatility', 'volatility_by_period', 'volatility_6h', 'volatility_12h', 'volatility_24h', 'volatility_period_0', 'volatility_period_1', 'volatility_period_2', 'volatility_period_3', 'volatility_morning', 'volatility_afternoon', 'volatility_evening', 'volatility_night', 'log_return_5m', 'log_return_1h', 'momentum_1h', 'log_return_4h', 'momentum_4h', 'log_return_1d', 'momentum_1d', 'momentum_5m']
2025-06-06 17:04:57,099 - prediction_service - INFO - DEBUG - Types de données: [dtype('float64') dtype('int64') dtype('int32')]
2025-06-06 17:04:57,099 - prediction_service - INFO - DEBUG - Colonnes finales: ['Open_1h', 'High_1h', 'Low_1h', 'Close_1h', 'Volume_1h', 'Volume_SMA', 'OBV_std', 'OBV_norm_std', 'OBV_SMA_10', 'OBV_EMA_10', 'OBV_WMA_10', 'OBV_SMA_20', 'OBV_EMA_20', 'OBV_WMA_20', 'OBV_SMA_50', 'OBV_EMA_50', 'OBV_WMA_50', 'OBV_Bullish_Div_10', 'OBV_Bearish_Div_10', 'OBV_Bullish_Div_20', 'OBV_Bearish_Div_20', 'OBV_Bullish_Div_50', 'OBV_Bearish_Div_50', 'VWAP_10', 'Open_4h', 'High_4h', 'Low_4h', 'Close_4h', 'Volume_4h', 'candle_range_4h', 'corps_candle_4h', 'meche_haute_4h', 'meche_basse_4h', 'candle_trend_4h', 'doji_4h', 'doji_strength_4h', 'perfect_doji_4h', 'upper_wick_4h', 'lower_wick_4h', 'ratio_corps_4h', 'doji_invalid_4h', 'bullish_engulfing_4h', 'bearish_engulfing_4h', 'engulfing_strength_4h', 'corps_candle_prev_4h', 'corps_sum_4h', 'Volume_SMA_5_4h', 'Volume_SMA_10_4h', 'Volume_SMA_20_4h', 'Volume_Ratio_SMA5_4h', 'Volume_Ratio_SMA10_4h', 'Volume_Ratio_SMA20_4h', 'Volume_Change_1_4h', 'Volume_Change_5_4h', 'PV_Ratio_4h', 'PV_Change_4h', 'OBV_4h', 'Volume_SMA_4h', 'OBV_normalized_4h', 'OBV_norm_minmax_4h', 'OBV_std_4h', 'OBV_norm_std_4h', 'OBV_SMA_10_4h', 'OBV_EMA_10_4h', 'OBV_WMA_10_4h', 'OBV_SMA_20_4h', 'OBV_EMA_20_4h', 'OBV_WMA_20_4h', 'OBV_SMA_50_4h', 'OBV_EMA_50_4h', 'OBV_WMA_50_4h', 'OBV_Trend_short_4h', 'OBV_Trend_medium_4h', 'OBV_Trend_long_4h', 'OBV_Bullish_Div_10_4h', 'OBV_Bearish_Div_10_4h', 'OBV_Bullish_Div_20_4h', 'OBV_Bearish_Div_20_4h', 'OBV_Bullish_Div_50_4h', 'OBV_Bearish_Div_50_4h', 'MFV_4h', 'ADL_4h', 'ADL_norm_4h', 'ADL_SMA5_4h', 'ADL_SMA15_4h', 'ADL_SMA30_4h', 'ADL_Trend_4h', 'Price_Trend_4h', 'ADL_Divergence_4h', 'MFM_4h', 'CMF_20_4h', 'PVT_change_4h', 'PVT_4h', 'PVT_norm_4h', 'PVT_SMA10_4h', 'PVT_SMA30_4h', 'PVT_signal_4h', 'PVT_cross_4h', 'PVT_cross_signal_4h', 'PVT_delta5_4h', 'CCI_5_4h', 'CCI_10_4h', 'CCI_15_4h', 'Volume_Oscillator_4h', 'VWAP_4h', 'VWMA_10_4h', 'VWMA_20_4h', 'Force_Index_1_4h', 'Force_Index_13_4h', 'Typical_Price_4h', 'Raw_Money_Flow_4h', 'Typical_Price_Prev_4h', 'Money_Flow_Positive_4h', 'Money_Flow_Negative_4h', 'MFI_14_4h', 'Vol_Weighted_Up_4h', 'Vol_Weighted_Down_4h', 'Vol_Weighted_Up_Avg_4h', 'Vol_Weighted_Down_Avg_4h', 'Vol_Weighted_RSI_4h', 'VWAP_10_4h', 'Open_1d', 'High_1d', 'Low_1d', 'Close_1d', 'Volume_1d', 'candle_range_1d', 'corps_candle_1d', 'meche_haute_1d', 'meche_basse_1d', 'candle_trend_1d', 'doji_1d', 'doji_strength_1d', 'perfect_doji_1d', 'upper_wick_1d', 'lower_wick_1d', 'ratio_corps_1d', 'doji_invalid_1d', 'bullish_engulfing_1d', 'bearish_engulfing_1d', 'engulfing_strength_1d', 'corps_candle_prev_1d', 'corps_sum_1d', 'Volume_SMA_5_1d', 'Volume_SMA_10_1d', 'Volume_SMA_20_1d', 'Volume_Ratio_SMA5_1d', 'Volume_Ratio_SMA10_1d', 'Volume_Ratio_SMA20_1d', 'Volume_Change_1_1d', 'Volume_Change_5_1d', 'PV_Ratio_1d', 'PV_Change_1d', 'OBV_1d', 'Volume_SMA_1d', 'OBV_normalized_1d', 'OBV_norm_minmax_1d', 'OBV_std_1d', 'OBV_norm_std_1d', 'OBV_SMA_10_1d', 'OBV_EMA_10_1d', 'OBV_WMA_10_1d', 'OBV_SMA_20_1d', 'OBV_EMA_20_1d', 'OBV_WMA_20_1d', 'OBV_SMA_50_1d', 'OBV_EMA_50_1d', 'OBV_WMA_50_1d', 'OBV_Trend_short_1d', 'OBV_Trend_medium_1d', 'OBV_Trend_long_1d', 'OBV_Bullish_Div_10_1d', 'OBV_Bearish_Div_10_1d', 'OBV_Bullish_Div_20_1d', 'OBV_Bearish_Div_20_1d', 'OBV_Bullish_Div_50_1d', 'OBV_Bearish_Div_50_1d', 'MFV_1d', 'ADL_1d', 'ADL_norm_1d', 'ADL_SMA5_1d', 'ADL_SMA15_1d', 'ADL_SMA30_1d', 'ADL_Trend_1d', 'Price_Trend_1d', 'ADL_Divergence_1d', 'MFM_1d', 'CMF_20_1d', 'PVT_change_1d', 'PVT_1d', 'PVT_norm_1d', 'PVT_SMA10_1d', 'PVT_SMA30_1d', 'PVT_signal_1d', 'PVT_cross_1d', 'PVT_cross_signal_1d', 'PVT_delta5_1d', 'CCI_5_1d', 'CCI_10_1d', 'CCI_15_1d', 'Volume_Oscillator_1d', 'VWAP_1d', 'VWMA_10_1d', 'VWMA_20_1d', 'Force_Index_1_1d', 'Force_Index_13_1d', 'Typical_Price_1d', 'Raw_Money_Flow_1d', 'Typical_Price_Prev_1d', 'Money_Flow_Positive_1d', 'Money_Flow_Negative_1d', 'MFI_14_1d', 'Vol_Weighted_Up_1d', 'Vol_Weighted_Down_1d', 'Vol_Weighted_Up_Avg_1d', 'Vol_Weighted_Down_Avg_1d', 'Vol_Weighted_RSI_1d', 'VWAP_10_1d', 'Volume_SMA', 'OBV_std', 'OBV_norm_std', 'OBV_SMA_10', 'OBV_EMA_10', 'OBV_WMA_10', 'OBV_SMA_20', 'OBV_EMA_20', 'OBV_WMA_20', 'OBV_SMA_50', 'OBV_EMA_50', 'OBV_WMA_50', 'OBV_Bullish_Div_10', 'OBV_Bearish_Div_10', 'OBV_Bullish_Div_20', 'OBV_Bearish_Div_20', 'OBV_Bullish_Div_50', 'OBV_Bearish_Div_50', 'SuperTrend_Long', 'SuperTrend_Short', 'ADX', 'Williams_R', 'day_of_year', 'sin_day', 'cos_day', 'sin_hour', 'cos_hour', 'period_of_day', 'hourly_return', 'hourly_volatility', 'volatility_by_period', 'volatility_6h', 'volatility_12h', 'volatility_24h', 'volatility_period_0', 'volatility_period_1', 'volatility_period_2', 'volatility_period_3', 'volatility_morning', 'volatility_afternoon', 'volatility_evening', 'volatility_night', 'log_return_5m', 'log_return_1h', 'momentum_1h', 'log_return_4h', 'momentum_4h', 'log_return_1d', 'momentum_1d', 'momentum_5m']
2025-06-06 17:04:57,099 - prediction_service - INFO - DEBUG - Statistiques descriptives des colonnes:
2025-06-06 17:04:57,403 - prediction_service - INFO - 
               count          mean           std           min           25%           50%           75%           max
Open_1h         30.0   6480.280000  1.908266e+01   6459.600000   6459.600000   6486.600000   6486.600000   6509.000000
High_1h         30.0   6501.840000  1.191341e+01   6487.500000   6487.500000   6511.100000   6511.100000   6512.000000
Low_1h          30.0   6462.680000  2.036045e+01   6441.000000   6441.000000   6468.600000   6468.600000   6494.200000
Close_1h        30.0   6498.780000  1.055221e+01   6486.500000   6486.500000   6502.100000   6509.400000   6509.400000
Volume_1h       30.0  24238.400000  5.730645e+03  13086.000000  26124.000000  26124.000000  27929.000000  27929.000000
...              ...           ...           ...           ...           ...           ...           ...           ...
log_return_4h   30.0      0.012627  2.731500e-03      0.007255      0.013969      0.013969      0.013969      0.013969
momentum_4h     30.0     81.720000  1.745335e+01     47.400000     90.300000     90.300000     90.300000     90.300000
log_return_1d   30.0      0.045588  7.057516e-18      0.045588      0.045588      0.045588      0.045588      0.045588
momentum_1d     30.0    292.200000  5.781517e-14    292.200000    292.200000    292.200000    292.200000    292.200000
momentum_5m     30.0      1.313333  6.113452e+00     -9.800000     -1.825000      0.950000      3.675000     17.800000

[268 rows x 8 columns]
2025-06-06 17:04:57,404 - prediction_service - INFO - Séquences conservées pour la prédiction (shape=(16, 268)): [[ 6.48660000e+03  6.51110000e+03  6.46860000e+03 ...  4.55879395e-02
   2.92200000e+02 -9.80000000e+00]
 [ 6.48660000e+03  6.51110000e+03  6.46860000e+03 ...  4.55879395e-02
   2.92200000e+02 -3.10000000e+00]
 [ 6.48660000e+03  6.51110000e+03  6.46860000e+03 ...  4.55879395e-02
   2.92200000e+02  2.10000000e+00]
 ...
 [ 6.50900000e+03  6.51200000e+03  6.49420000e+03 ...  4.55879395e-02
   2.92200000e+02 -2.90000000e+00]
 [ 6.50900000e+03  6.51200000e+03  6.49420000e+03 ...  4.55879395e-02
   2.92200000e+02  1.10000000e+00]
 [ 6.50900000e+03  6.51200000e+03  6.49420000e+03 ...  4.55879395e-02
   2.92200000e+02  0.00000000e+00]]
2025-06-06 17:04:57,408 - prediction_service - ERROR - Erreur: Columns must be same length as key
Traceback (most recent call last):
  File "/home/parrochia/go/src/github.com/trading-prediction-with-machine-learning/./src/prediction_service.py", line 179, in handle_websocket
    x = prepare_prediction_data()
  File "/home/parrochia/go/src/github.com/trading-prediction-with-machine-learning/./src/prediction_service.py", line 267, in prepare_prediction_data
    x = prepare_data_for_prediction(df_5min, df_1h, df_4h, df_1d, sequence_length=SEQUENCE_LENGTH)
  File "/home/parrochia/go/src/github.com/trading-prediction-with-machine-learning/./src/prediction_service.py", line 110, in prepare_data_for_prediction
    features_df[num_cols] = features_df[num_cols].round(4)
  File "/home/parrochia/.local/lib/python3.10/site-packages/pandas/core/frame.py", line 4299, in __setitem__
    self._setitem_array(key, value)
  File "/home/parrochia/.local/lib/python3.10/site-packages/pandas/core/frame.py", line 4343, in _setitem_array
    self[k1] = value[k2]
  File "/home/parrochia/.local/lib/python3.10/site-packages/pandas/core/frame.py", line 4301, in __setitem__
    self._set_item_frame_value(key, value)
  File "/home/parrochia/.local/lib/python3.10/site-packages/pandas/core/frame.py", line 4429, in _set_item_frame_value
    raise ValueError("Columns must be same length as key")
ValueError: Columns must be same length as key
2025-06-06 17:09:23,960 - websockets.server - INFO - server closing
2025-06-06 17:09:23,960 - websockets.server - INFO - server closed
2025-06-06 17:09:29,985 - absl - WARNING - Compiled the loaded model, but the compiled metrics have yet to be built. `model.compile_metrics` will be empty until you train or evaluate the model.
2025-06-06 17:09:30,622 - prediction_service - INFO - Modèle existant compatible avec 158 features
2025-06-06 17:09:30,622 - prediction_service - INFO - Démarrage du serveur WebSocket sur 0.0.0.0:8765
2025-06-06 17:09:30,644 - websockets.server - INFO - server listening on 0.0.0.0:8765
2025-06-06 17:09:30,788 - websockets.server - INFO - connection open
2025-06-06 17:09:30,789 - prediction_service - INFO - Nouvelle connexion WebSocket: ('127.0.0.1', 58212)
2025-06-06 17:09:30,853 - absl - WARNING - Compiled the loaded model, but the compiled metrics have yet to be built. `model.compile_metrics` will be empty until you train or evaluate the model.
2025-06-06 17:09:30,858 - prediction_service - INFO - Modèle chargé depuis ./model/best_model.h5
2025-06-06 17:09:31,646 - prediction_service - INFO - Message reçu: 5min - 50 barres
2025-06-06 17:09:31,654 - prediction_service - INFO - Données historiques mises à jour pour 5min: 50 barres du 2025-06-02 07:20:00 au 2025-06-02 11:25:00
2025-06-06 17:09:31,654 - prediction_service - WARNING - Données insuffisantes pour les timeframes suivants (au moins 14 lignes requises) : 1h, 4h, 1d
2025-06-06 17:09:31,655 - prediction_service - INFO - Message reçu: 1h - 50 barres
2025-06-06 17:09:31,659 - prediction_service - INFO - Données historiques mises à jour pour 1h: 50 barres du 2025-05-29 09:00:00 au 2025-06-02 13:00:00
2025-06-06 17:09:31,659 - prediction_service - WARNING - Données insuffisantes pour les timeframes suivants (au moins 14 lignes requises) : 4h, 1d
2025-06-06 17:09:31,659 - prediction_service - INFO - Message reçu: 4h - 50 barres
2025-06-06 17:09:31,663 - prediction_service - INFO - Données historiques mises à jour pour 4h: 50 barres du 2025-05-21 15:00:00 au 2025-06-02 11:00:00
2025-06-06 17:09:31,663 - prediction_service - WARNING - Données insuffisantes pour les timeframes suivants (au moins 14 lignes requises) : 1d
2025-06-06 17:09:31,665 - prediction_service - INFO - Message reçu: 1d - 50 barres
2025-06-06 17:09:31,669 - prediction_service - INFO - Données historiques mises à jour pour 1d: 50 barres du 2025-03-23 23:00:00 au 2025-06-01 22:00:00
2025-06-06 17:09:31,678 - prediction_service - INFO - DEBUG - Entrées dans prepare_data_for_prediction:
2025-06-06 17:09:31,678 - prediction_service - INFO -   5min: 49 lignes
2025-06-06 17:09:31,678 - prediction_service - INFO -   1h: 50 lignes
2025-06-06 17:09:31,678 - prediction_service - INFO -   4h: 50 lignes
2025-06-06 17:09:31,679 - prediction_service - INFO -   1d: 50 lignes
2025-06-06 17:09:33,179 - prediction_service - INFO - DEBUG - Après create_parquet: 30 lignes
2025-06-06 17:09:33,180 - prediction_service - INFO - DEBUG - Features disponibles: []
2025-06-06 17:09:33,180 - prediction_service - INFO - DEBUG - Colonnes non-numériques détectées: ['doji_type_4h', 'pattern_type_4h', 'doji_type_1d', 'pattern_type_1d']
2025-06-06 17:09:33,182 - prediction_service - INFO - DEBUG - Colonnes finales: ['Open_1h', 'High_1h', 'Low_1h', 'Close_1h', 'Volume_1h', 'Volume_SMA', 'OBV_std', 'OBV_norm_std', 'OBV_SMA_10', 'OBV_EMA_10', 'OBV_WMA_10', 'OBV_SMA_20', 'OBV_EMA_20', 'OBV_WMA_20', 'OBV_SMA_50', 'OBV_EMA_50', 'OBV_WMA_50', 'OBV_Bullish_Div_10', 'OBV_Bearish_Div_10', 'OBV_Bullish_Div_20', 'OBV_Bearish_Div_20', 'OBV_Bullish_Div_50', 'OBV_Bearish_Div_50', 'VWAP_10', 'Open_4h', 'High_4h', 'Low_4h', 'Close_4h', 'Volume_4h', 'candle_range_4h', 'corps_candle_4h', 'meche_haute_4h', 'meche_basse_4h', 'candle_trend_4h', 'doji_4h', 'doji_strength_4h', 'perfect_doji_4h', 'upper_wick_4h', 'lower_wick_4h', 'ratio_corps_4h', 'doji_invalid_4h', 'bullish_engulfing_4h', 'bearish_engulfing_4h', 'engulfing_strength_4h', 'corps_candle_prev_4h', 'corps_sum_4h', 'Volume_SMA_5_4h', 'Volume_SMA_10_4h', 'Volume_SMA_20_4h', 'Volume_Ratio_SMA5_4h', 'Volume_Ratio_SMA10_4h', 'Volume_Ratio_SMA20_4h', 'Volume_Change_1_4h', 'Volume_Change_5_4h', 'PV_Ratio_4h', 'PV_Change_4h', 'OBV_4h', 'Volume_SMA_4h', 'OBV_normalized_4h', 'OBV_norm_minmax_4h', 'OBV_std_4h', 'OBV_norm_std_4h', 'OBV_SMA_10_4h', 'OBV_EMA_10_4h', 'OBV_WMA_10_4h', 'OBV_SMA_20_4h', 'OBV_EMA_20_4h', 'OBV_WMA_20_4h', 'OBV_SMA_50_4h', 'OBV_EMA_50_4h', 'OBV_WMA_50_4h', 'OBV_Trend_short_4h', 'OBV_Trend_medium_4h', 'OBV_Trend_long_4h', 'OBV_Bullish_Div_10_4h', 'OBV_Bearish_Div_10_4h', 'OBV_Bullish_Div_20_4h', 'OBV_Bearish_Div_20_4h', 'OBV_Bullish_Div_50_4h', 'OBV_Bearish_Div_50_4h', 'MFV_4h', 'ADL_4h', 'ADL_norm_4h', 'ADL_SMA5_4h', 'ADL_SMA15_4h', 'ADL_SMA30_4h', 'ADL_Trend_4h', 'Price_Trend_4h', 'ADL_Divergence_4h', 'MFM_4h', 'CMF_20_4h', 'PVT_change_4h', 'PVT_4h', 'PVT_norm_4h', 'PVT_SMA10_4h', 'PVT_SMA30_4h', 'PVT_signal_4h', 'PVT_cross_4h', 'PVT_cross_signal_4h', 'PVT_delta5_4h', 'CCI_5_4h', 'CCI_10_4h', 'CCI_15_4h', 'Volume_Oscillator_4h', 'VWAP_4h', 'VWMA_10_4h', 'VWMA_20_4h', 'Force_Index_1_4h', 'Force_Index_13_4h', 'Typical_Price_4h', 'Raw_Money_Flow_4h', 'Typical_Price_Prev_4h', 'Money_Flow_Positive_4h', 'Money_Flow_Negative_4h', 'MFI_14_4h', 'Vol_Weighted_Up_4h', 'Vol_Weighted_Down_4h', 'Vol_Weighted_Up_Avg_4h', 'Vol_Weighted_Down_Avg_4h', 'Vol_Weighted_RSI_4h', 'VWAP_10_4h', 'Open_1d', 'High_1d', 'Low_1d', 'Close_1d', 'Volume_1d', 'candle_range_1d', 'corps_candle_1d', 'meche_haute_1d', 'meche_basse_1d', 'candle_trend_1d', 'doji_1d', 'doji_strength_1d', 'perfect_doji_1d', 'upper_wick_1d', 'lower_wick_1d', 'ratio_corps_1d', 'doji_invalid_1d', 'bullish_engulfing_1d', 'bearish_engulfing_1d', 'engulfing_strength_1d', 'corps_candle_prev_1d', 'corps_sum_1d', 'Volume_SMA_5_1d', 'Volume_SMA_10_1d', 'Volume_SMA_20_1d', 'Volume_Ratio_SMA5_1d', 'Volume_Ratio_SMA10_1d', 'Volume_Ratio_SMA20_1d', 'Volume_Change_1_1d', 'Volume_Change_5_1d', 'PV_Ratio_1d', 'PV_Change_1d', 'OBV_1d', 'Volume_SMA_1d', 'OBV_normalized_1d', 'OBV_norm_minmax_1d', 'OBV_std_1d', 'OBV_norm_std_1d', 'OBV_SMA_10_1d', 'OBV_EMA_10_1d', 'OBV_WMA_10_1d', 'OBV_SMA_20_1d', 'OBV_EMA_20_1d', 'OBV_WMA_20_1d', 'OBV_SMA_50_1d', 'OBV_EMA_50_1d', 'OBV_WMA_50_1d', 'OBV_Trend_short_1d', 'OBV_Trend_medium_1d', 'OBV_Trend_long_1d', 'OBV_Bullish_Div_10_1d', 'OBV_Bearish_Div_10_1d', 'OBV_Bullish_Div_20_1d', 'OBV_Bearish_Div_20_1d', 'OBV_Bullish_Div_50_1d', 'OBV_Bearish_Div_50_1d', 'MFV_1d', 'ADL_1d', 'ADL_norm_1d', 'ADL_SMA5_1d', 'ADL_SMA15_1d', 'ADL_SMA30_1d', 'ADL_Trend_1d', 'Price_Trend_1d', 'ADL_Divergence_1d', 'MFM_1d', 'CMF_20_1d', 'PVT_change_1d', 'PVT_1d', 'PVT_norm_1d', 'PVT_SMA10_1d', 'PVT_SMA30_1d', 'PVT_signal_1d', 'PVT_cross_1d', 'PVT_cross_signal_1d', 'PVT_delta5_1d', 'CCI_5_1d', 'CCI_10_1d', 'CCI_15_1d', 'Volume_Oscillator_1d', 'VWAP_1d', 'VWMA_10_1d', 'VWMA_20_1d', 'Force_Index_1_1d', 'Force_Index_13_1d', 'Typical_Price_1d', 'Raw_Money_Flow_1d', 'Typical_Price_Prev_1d', 'Money_Flow_Positive_1d', 'Money_Flow_Negative_1d', 'MFI_14_1d', 'Vol_Weighted_Up_1d', 'Vol_Weighted_Down_1d', 'Vol_Weighted_Up_Avg_1d', 'Vol_Weighted_Down_Avg_1d', 'Vol_Weighted_RSI_1d', 'VWAP_10_1d', 'Volume_SMA', 'OBV_std', 'OBV_norm_std', 'OBV_SMA_10', 'OBV_EMA_10', 'OBV_WMA_10', 'OBV_SMA_20', 'OBV_EMA_20', 'OBV_WMA_20', 'OBV_SMA_50', 'OBV_EMA_50', 'OBV_WMA_50', 'OBV_Bullish_Div_10', 'OBV_Bearish_Div_10', 'OBV_Bullish_Div_20', 'OBV_Bearish_Div_20', 'OBV_Bullish_Div_50', 'OBV_Bearish_Div_50', 'SuperTrend_Long', 'SuperTrend_Short', 'ADX', 'Williams_R', 'day_of_year', 'sin_day', 'cos_day', 'sin_hour', 'cos_hour', 'period_of_day', 'hourly_return', 'hourly_volatility', 'volatility_by_period', 'volatility_6h', 'volatility_12h', 'volatility_24h', 'volatility_period_0', 'volatility_period_1', 'volatility_period_2', 'volatility_period_3', 'volatility_morning', 'volatility_afternoon', 'volatility_evening', 'volatility_night', 'log_return_5m', 'log_return_1h', 'momentum_1h', 'log_return_4h', 'momentum_4h', 'log_return_1d', 'momentum_1d', 'momentum_5m']
2025-06-06 17:09:33,183 - prediction_service - INFO - DEBUG - Types de données: [dtype('float64') dtype('int64') dtype('int32')]
2025-06-06 17:09:33,183 - prediction_service - INFO - DEBUG - Colonnes finales: ['Open_1h', 'High_1h', 'Low_1h', 'Close_1h', 'Volume_1h', 'Volume_SMA', 'OBV_std', 'OBV_norm_std', 'OBV_SMA_10', 'OBV_EMA_10', 'OBV_WMA_10', 'OBV_SMA_20', 'OBV_EMA_20', 'OBV_WMA_20', 'OBV_SMA_50', 'OBV_EMA_50', 'OBV_WMA_50', 'OBV_Bullish_Div_10', 'OBV_Bearish_Div_10', 'OBV_Bullish_Div_20', 'OBV_Bearish_Div_20', 'OBV_Bullish_Div_50', 'OBV_Bearish_Div_50', 'VWAP_10', 'Open_4h', 'High_4h', 'Low_4h', 'Close_4h', 'Volume_4h', 'candle_range_4h', 'corps_candle_4h', 'meche_haute_4h', 'meche_basse_4h', 'candle_trend_4h', 'doji_4h', 'doji_strength_4h', 'perfect_doji_4h', 'upper_wick_4h', 'lower_wick_4h', 'ratio_corps_4h', 'doji_invalid_4h', 'bullish_engulfing_4h', 'bearish_engulfing_4h', 'engulfing_strength_4h', 'corps_candle_prev_4h', 'corps_sum_4h', 'Volume_SMA_5_4h', 'Volume_SMA_10_4h', 'Volume_SMA_20_4h', 'Volume_Ratio_SMA5_4h', 'Volume_Ratio_SMA10_4h', 'Volume_Ratio_SMA20_4h', 'Volume_Change_1_4h', 'Volume_Change_5_4h', 'PV_Ratio_4h', 'PV_Change_4h', 'OBV_4h', 'Volume_SMA_4h', 'OBV_normalized_4h', 'OBV_norm_minmax_4h', 'OBV_std_4h', 'OBV_norm_std_4h', 'OBV_SMA_10_4h', 'OBV_EMA_10_4h', 'OBV_WMA_10_4h', 'OBV_SMA_20_4h', 'OBV_EMA_20_4h', 'OBV_WMA_20_4h', 'OBV_SMA_50_4h', 'OBV_EMA_50_4h', 'OBV_WMA_50_4h', 'OBV_Trend_short_4h', 'OBV_Trend_medium_4h', 'OBV_Trend_long_4h', 'OBV_Bullish_Div_10_4h', 'OBV_Bearish_Div_10_4h', 'OBV_Bullish_Div_20_4h', 'OBV_Bearish_Div_20_4h', 'OBV_Bullish_Div_50_4h', 'OBV_Bearish_Div_50_4h', 'MFV_4h', 'ADL_4h', 'ADL_norm_4h', 'ADL_SMA5_4h', 'ADL_SMA15_4h', 'ADL_SMA30_4h', 'ADL_Trend_4h', 'Price_Trend_4h', 'ADL_Divergence_4h', 'MFM_4h', 'CMF_20_4h', 'PVT_change_4h', 'PVT_4h', 'PVT_norm_4h', 'PVT_SMA10_4h', 'PVT_SMA30_4h', 'PVT_signal_4h', 'PVT_cross_4h', 'PVT_cross_signal_4h', 'PVT_delta5_4h', 'CCI_5_4h', 'CCI_10_4h', 'CCI_15_4h', 'Volume_Oscillator_4h', 'VWAP_4h', 'VWMA_10_4h', 'VWMA_20_4h', 'Force_Index_1_4h', 'Force_Index_13_4h', 'Typical_Price_4h', 'Raw_Money_Flow_4h', 'Typical_Price_Prev_4h', 'Money_Flow_Positive_4h', 'Money_Flow_Negative_4h', 'MFI_14_4h', 'Vol_Weighted_Up_4h', 'Vol_Weighted_Down_4h', 'Vol_Weighted_Up_Avg_4h', 'Vol_Weighted_Down_Avg_4h', 'Vol_Weighted_RSI_4h', 'VWAP_10_4h', 'Open_1d', 'High_1d', 'Low_1d', 'Close_1d', 'Volume_1d', 'candle_range_1d', 'corps_candle_1d', 'meche_haute_1d', 'meche_basse_1d', 'candle_trend_1d', 'doji_1d', 'doji_strength_1d', 'perfect_doji_1d', 'upper_wick_1d', 'lower_wick_1d', 'ratio_corps_1d', 'doji_invalid_1d', 'bullish_engulfing_1d', 'bearish_engulfing_1d', 'engulfing_strength_1d', 'corps_candle_prev_1d', 'corps_sum_1d', 'Volume_SMA_5_1d', 'Volume_SMA_10_1d', 'Volume_SMA_20_1d', 'Volume_Ratio_SMA5_1d', 'Volume_Ratio_SMA10_1d', 'Volume_Ratio_SMA20_1d', 'Volume_Change_1_1d', 'Volume_Change_5_1d', 'PV_Ratio_1d', 'PV_Change_1d', 'OBV_1d', 'Volume_SMA_1d', 'OBV_normalized_1d', 'OBV_norm_minmax_1d', 'OBV_std_1d', 'OBV_norm_std_1d', 'OBV_SMA_10_1d', 'OBV_EMA_10_1d', 'OBV_WMA_10_1d', 'OBV_SMA_20_1d', 'OBV_EMA_20_1d', 'OBV_WMA_20_1d', 'OBV_SMA_50_1d', 'OBV_EMA_50_1d', 'OBV_WMA_50_1d', 'OBV_Trend_short_1d', 'OBV_Trend_medium_1d', 'OBV_Trend_long_1d', 'OBV_Bullish_Div_10_1d', 'OBV_Bearish_Div_10_1d', 'OBV_Bullish_Div_20_1d', 'OBV_Bearish_Div_20_1d', 'OBV_Bullish_Div_50_1d', 'OBV_Bearish_Div_50_1d', 'MFV_1d', 'ADL_1d', 'ADL_norm_1d', 'ADL_SMA5_1d', 'ADL_SMA15_1d', 'ADL_SMA30_1d', 'ADL_Trend_1d', 'Price_Trend_1d', 'ADL_Divergence_1d', 'MFM_1d', 'CMF_20_1d', 'PVT_change_1d', 'PVT_1d', 'PVT_norm_1d', 'PVT_SMA10_1d', 'PVT_SMA30_1d', 'PVT_signal_1d', 'PVT_cross_1d', 'PVT_cross_signal_1d', 'PVT_delta5_1d', 'CCI_5_1d', 'CCI_10_1d', 'CCI_15_1d', 'Volume_Oscillator_1d', 'VWAP_1d', 'VWMA_10_1d', 'VWMA_20_1d', 'Force_Index_1_1d', 'Force_Index_13_1d', 'Typical_Price_1d', 'Raw_Money_Flow_1d', 'Typical_Price_Prev_1d', 'Money_Flow_Positive_1d', 'Money_Flow_Negative_1d', 'MFI_14_1d', 'Vol_Weighted_Up_1d', 'Vol_Weighted_Down_1d', 'Vol_Weighted_Up_Avg_1d', 'Vol_Weighted_Down_Avg_1d', 'Vol_Weighted_RSI_1d', 'VWAP_10_1d', 'Volume_SMA', 'OBV_std', 'OBV_norm_std', 'OBV_SMA_10', 'OBV_EMA_10', 'OBV_WMA_10', 'OBV_SMA_20', 'OBV_EMA_20', 'OBV_WMA_20', 'OBV_SMA_50', 'OBV_EMA_50', 'OBV_WMA_50', 'OBV_Bullish_Div_10', 'OBV_Bearish_Div_10', 'OBV_Bullish_Div_20', 'OBV_Bearish_Div_20', 'OBV_Bullish_Div_50', 'OBV_Bearish_Div_50', 'SuperTrend_Long', 'SuperTrend_Short', 'ADX', 'Williams_R', 'day_of_year', 'sin_day', 'cos_day', 'sin_hour', 'cos_hour', 'period_of_day', 'hourly_return', 'hourly_volatility', 'volatility_by_period', 'volatility_6h', 'volatility_12h', 'volatility_24h', 'volatility_period_0', 'volatility_period_1', 'volatility_period_2', 'volatility_period_3', 'volatility_morning', 'volatility_afternoon', 'volatility_evening', 'volatility_night', 'log_return_5m', 'log_return_1h', 'momentum_1h', 'log_return_4h', 'momentum_4h', 'log_return_1d', 'momentum_1d', 'momentum_5m']
2025-06-06 17:09:33,183 - prediction_service - INFO - DEBUG - Statistiques descriptives des colonnes:
2025-06-06 17:09:33,715 - prediction_service - INFO - 
               count          mean           std           min           25%           50%           75%           max
Open_1h         30.0   6480.280000  1.908266e+01   6459.600000   6459.600000   6486.600000   6486.600000   6509.000000
High_1h         30.0   6501.840000  1.191341e+01   6487.500000   6487.500000   6511.100000   6511.100000   6512.000000
Low_1h          30.0   6462.680000  2.036045e+01   6441.000000   6441.000000   6468.600000   6468.600000   6494.200000
Close_1h        30.0   6498.780000  1.055221e+01   6486.500000   6486.500000   6502.100000   6509.400000   6509.400000
Volume_1h       30.0  24238.400000  5.730645e+03  13086.000000  26124.000000  26124.000000  27929.000000  27929.000000
...              ...           ...           ...           ...           ...           ...           ...           ...
log_return_4h   30.0      0.012627  2.731500e-03      0.007255      0.013969      0.013969      0.013969      0.013969
momentum_4h     30.0     81.720000  1.745335e+01     47.400000     90.300000     90.300000     90.300000     90.300000
log_return_1d   30.0      0.045588  7.057516e-18      0.045588      0.045588      0.045588      0.045588      0.045588
momentum_1d     30.0    292.200000  5.781517e-14    292.200000    292.200000    292.200000    292.200000    292.200000
momentum_5m     30.0      1.313333  6.113452e+00     -9.800000     -1.825000      0.950000      3.675000     17.800000

[268 rows x 8 columns]
2025-06-06 17:09:33,716 - prediction_service - INFO - Séquences conservées pour la prédiction (shape=(16, 268)): [[ 6.48660000e+03  6.51110000e+03  6.46860000e+03 ...  4.55879395e-02
   2.92200000e+02 -9.80000000e+00]
 [ 6.48660000e+03  6.51110000e+03  6.46860000e+03 ...  4.55879395e-02
   2.92200000e+02 -3.10000000e+00]
 [ 6.48660000e+03  6.51110000e+03  6.46860000e+03 ...  4.55879395e-02
   2.92200000e+02  2.10000000e+00]
 ...
 [ 6.50900000e+03  6.51200000e+03  6.49420000e+03 ...  4.55879395e-02
   2.92200000e+02 -2.90000000e+00]
 [ 6.50900000e+03  6.51200000e+03  6.49420000e+03 ...  4.55879395e-02
   2.92200000e+02  1.10000000e+00]
 [ 6.50900000e+03  6.51200000e+03  6.49420000e+03 ...  4.55879395e-02
   2.92200000e+02  0.00000000e+00]]
2025-06-06 17:09:33,718 - prediction_service - INFO - Colonnes numériques sélectionnées: ['Open_1h', 'High_1h', 'Low_1h', 'Close_1h', 'Volume_1h', 'Volume_SMA', 'OBV_std', 'OBV_norm_std', 'OBV_SMA_10', 'OBV_EMA_10', 'OBV_WMA_10', 'OBV_SMA_20', 'OBV_EMA_20', 'OBV_WMA_20', 'OBV_SMA_50', 'OBV_EMA_50', 'OBV_WMA_50', 'OBV_Bullish_Div_10', 'OBV_Bearish_Div_10', 'OBV_Bullish_Div_20', 'OBV_Bearish_Div_20', 'OBV_Bullish_Div_50', 'OBV_Bearish_Div_50', 'VWAP_10', 'Open_4h', 'High_4h', 'Low_4h', 'Close_4h', 'Volume_4h', 'candle_range_4h', 'corps_candle_4h', 'meche_haute_4h', 'meche_basse_4h', 'candle_trend_4h', 'doji_4h', 'doji_strength_4h', 'perfect_doji_4h', 'upper_wick_4h', 'lower_wick_4h', 'ratio_corps_4h', 'doji_invalid_4h', 'bullish_engulfing_4h', 'bearish_engulfing_4h', 'engulfing_strength_4h', 'corps_candle_prev_4h', 'corps_sum_4h', 'Volume_SMA_5_4h', 'Volume_SMA_10_4h', 'Volume_SMA_20_4h', 'Volume_Ratio_SMA5_4h', 'Volume_Ratio_SMA10_4h', 'Volume_Ratio_SMA20_4h', 'Volume_Change_1_4h', 'Volume_Change_5_4h', 'PV_Ratio_4h', 'PV_Change_4h', 'OBV_4h', 'Volume_SMA_4h', 'OBV_normalized_4h', 'OBV_norm_minmax_4h', 'OBV_std_4h', 'OBV_norm_std_4h', 'OBV_SMA_10_4h', 'OBV_EMA_10_4h', 'OBV_WMA_10_4h', 'OBV_SMA_20_4h', 'OBV_EMA_20_4h', 'OBV_WMA_20_4h', 'OBV_SMA_50_4h', 'OBV_EMA_50_4h', 'OBV_WMA_50_4h', 'OBV_Trend_short_4h', 'OBV_Trend_medium_4h', 'OBV_Trend_long_4h', 'OBV_Bullish_Div_10_4h', 'OBV_Bearish_Div_10_4h', 'OBV_Bullish_Div_20_4h', 'OBV_Bearish_Div_20_4h', 'OBV_Bullish_Div_50_4h', 'OBV_Bearish_Div_50_4h', 'MFV_4h', 'ADL_4h', 'ADL_norm_4h', 'ADL_SMA5_4h', 'ADL_SMA15_4h', 'ADL_SMA30_4h', 'ADL_Trend_4h', 'Price_Trend_4h', 'ADL_Divergence_4h', 'MFM_4h', 'CMF_20_4h', 'PVT_change_4h', 'PVT_4h', 'PVT_norm_4h', 'PVT_SMA10_4h', 'PVT_SMA30_4h', 'PVT_signal_4h', 'PVT_cross_4h', 'PVT_cross_signal_4h', 'PVT_delta5_4h', 'CCI_5_4h', 'CCI_10_4h', 'CCI_15_4h', 'Volume_Oscillator_4h', 'VWAP_4h', 'VWMA_10_4h', 'VWMA_20_4h', 'Force_Index_1_4h', 'Force_Index_13_4h', 'Typical_Price_4h', 'Raw_Money_Flow_4h', 'Typical_Price_Prev_4h', 'Money_Flow_Positive_4h', 'Money_Flow_Negative_4h', 'MFI_14_4h', 'Vol_Weighted_Up_4h', 'Vol_Weighted_Down_4h', 'Vol_Weighted_Up_Avg_4h', 'Vol_Weighted_Down_Avg_4h', 'Vol_Weighted_RSI_4h', 'VWAP_10_4h', 'Open_1d', 'High_1d', 'Low_1d', 'Close_1d', 'Volume_1d', 'candle_range_1d', 'corps_candle_1d', 'meche_haute_1d', 'meche_basse_1d', 'candle_trend_1d', 'doji_1d', 'doji_strength_1d', 'perfect_doji_1d', 'upper_wick_1d', 'lower_wick_1d', 'ratio_corps_1d', 'doji_invalid_1d', 'bullish_engulfing_1d', 'bearish_engulfing_1d', 'engulfing_strength_1d', 'corps_candle_prev_1d', 'corps_sum_1d', 'Volume_SMA_5_1d', 'Volume_SMA_10_1d', 'Volume_SMA_20_1d', 'Volume_Ratio_SMA5_1d', 'Volume_Ratio_SMA10_1d', 'Volume_Ratio_SMA20_1d', 'Volume_Change_1_1d', 'Volume_Change_5_1d', 'PV_Ratio_1d', 'PV_Change_1d', 'OBV_1d', 'Volume_SMA_1d', 'OBV_normalized_1d', 'OBV_norm_minmax_1d', 'OBV_std_1d', 'OBV_norm_std_1d', 'OBV_SMA_10_1d', 'OBV_EMA_10_1d', 'OBV_WMA_10_1d', 'OBV_SMA_20_1d', 'OBV_EMA_20_1d', 'OBV_WMA_20_1d', 'OBV_SMA_50_1d', 'OBV_EMA_50_1d', 'OBV_WMA_50_1d', 'OBV_Trend_short_1d', 'OBV_Trend_medium_1d', 'OBV_Trend_long_1d', 'OBV_Bullish_Div_10_1d', 'OBV_Bearish_Div_10_1d', 'OBV_Bullish_Div_20_1d', 'OBV_Bearish_Div_20_1d', 'OBV_Bullish_Div_50_1d', 'OBV_Bearish_Div_50_1d', 'MFV_1d', 'ADL_1d', 'ADL_norm_1d', 'ADL_SMA5_1d', 'ADL_SMA15_1d', 'ADL_SMA30_1d', 'ADL_Trend_1d', 'Price_Trend_1d', 'ADL_Divergence_1d', 'MFM_1d', 'CMF_20_1d', 'PVT_change_1d', 'PVT_1d', 'PVT_norm_1d', 'PVT_SMA10_1d', 'PVT_SMA30_1d', 'PVT_signal_1d', 'PVT_cross_1d', 'PVT_cross_signal_1d', 'PVT_delta5_1d', 'CCI_5_1d', 'CCI_10_1d', 'CCI_15_1d', 'Volume_Oscillator_1d', 'VWAP_1d', 'VWMA_10_1d', 'VWMA_20_1d', 'Force_Index_1_1d', 'Force_Index_13_1d', 'Typical_Price_1d', 'Raw_Money_Flow_1d', 'Typical_Price_Prev_1d', 'Money_Flow_Positive_1d', 'Money_Flow_Negative_1d', 'MFI_14_1d', 'Vol_Weighted_Up_1d', 'Vol_Weighted_Down_1d', 'Vol_Weighted_Up_Avg_1d', 'Vol_Weighted_Down_Avg_1d', 'Vol_Weighted_RSI_1d', 'VWAP_10_1d', 'Volume_SMA', 'OBV_std', 'OBV_norm_std', 'OBV_SMA_10', 'OBV_EMA_10', 'OBV_WMA_10', 'OBV_SMA_20', 'OBV_EMA_20', 'OBV_WMA_20', 'OBV_SMA_50', 'OBV_EMA_50', 'OBV_WMA_50', 'OBV_Bullish_Div_10', 'OBV_Bearish_Div_10', 'OBV_Bullish_Div_20', 'OBV_Bearish_Div_20', 'OBV_Bullish_Div_50', 'OBV_Bearish_Div_50', 'SuperTrend_Long', 'SuperTrend_Short', 'ADX', 'Williams_R', 'day_of_year', 'sin_day', 'cos_day', 'sin_hour', 'cos_hour', 'period_of_day', 'hourly_return', 'hourly_volatility', 'volatility_by_period', 'volatility_6h', 'volatility_12h', 'volatility_24h', 'volatility_period_0', 'volatility_period_1', 'volatility_period_2', 'volatility_period_3', 'volatility_morning', 'volatility_afternoon', 'volatility_evening', 'volatility_night', 'log_return_5m', 'log_return_1h', 'momentum_1h', 'log_return_4h', 'momentum_4h', 'log_return_1d', 'momentum_1d', 'momentum_5m']
2025-06-06 17:09:33,962 - prediction_service - INFO - Données sauvegardées dans 'prediction_data.csv'
2025-06-06 17:09:34,036 - prediction_service - INFO - DEBUG - Analyse NaN détaillée: {}
2025-06-06 17:09:34,037 - prediction_service - INFO - DEBUG - Analyse valeurs infinies détaillée: {}
2025-06-06 17:09:34,037 - prediction_service - INFO - Normalisation des données avec StandardScaler (shape=(1, 16, 268))
2025-06-06 17:09:34,039 - prediction_service - INFO - prepare prediction data done: make prediction
2025-06-06 17:09:34,178 - prediction_service - ERROR - Erreur: Exception encountered when calling LSTMCell.call().

[1mDimensions must be equal, but are 268 and 158 for '{{node sequential_1/lstm_1/lstm_cell_1/MatMul}} = MatMul[T=DT_FLOAT, grad_a=false, grad_b=false, transpose_a=false, transpose_b=false](sequential_1/lstm_1/strided_slice_1, sequential_1/lstm_1/lstm_cell_1/Cast/ReadVariableOp)' with input shapes: [1,268], [158,200].[0m

Arguments received by LSTMCell.call():
  • inputs=tf.Tensor(shape=(1, 268), dtype=float32)
  • states=('tf.Tensor(shape=(1, 50), dtype=float32)', 'tf.Tensor(shape=(1, 50), dtype=float32)')
  • training=False
Traceback (most recent call last):
  File "/home/parrochia/go/src/github.com/trading-prediction-with-machine-learning/./src/prediction_service.py", line 188, in handle_websocket
    prediction = make_prediction(model, x)
  File "/home/parrochia/go/src/github.com/trading-prediction-with-machine-learning/./src/prediction_service.py", line 283, in make_prediction
    y_proba = model.predict(x)
  File "/home/parrochia/.local/lib/python3.10/site-packages/keras/src/utils/traceback_utils.py", line 122, in error_handler
    raise e.with_traceback(filtered_tb) from None
  File "/home/parrochia/.local/lib/python3.10/site-packages/keras/src/utils/traceback_utils.py", line 122, in error_handler
    raise e.with_traceback(filtered_tb) from None
ValueError: Exception encountered when calling LSTMCell.call().

[1mDimensions must be equal, but are 268 and 158 for '{{node sequential_1/lstm_1/lstm_cell_1/MatMul}} = MatMul[T=DT_FLOAT, grad_a=false, grad_b=false, transpose_a=false, transpose_b=false](sequential_1/lstm_1/strided_slice_1, sequential_1/lstm_1/lstm_cell_1/Cast/ReadVariableOp)' with input shapes: [1,268], [158,200].[0m

Arguments received by LSTMCell.call():
  • inputs=tf.Tensor(shape=(1, 268), dtype=float32)
  • states=('tf.Tensor(shape=(1, 50), dtype=float32)', 'tf.Tensor(shape=(1, 50), dtype=float32)')
  • training=False
2025-06-06 17:10:18,137 - websockets.server - INFO - server closing
2025-06-06 17:10:18,137 - websockets.server - INFO - server closed
2025-06-06 17:13:06,086 - absl - WARNING - Compiled the loaded model, but the compiled metrics have yet to be built. `model.compile_metrics` will be empty until you train or evaluate the model.
2025-06-06 17:13:06,753 - prediction_service - INFO - Modèle existant compatible avec 158 features
2025-06-06 17:13:06,754 - prediction_service - INFO - Démarrage du serveur WebSocket sur 0.0.0.0:8765
2025-06-06 17:13:06,763 - websockets.server - INFO - server listening on 0.0.0.0:8765
2025-06-06 17:13:06,880 - websockets.server - INFO - connection open
2025-06-06 17:13:06,881 - prediction_service - INFO - Nouvelle connexion WebSocket: ('127.0.0.1', 50678)
2025-06-06 17:13:06,928 - absl - WARNING - Compiled the loaded model, but the compiled metrics have yet to be built. `model.compile_metrics` will be empty until you train or evaluate the model.
2025-06-06 17:13:06,930 - prediction_service - INFO - Modèle chargé depuis ./model/best_model.h5
2025-06-06 17:13:07,960 - prediction_service - INFO - Message reçu: 5min - 50 barres
2025-06-06 17:13:07,968 - prediction_service - INFO - Données historiques mises à jour pour 5min: 50 barres du 2025-06-02 07:20:00 au 2025-06-02 11:25:00
2025-06-06 17:13:07,968 - prediction_service - WARNING - Données insuffisantes pour les timeframes suivants (au moins 14 lignes requises) : 1h, 4h, 1d
2025-06-06 17:13:07,970 - prediction_service - INFO - Message reçu: 1h - 50 barres
2025-06-06 17:13:07,974 - prediction_service - INFO - Données historiques mises à jour pour 1h: 50 barres du 2025-05-29 09:00:00 au 2025-06-02 13:00:00
2025-06-06 17:13:07,974 - prediction_service - WARNING - Données insuffisantes pour les timeframes suivants (au moins 14 lignes requises) : 4h, 1d
2025-06-06 17:13:07,975 - prediction_service - INFO - Message reçu: 4h - 50 barres
2025-06-06 17:13:07,980 - prediction_service - INFO - Données historiques mises à jour pour 4h: 50 barres du 2025-05-21 15:00:00 au 2025-06-02 11:00:00
2025-06-06 17:13:07,981 - prediction_service - WARNING - Données insuffisantes pour les timeframes suivants (au moins 14 lignes requises) : 1d
2025-06-06 17:13:07,981 - prediction_service - INFO - Message reçu: 1d - 50 barres
2025-06-06 17:13:07,986 - prediction_service - INFO - Données historiques mises à jour pour 1d: 50 barres du 2025-03-23 23:00:00 au 2025-06-01 22:00:00
2025-06-06 17:13:08,001 - prediction_service - INFO - DEBUG - Entrées dans prepare_data_for_prediction:
2025-06-06 17:13:08,001 - prediction_service - INFO -   5min: 49 lignes
2025-06-06 17:13:08,001 - prediction_service - INFO -   1h: 50 lignes
2025-06-06 17:13:08,001 - prediction_service - INFO -   4h: 50 lignes
2025-06-06 17:13:08,001 - prediction_service - INFO -   1d: 50 lignes
2025-06-06 17:13:08,447 - prediction_service - ERROR - Erreur: name 'logger' is not defined
Traceback (most recent call last):
  File "/home/parrochia/go/src/github.com/trading-prediction-with-machine-learning/./src/prediction_service.py", line 179, in handle_websocket
    x = prepare_prediction_data()
  File "/home/parrochia/go/src/github.com/trading-prediction-with-machine-learning/./src/prediction_service.py", line 270, in prepare_prediction_data
    x = prepare_data_for_prediction(df_5min, df_1h, df_4h, df_1d, sequence_length=SEQUENCE_LENGTH)
  File "/home/parrochia/go/src/github.com/trading-prediction-with-machine-learning/./src/prediction_service.py", line 58, in prepare_data_for_prediction
    features_df = create_parquet(df_5min, df_1h, df_4h, df_1d)
  File "/home/parrochia/go/src/github.com/trading-prediction-with-machine-learning/src/model_trainer.py", line 2670, in create_parquet
    logger.info(f"Colonnes numériques sélectionnées: {list(num_float_cols)}")
NameError: name 'logger' is not defined
2025-06-06 17:13:42,529 - websockets.server - INFO - server closing
2025-06-06 17:13:42,529 - websockets.server - INFO - server closed
2025-06-06 17:13:46,931 - absl - WARNING - Compiled the loaded model, but the compiled metrics have yet to be built. `model.compile_metrics` will be empty until you train or evaluate the model.
2025-06-06 17:13:47,737 - prediction_service - INFO - Modèle existant compatible avec 158 features
2025-06-06 17:13:47,738 - prediction_service - INFO - Démarrage du serveur WebSocket sur 0.0.0.0:8765
2025-06-06 17:13:47,759 - websockets.server - INFO - server listening on 0.0.0.0:8765
2025-06-06 17:13:53,156 - websockets.server - INFO - connection open
2025-06-06 17:13:53,156 - prediction_service - INFO - Nouvelle connexion WebSocket: ('127.0.0.1', 55536)
2025-06-06 17:13:53,232 - absl - WARNING - Compiled the loaded model, but the compiled metrics have yet to be built. `model.compile_metrics` will be empty until you train or evaluate the model.
2025-06-06 17:13:53,235 - prediction_service - INFO - Modèle chargé depuis ./model/best_model.h5
2025-06-06 17:13:54,240 - prediction_service - INFO - Message reçu: 5min - 50 barres
2025-06-06 17:13:54,248 - prediction_service - INFO - Données historiques mises à jour pour 5min: 50 barres du 2025-06-02 07:20:00 au 2025-06-02 11:25:00
2025-06-06 17:13:54,249 - prediction_service - WARNING - Données insuffisantes pour les timeframes suivants (au moins 14 lignes requises) : 1h, 4h, 1d
2025-06-06 17:13:54,250 - prediction_service - INFO - Message reçu: 1h - 50 barres
2025-06-06 17:13:54,254 - prediction_service - INFO - Données historiques mises à jour pour 1h: 50 barres du 2025-05-29 09:00:00 au 2025-06-02 13:00:00
2025-06-06 17:13:54,254 - prediction_service - WARNING - Données insuffisantes pour les timeframes suivants (au moins 14 lignes requises) : 4h, 1d
2025-06-06 17:13:54,255 - prediction_service - INFO - Message reçu: 4h - 50 barres
2025-06-06 17:13:54,258 - prediction_service - INFO - Données historiques mises à jour pour 4h: 50 barres du 2025-05-21 15:00:00 au 2025-06-02 11:00:00
2025-06-06 17:13:54,258 - prediction_service - WARNING - Données insuffisantes pour les timeframes suivants (au moins 14 lignes requises) : 1d
2025-06-06 17:13:54,259 - prediction_service - INFO - Message reçu: 1d - 50 barres
2025-06-06 17:13:54,263 - prediction_service - INFO - Données historiques mises à jour pour 1d: 50 barres du 2025-03-23 23:00:00 au 2025-06-01 22:00:00
2025-06-06 17:13:54,273 - prediction_service - INFO - DEBUG - Entrées dans prepare_data_for_prediction:
2025-06-06 17:13:54,274 - prediction_service - INFO -   5min: 49 lignes
2025-06-06 17:13:54,274 - prediction_service - INFO -   1h: 50 lignes
2025-06-06 17:13:54,274 - prediction_service - INFO -   4h: 50 lignes
2025-06-06 17:13:54,274 - prediction_service - INFO -   1d: 50 lignes
2025-06-06 17:13:55,100 - prediction_service - INFO - Colonnes numériques sélectionnées: ['Open_1h', 'High_1h', 'Low_1h', 'Close_1h', 'Volume_1h', 'Volume_SMA', 'OBV_std', 'OBV_norm_std', 'OBV_SMA_10', 'OBV_EMA_10', 'OBV_WMA_10', 'OBV_SMA_20', 'OBV_EMA_20', 'OBV_WMA_20', 'OBV_SMA_50', 'OBV_EMA_50', 'OBV_WMA_50', 'OBV_Bullish_Div_10', 'OBV_Bearish_Div_10', 'OBV_Bullish_Div_20', 'OBV_Bearish_Div_20', 'OBV_Bullish_Div_50', 'OBV_Bearish_Div_50', 'VWAP_10', 'Open_4h', 'High_4h', 'Low_4h', 'Close_4h', 'Volume_4h', 'candle_range_4h', 'corps_candle_4h', 'meche_haute_4h', 'meche_basse_4h', 'candle_trend_4h', 'doji_4h', 'doji_strength_4h', 'perfect_doji_4h', 'upper_wick_4h', 'lower_wick_4h', 'ratio_corps_4h', 'doji_invalid_4h', 'bullish_engulfing_4h', 'bearish_engulfing_4h', 'engulfing_strength_4h', 'corps_candle_prev_4h', 'corps_sum_4h', 'Volume_SMA_5_4h', 'Volume_SMA_10_4h', 'Volume_SMA_20_4h', 'Volume_Ratio_SMA5_4h', 'Volume_Ratio_SMA10_4h', 'Volume_Ratio_SMA20_4h', 'Volume_Change_1_4h', 'Volume_Change_5_4h', 'PV_Ratio_4h', 'PV_Change_4h', 'OBV_4h', 'Volume_SMA_4h', 'OBV_normalized_4h', 'OBV_norm_minmax_4h', 'OBV_std_4h', 'OBV_norm_std_4h', 'OBV_SMA_10_4h', 'OBV_EMA_10_4h', 'OBV_WMA_10_4h', 'OBV_SMA_20_4h', 'OBV_EMA_20_4h', 'OBV_WMA_20_4h', 'OBV_SMA_50_4h', 'OBV_EMA_50_4h', 'OBV_WMA_50_4h', 'OBV_Trend_short_4h', 'OBV_Trend_medium_4h', 'OBV_Trend_long_4h', 'OBV_Bullish_Div_10_4h', 'OBV_Bearish_Div_10_4h', 'OBV_Bullish_Div_20_4h', 'OBV_Bearish_Div_20_4h', 'OBV_Bullish_Div_50_4h', 'OBV_Bearish_Div_50_4h', 'MFV_4h', 'ADL_4h', 'ADL_norm_4h', 'ADL_SMA5_4h', 'ADL_SMA15_4h', 'ADL_SMA30_4h', 'ADL_Trend_4h', 'Price_Trend_4h', 'ADL_Divergence_4h', 'MFM_4h', 'CMF_20_4h', 'PVT_change_4h', 'PVT_4h', 'PVT_norm_4h', 'PVT_SMA10_4h', 'PVT_SMA30_4h', 'PVT_signal_4h', 'PVT_cross_4h', 'PVT_cross_signal_4h', 'PVT_delta5_4h', 'CCI_5_4h', 'CCI_10_4h', 'CCI_15_4h', 'Volume_Oscillator_4h', 'VWAP_4h', 'VWMA_10_4h', 'VWMA_20_4h', 'Force_Index_1_4h', 'Force_Index_13_4h', 'Typical_Price_4h', 'Raw_Money_Flow_4h', 'Typical_Price_Prev_4h', 'Money_Flow_Positive_4h', 'Money_Flow_Negative_4h', 'MFI_14_4h', 'Vol_Weighted_Up_4h', 'Vol_Weighted_Down_4h', 'Vol_Weighted_Up_Avg_4h', 'Vol_Weighted_Down_Avg_4h', 'Vol_Weighted_RSI_4h', 'VWAP_10_4h', 'Open_1d', 'High_1d', 'Low_1d', 'Close_1d', 'Volume_1d', 'candle_range_1d', 'corps_candle_1d', 'meche_haute_1d', 'meche_basse_1d', 'candle_trend_1d', 'doji_1d', 'doji_strength_1d', 'perfect_doji_1d', 'upper_wick_1d', 'lower_wick_1d', 'ratio_corps_1d', 'doji_invalid_1d', 'bullish_engulfing_1d', 'bearish_engulfing_1d', 'engulfing_strength_1d', 'corps_candle_prev_1d', 'corps_sum_1d', 'Volume_SMA_5_1d', 'Volume_SMA_10_1d', 'Volume_SMA_20_1d', 'Volume_Ratio_SMA5_1d', 'Volume_Ratio_SMA10_1d', 'Volume_Ratio_SMA20_1d', 'Volume_Change_1_1d', 'Volume_Change_5_1d', 'PV_Ratio_1d', 'PV_Change_1d', 'OBV_1d', 'Volume_SMA_1d', 'OBV_normalized_1d', 'OBV_norm_minmax_1d', 'OBV_std_1d', 'OBV_norm_std_1d', 'OBV_SMA_10_1d', 'OBV_EMA_10_1d', 'OBV_WMA_10_1d', 'OBV_SMA_20_1d', 'OBV_EMA_20_1d', 'OBV_WMA_20_1d', 'OBV_SMA_50_1d', 'OBV_EMA_50_1d', 'OBV_WMA_50_1d', 'OBV_Trend_short_1d', 'OBV_Trend_medium_1d', 'OBV_Trend_long_1d', 'OBV_Bullish_Div_10_1d', 'OBV_Bearish_Div_10_1d', 'OBV_Bullish_Div_20_1d', 'OBV_Bearish_Div_20_1d', 'OBV_Bullish_Div_50_1d', 'OBV_Bearish_Div_50_1d', 'MFV_1d', 'ADL_1d', 'ADL_norm_1d', 'ADL_SMA5_1d', 'ADL_SMA15_1d', 'ADL_SMA30_1d', 'ADL_Trend_1d', 'Price_Trend_1d', 'ADL_Divergence_1d', 'MFM_1d', 'CMF_20_1d', 'PVT_change_1d', 'PVT_1d', 'PVT_norm_1d', 'PVT_SMA10_1d', 'PVT_SMA30_1d', 'PVT_signal_1d', 'PVT_cross_1d', 'PVT_cross_signal_1d', 'PVT_delta5_1d', 'CCI_5_1d', 'CCI_10_1d', 'CCI_15_1d', 'Volume_Oscillator_1d', 'VWAP_1d', 'VWMA_10_1d', 'VWMA_20_1d', 'Force_Index_1_1d', 'Force_Index_13_1d', 'Typical_Price_1d', 'Raw_Money_Flow_1d', 'Typical_Price_Prev_1d', 'Money_Flow_Positive_1d', 'Money_Flow_Negative_1d', 'MFI_14_1d', 'Vol_Weighted_Up_1d', 'Vol_Weighted_Down_1d', 'Vol_Weighted_Up_Avg_1d', 'Vol_Weighted_Down_Avg_1d', 'Vol_Weighted_RSI_1d', 'VWAP_10_1d', 'Volume_SMA', 'OBV_std', 'OBV_norm_std', 'OBV_SMA_10', 'OBV_EMA_10', 'OBV_WMA_10', 'OBV_SMA_20', 'OBV_EMA_20', 'OBV_WMA_20', 'OBV_SMA_50', 'OBV_EMA_50', 'OBV_WMA_50', 'OBV_Bullish_Div_10', 'OBV_Bearish_Div_10', 'OBV_Bullish_Div_20', 'OBV_Bearish_Div_20', 'OBV_Bullish_Div_50', 'OBV_Bearish_Div_50', 'SuperTrend_Long', 'SuperTrend_Short', 'ADX', 'Williams_R', 'day_of_year', 'sin_day', 'cos_day', 'sin_hour', 'cos_hour', 'period_of_day', 'hourly_return', 'hourly_volatility', 'volatility_by_period', 'volatility_6h', 'volatility_12h', 'volatility_24h', 'volatility_period_0', 'volatility_period_1', 'volatility_period_2', 'volatility_period_3', 'volatility_morning', 'volatility_afternoon', 'volatility_evening', 'volatility_night', 'log_return_5m', 'log_return_1h', 'momentum_1h', 'log_return_4h', 'momentum_4h', 'log_return_1d', 'momentum_1d', 'momentum_5m']
2025-06-06 17:13:55,169 - prediction_service - INFO - DEBUG - Après create_parquet: 30 lignes
2025-06-06 17:13:55,170 - prediction_service - INFO - DEBUG - Features disponibles: []
2025-06-06 17:13:55,170 - prediction_service - INFO - DEBUG - Colonnes non-numériques détectées: ['doji_type_4h', 'pattern_type_4h', 'doji_type_1d', 'pattern_type_1d']
2025-06-06 17:13:55,177 - prediction_service - INFO - DEBUG - Colonnes finales: ['Open_1h', 'High_1h', 'Low_1h', 'Close_1h', 'Volume_1h', 'Volume_SMA', 'OBV_std', 'OBV_norm_std', 'OBV_SMA_10', 'OBV_EMA_10', 'OBV_WMA_10', 'OBV_SMA_20', 'OBV_EMA_20', 'OBV_WMA_20', 'OBV_SMA_50', 'OBV_EMA_50', 'OBV_WMA_50', 'OBV_Bullish_Div_10', 'OBV_Bearish_Div_10', 'OBV_Bullish_Div_20', 'OBV_Bearish_Div_20', 'OBV_Bullish_Div_50', 'OBV_Bearish_Div_50', 'VWAP_10', 'Open_4h', 'High_4h', 'Low_4h', 'Close_4h', 'Volume_4h', 'candle_range_4h', 'corps_candle_4h', 'meche_haute_4h', 'meche_basse_4h', 'candle_trend_4h', 'doji_4h', 'doji_strength_4h', 'perfect_doji_4h', 'upper_wick_4h', 'lower_wick_4h', 'ratio_corps_4h', 'doji_invalid_4h', 'bullish_engulfing_4h', 'bearish_engulfing_4h', 'engulfing_strength_4h', 'corps_candle_prev_4h', 'corps_sum_4h', 'Volume_SMA_5_4h', 'Volume_SMA_10_4h', 'Volume_SMA_20_4h', 'Volume_Ratio_SMA5_4h', 'Volume_Ratio_SMA10_4h', 'Volume_Ratio_SMA20_4h', 'Volume_Change_1_4h', 'Volume_Change_5_4h', 'PV_Ratio_4h', 'PV_Change_4h', 'OBV_4h', 'Volume_SMA_4h', 'OBV_normalized_4h', 'OBV_norm_minmax_4h', 'OBV_std_4h', 'OBV_norm_std_4h', 'OBV_SMA_10_4h', 'OBV_EMA_10_4h', 'OBV_WMA_10_4h', 'OBV_SMA_20_4h', 'OBV_EMA_20_4h', 'OBV_WMA_20_4h', 'OBV_SMA_50_4h', 'OBV_EMA_50_4h', 'OBV_WMA_50_4h', 'OBV_Trend_short_4h', 'OBV_Trend_medium_4h', 'OBV_Trend_long_4h', 'OBV_Bullish_Div_10_4h', 'OBV_Bearish_Div_10_4h', 'OBV_Bullish_Div_20_4h', 'OBV_Bearish_Div_20_4h', 'OBV_Bullish_Div_50_4h', 'OBV_Bearish_Div_50_4h', 'MFV_4h', 'ADL_4h', 'ADL_norm_4h', 'ADL_SMA5_4h', 'ADL_SMA15_4h', 'ADL_SMA30_4h', 'ADL_Trend_4h', 'Price_Trend_4h', 'ADL_Divergence_4h', 'MFM_4h', 'CMF_20_4h', 'PVT_change_4h', 'PVT_4h', 'PVT_norm_4h', 'PVT_SMA10_4h', 'PVT_SMA30_4h', 'PVT_signal_4h', 'PVT_cross_4h', 'PVT_cross_signal_4h', 'PVT_delta5_4h', 'CCI_5_4h', 'CCI_10_4h', 'CCI_15_4h', 'Volume_Oscillator_4h', 'VWAP_4h', 'VWMA_10_4h', 'VWMA_20_4h', 'Force_Index_1_4h', 'Force_Index_13_4h', 'Typical_Price_4h', 'Raw_Money_Flow_4h', 'Typical_Price_Prev_4h', 'Money_Flow_Positive_4h', 'Money_Flow_Negative_4h', 'MFI_14_4h', 'Vol_Weighted_Up_4h', 'Vol_Weighted_Down_4h', 'Vol_Weighted_Up_Avg_4h', 'Vol_Weighted_Down_Avg_4h', 'Vol_Weighted_RSI_4h', 'VWAP_10_4h', 'Open_1d', 'High_1d', 'Low_1d', 'Close_1d', 'Volume_1d', 'candle_range_1d', 'corps_candle_1d', 'meche_haute_1d', 'meche_basse_1d', 'candle_trend_1d', 'doji_1d', 'doji_strength_1d', 'perfect_doji_1d', 'upper_wick_1d', 'lower_wick_1d', 'ratio_corps_1d', 'doji_invalid_1d', 'bullish_engulfing_1d', 'bearish_engulfing_1d', 'engulfing_strength_1d', 'corps_candle_prev_1d', 'corps_sum_1d', 'Volume_SMA_5_1d', 'Volume_SMA_10_1d', 'Volume_SMA_20_1d', 'Volume_Ratio_SMA5_1d', 'Volume_Ratio_SMA10_1d', 'Volume_Ratio_SMA20_1d', 'Volume_Change_1_1d', 'Volume_Change_5_1d', 'PV_Ratio_1d', 'PV_Change_1d', 'OBV_1d', 'Volume_SMA_1d', 'OBV_normalized_1d', 'OBV_norm_minmax_1d', 'OBV_std_1d', 'OBV_norm_std_1d', 'OBV_SMA_10_1d', 'OBV_EMA_10_1d', 'OBV_WMA_10_1d', 'OBV_SMA_20_1d', 'OBV_EMA_20_1d', 'OBV_WMA_20_1d', 'OBV_SMA_50_1d', 'OBV_EMA_50_1d', 'OBV_WMA_50_1d', 'OBV_Trend_short_1d', 'OBV_Trend_medium_1d', 'OBV_Trend_long_1d', 'OBV_Bullish_Div_10_1d', 'OBV_Bearish_Div_10_1d', 'OBV_Bullish_Div_20_1d', 'OBV_Bearish_Div_20_1d', 'OBV_Bullish_Div_50_1d', 'OBV_Bearish_Div_50_1d', 'MFV_1d', 'ADL_1d', 'ADL_norm_1d', 'ADL_SMA5_1d', 'ADL_SMA15_1d', 'ADL_SMA30_1d', 'ADL_Trend_1d', 'Price_Trend_1d', 'ADL_Divergence_1d', 'MFM_1d', 'CMF_20_1d', 'PVT_change_1d', 'PVT_1d', 'PVT_norm_1d', 'PVT_SMA10_1d', 'PVT_SMA30_1d', 'PVT_signal_1d', 'PVT_cross_1d', 'PVT_cross_signal_1d', 'PVT_delta5_1d', 'CCI_5_1d', 'CCI_10_1d', 'CCI_15_1d', 'Volume_Oscillator_1d', 'VWAP_1d', 'VWMA_10_1d', 'VWMA_20_1d', 'Force_Index_1_1d', 'Force_Index_13_1d', 'Typical_Price_1d', 'Raw_Money_Flow_1d', 'Typical_Price_Prev_1d', 'Money_Flow_Positive_1d', 'Money_Flow_Negative_1d', 'MFI_14_1d', 'Vol_Weighted_Up_1d', 'Vol_Weighted_Down_1d', 'Vol_Weighted_Up_Avg_1d', 'Vol_Weighted_Down_Avg_1d', 'Vol_Weighted_RSI_1d', 'VWAP_10_1d', 'Volume_SMA', 'OBV_std', 'OBV_norm_std', 'OBV_SMA_10', 'OBV_EMA_10', 'OBV_WMA_10', 'OBV_SMA_20', 'OBV_EMA_20', 'OBV_WMA_20', 'OBV_SMA_50', 'OBV_EMA_50', 'OBV_WMA_50', 'OBV_Bullish_Div_10', 'OBV_Bearish_Div_10', 'OBV_Bullish_Div_20', 'OBV_Bearish_Div_20', 'OBV_Bullish_Div_50', 'OBV_Bearish_Div_50', 'SuperTrend_Long', 'SuperTrend_Short', 'ADX', 'Williams_R', 'day_of_year', 'sin_day', 'cos_day', 'sin_hour', 'cos_hour', 'period_of_day', 'hourly_return', 'hourly_volatility', 'volatility_by_period', 'volatility_6h', 'volatility_12h', 'volatility_24h', 'volatility_period_0', 'volatility_period_1', 'volatility_period_2', 'volatility_period_3', 'volatility_morning', 'volatility_afternoon', 'volatility_evening', 'volatility_night', 'log_return_5m', 'log_return_1h', 'momentum_1h', 'log_return_4h', 'momentum_4h', 'log_return_1d', 'momentum_1d', 'momentum_5m']
2025-06-06 17:13:55,178 - prediction_service - INFO - DEBUG - Types de données: [dtype('float64') dtype('int64') dtype('int32')]
2025-06-06 17:13:55,178 - prediction_service - INFO - DEBUG - Colonnes finales: ['Open_1h', 'High_1h', 'Low_1h', 'Close_1h', 'Volume_1h', 'Volume_SMA', 'OBV_std', 'OBV_norm_std', 'OBV_SMA_10', 'OBV_EMA_10', 'OBV_WMA_10', 'OBV_SMA_20', 'OBV_EMA_20', 'OBV_WMA_20', 'OBV_SMA_50', 'OBV_EMA_50', 'OBV_WMA_50', 'OBV_Bullish_Div_10', 'OBV_Bearish_Div_10', 'OBV_Bullish_Div_20', 'OBV_Bearish_Div_20', 'OBV_Bullish_Div_50', 'OBV_Bearish_Div_50', 'VWAP_10', 'Open_4h', 'High_4h', 'Low_4h', 'Close_4h', 'Volume_4h', 'candle_range_4h', 'corps_candle_4h', 'meche_haute_4h', 'meche_basse_4h', 'candle_trend_4h', 'doji_4h', 'doji_strength_4h', 'perfect_doji_4h', 'upper_wick_4h', 'lower_wick_4h', 'ratio_corps_4h', 'doji_invalid_4h', 'bullish_engulfing_4h', 'bearish_engulfing_4h', 'engulfing_strength_4h', 'corps_candle_prev_4h', 'corps_sum_4h', 'Volume_SMA_5_4h', 'Volume_SMA_10_4h', 'Volume_SMA_20_4h', 'Volume_Ratio_SMA5_4h', 'Volume_Ratio_SMA10_4h', 'Volume_Ratio_SMA20_4h', 'Volume_Change_1_4h', 'Volume_Change_5_4h', 'PV_Ratio_4h', 'PV_Change_4h', 'OBV_4h', 'Volume_SMA_4h', 'OBV_normalized_4h', 'OBV_norm_minmax_4h', 'OBV_std_4h', 'OBV_norm_std_4h', 'OBV_SMA_10_4h', 'OBV_EMA_10_4h', 'OBV_WMA_10_4h', 'OBV_SMA_20_4h', 'OBV_EMA_20_4h', 'OBV_WMA_20_4h', 'OBV_SMA_50_4h', 'OBV_EMA_50_4h', 'OBV_WMA_50_4h', 'OBV_Trend_short_4h', 'OBV_Trend_medium_4h', 'OBV_Trend_long_4h', 'OBV_Bullish_Div_10_4h', 'OBV_Bearish_Div_10_4h', 'OBV_Bullish_Div_20_4h', 'OBV_Bearish_Div_20_4h', 'OBV_Bullish_Div_50_4h', 'OBV_Bearish_Div_50_4h', 'MFV_4h', 'ADL_4h', 'ADL_norm_4h', 'ADL_SMA5_4h', 'ADL_SMA15_4h', 'ADL_SMA30_4h', 'ADL_Trend_4h', 'Price_Trend_4h', 'ADL_Divergence_4h', 'MFM_4h', 'CMF_20_4h', 'PVT_change_4h', 'PVT_4h', 'PVT_norm_4h', 'PVT_SMA10_4h', 'PVT_SMA30_4h', 'PVT_signal_4h', 'PVT_cross_4h', 'PVT_cross_signal_4h', 'PVT_delta5_4h', 'CCI_5_4h', 'CCI_10_4h', 'CCI_15_4h', 'Volume_Oscillator_4h', 'VWAP_4h', 'VWMA_10_4h', 'VWMA_20_4h', 'Force_Index_1_4h', 'Force_Index_13_4h', 'Typical_Price_4h', 'Raw_Money_Flow_4h', 'Typical_Price_Prev_4h', 'Money_Flow_Positive_4h', 'Money_Flow_Negative_4h', 'MFI_14_4h', 'Vol_Weighted_Up_4h', 'Vol_Weighted_Down_4h', 'Vol_Weighted_Up_Avg_4h', 'Vol_Weighted_Down_Avg_4h', 'Vol_Weighted_RSI_4h', 'VWAP_10_4h', 'Open_1d', 'High_1d', 'Low_1d', 'Close_1d', 'Volume_1d', 'candle_range_1d', 'corps_candle_1d', 'meche_haute_1d', 'meche_basse_1d', 'candle_trend_1d', 'doji_1d', 'doji_strength_1d', 'perfect_doji_1d', 'upper_wick_1d', 'lower_wick_1d', 'ratio_corps_1d', 'doji_invalid_1d', 'bullish_engulfing_1d', 'bearish_engulfing_1d', 'engulfing_strength_1d', 'corps_candle_prev_1d', 'corps_sum_1d', 'Volume_SMA_5_1d', 'Volume_SMA_10_1d', 'Volume_SMA_20_1d', 'Volume_Ratio_SMA5_1d', 'Volume_Ratio_SMA10_1d', 'Volume_Ratio_SMA20_1d', 'Volume_Change_1_1d', 'Volume_Change_5_1d', 'PV_Ratio_1d', 'PV_Change_1d', 'OBV_1d', 'Volume_SMA_1d', 'OBV_normalized_1d', 'OBV_norm_minmax_1d', 'OBV_std_1d', 'OBV_norm_std_1d', 'OBV_SMA_10_1d', 'OBV_EMA_10_1d', 'OBV_WMA_10_1d', 'OBV_SMA_20_1d', 'OBV_EMA_20_1d', 'OBV_WMA_20_1d', 'OBV_SMA_50_1d', 'OBV_EMA_50_1d', 'OBV_WMA_50_1d', 'OBV_Trend_short_1d', 'OBV_Trend_medium_1d', 'OBV_Trend_long_1d', 'OBV_Bullish_Div_10_1d', 'OBV_Bearish_Div_10_1d', 'OBV_Bullish_Div_20_1d', 'OBV_Bearish_Div_20_1d', 'OBV_Bullish_Div_50_1d', 'OBV_Bearish_Div_50_1d', 'MFV_1d', 'ADL_1d', 'ADL_norm_1d', 'ADL_SMA5_1d', 'ADL_SMA15_1d', 'ADL_SMA30_1d', 'ADL_Trend_1d', 'Price_Trend_1d', 'ADL_Divergence_1d', 'MFM_1d', 'CMF_20_1d', 'PVT_change_1d', 'PVT_1d', 'PVT_norm_1d', 'PVT_SMA10_1d', 'PVT_SMA30_1d', 'PVT_signal_1d', 'PVT_cross_1d', 'PVT_cross_signal_1d', 'PVT_delta5_1d', 'CCI_5_1d', 'CCI_10_1d', 'CCI_15_1d', 'Volume_Oscillator_1d', 'VWAP_1d', 'VWMA_10_1d', 'VWMA_20_1d', 'Force_Index_1_1d', 'Force_Index_13_1d', 'Typical_Price_1d', 'Raw_Money_Flow_1d', 'Typical_Price_Prev_1d', 'Money_Flow_Positive_1d', 'Money_Flow_Negative_1d', 'MFI_14_1d', 'Vol_Weighted_Up_1d', 'Vol_Weighted_Down_1d', 'Vol_Weighted_Up_Avg_1d', 'Vol_Weighted_Down_Avg_1d', 'Vol_Weighted_RSI_1d', 'VWAP_10_1d', 'Volume_SMA', 'OBV_std', 'OBV_norm_std', 'OBV_SMA_10', 'OBV_EMA_10', 'OBV_WMA_10', 'OBV_SMA_20', 'OBV_EMA_20', 'OBV_WMA_20', 'OBV_SMA_50', 'OBV_EMA_50', 'OBV_WMA_50', 'OBV_Bullish_Div_10', 'OBV_Bearish_Div_10', 'OBV_Bullish_Div_20', 'OBV_Bearish_Div_20', 'OBV_Bullish_Div_50', 'OBV_Bearish_Div_50', 'SuperTrend_Long', 'SuperTrend_Short', 'ADX', 'Williams_R', 'day_of_year', 'sin_day', 'cos_day', 'sin_hour', 'cos_hour', 'period_of_day', 'hourly_return', 'hourly_volatility', 'volatility_by_period', 'volatility_6h', 'volatility_12h', 'volatility_24h', 'volatility_period_0', 'volatility_period_1', 'volatility_period_2', 'volatility_period_3', 'volatility_morning', 'volatility_afternoon', 'volatility_evening', 'volatility_night', 'log_return_5m', 'log_return_1h', 'momentum_1h', 'log_return_4h', 'momentum_4h', 'log_return_1d', 'momentum_1d', 'momentum_5m']
2025-06-06 17:13:55,178 - prediction_service - INFO - DEBUG - Statistiques descriptives des colonnes:
2025-06-06 17:13:55,352 - prediction_service - INFO - 
               count          mean           std         min         25%         50%         75%         max
Open_1h         30.0   6480.280000  1.908266e+01   6459.6000   6459.6000   6486.6000   6486.6000   6509.0000
High_1h         30.0   6501.840000  1.191341e+01   6487.5000   6487.5000   6511.1000   6511.1000   6512.0000
Low_1h          30.0   6462.680000  2.036045e+01   6441.0000   6441.0000   6468.6000   6468.6000   6494.2000
Close_1h        30.0   6498.780000  1.055221e+01   6486.5000   6486.5000   6502.1000   6509.4000   6509.4000
Volume_1h       30.0  24238.400000  5.730645e+03  13086.0000  26124.0000  26124.0000  27929.0000  27929.0000
...              ...           ...           ...         ...         ...         ...         ...         ...
log_return_4h   30.0      0.012660  2.725815e-03      0.0073      0.0140      0.0140      0.0140      0.0140
momentum_4h     30.0     81.720000  1.745335e+01     47.4000     90.3000     90.3000     90.3000     90.3000
log_return_1d   30.0      0.045600  7.057516e-18      0.0456      0.0456      0.0456      0.0456      0.0456
momentum_1d     30.0    292.200000  5.781517e-14    292.2000    292.2000    292.2000    292.2000    292.2000
momentum_5m     30.0      1.313333  6.113452e+00     -9.8000     -1.8250      0.9500      3.6750     17.8000

[268 rows x 8 columns]
2025-06-06 17:13:55,353 - prediction_service - INFO - Séquences conservées pour la prédiction (shape=(16, 268)): [[ 6.4866e+03  6.5111e+03  6.4686e+03 ...  4.5600e-02  2.9220e+02
  -9.8000e+00]
 [ 6.4866e+03  6.5111e+03  6.4686e+03 ...  4.5600e-02  2.9220e+02
  -3.1000e+00]
 [ 6.4866e+03  6.5111e+03  6.4686e+03 ...  4.5600e-02  2.9220e+02
   2.1000e+00]
 ...
 [ 6.5090e+03  6.5120e+03  6.4942e+03 ...  4.5600e-02  2.9220e+02
  -2.9000e+00]
 [ 6.5090e+03  6.5120e+03  6.4942e+03 ...  4.5600e-02  2.9220e+02
   1.1000e+00]
 [ 6.5090e+03  6.5120e+03  6.4942e+03 ...  4.5600e-02  2.9220e+02
   0.0000e+00]]
2025-06-06 17:13:55,361 - prediction_service - INFO - Données sauvegardées dans 'prediction_data.csv'
2025-06-06 17:13:55,382 - prediction_service - INFO - DEBUG - Analyse NaN détaillée: {}
2025-06-06 17:13:55,382 - prediction_service - INFO - DEBUG - Analyse valeurs infinies détaillée: {}
2025-06-06 17:13:55,382 - prediction_service - INFO - Normalisation des données avec StandardScaler (shape=(1, 16, 268))
2025-06-06 17:13:55,383 - prediction_service - INFO - prepare prediction data done: make prediction
2025-06-06 17:13:55,433 - prediction_service - ERROR - Erreur: Exception encountered when calling LSTMCell.call().

[1mDimensions must be equal, but are 268 and 158 for '{{node sequential_1/lstm_1/lstm_cell_1/MatMul}} = MatMul[T=DT_FLOAT, grad_a=false, grad_b=false, transpose_a=false, transpose_b=false](sequential_1/lstm_1/strided_slice_1, sequential_1/lstm_1/lstm_cell_1/Cast/ReadVariableOp)' with input shapes: [1,268], [158,200].[0m

Arguments received by LSTMCell.call():
  • inputs=tf.Tensor(shape=(1, 268), dtype=float32)
  • states=('tf.Tensor(shape=(1, 50), dtype=float32)', 'tf.Tensor(shape=(1, 50), dtype=float32)')
  • training=False
Traceback (most recent call last):
  File "/home/parrochia/go/src/github.com/trading-prediction-with-machine-learning/./src/prediction_service.py", line 184, in handle_websocket
    prediction = make_prediction(model, x)
  File "/home/parrochia/go/src/github.com/trading-prediction-with-machine-learning/./src/prediction_service.py", line 282, in make_prediction
    y_proba = model.predict(x)
  File "/home/parrochia/.local/lib/python3.10/site-packages/keras/src/utils/traceback_utils.py", line 122, in error_handler
    raise e.with_traceback(filtered_tb) from None
  File "/home/parrochia/.local/lib/python3.10/site-packages/keras/src/utils/traceback_utils.py", line 122, in error_handler
    raise e.with_traceback(filtered_tb) from None
ValueError: Exception encountered when calling LSTMCell.call().

[1mDimensions must be equal, but are 268 and 158 for '{{node sequential_1/lstm_1/lstm_cell_1/MatMul}} = MatMul[T=DT_FLOAT, grad_a=false, grad_b=false, transpose_a=false, transpose_b=false](sequential_1/lstm_1/strided_slice_1, sequential_1/lstm_1/lstm_cell_1/Cast/ReadVariableOp)' with input shapes: [1,268], [158,200].[0m

Arguments received by LSTMCell.call():
  • inputs=tf.Tensor(shape=(1, 268), dtype=float32)
  • states=('tf.Tensor(shape=(1, 50), dtype=float32)', 'tf.Tensor(shape=(1, 50), dtype=float32)')
  • training=False
2025-06-06 17:16:01,602 - websockets.server - INFO - server closing
2025-06-06 17:16:01,602 - websockets.server - INFO - server closed
2025-06-06 17:23:40,963 - absl - WARNING - Compiled the loaded model, but the compiled metrics have yet to be built. `model.compile_metrics` will be empty until you train or evaluate the model.
2025-06-06 17:23:41,744 - prediction_service - INFO - Modèle existant compatible avec 158 features
2025-06-06 17:23:41,745 - prediction_service - INFO - Démarrage du serveur WebSocket sur 0.0.0.0:8765
2025-06-06 17:23:41,761 - websockets.server - INFO - server listening on 0.0.0.0:8765
2025-06-06 17:23:42,469 - websockets.server - INFO - connection open
2025-06-06 17:23:42,470 - prediction_service - INFO - Nouvelle connexion WebSocket: ('127.0.0.1', 44534)
2025-06-06 17:23:42,530 - absl - WARNING - Compiled the loaded model, but the compiled metrics have yet to be built. `model.compile_metrics` will be empty until you train or evaluate the model.
2025-06-06 17:23:42,534 - prediction_service - INFO - Modèle chargé depuis ./model/best_model.h5
2025-06-06 17:23:43,483 - prediction_service - INFO - Message reçu: 5min - 50 barres
2025-06-06 17:23:43,491 - prediction_service - INFO - Données historiques mises à jour pour 5min: 50 barres du 2025-06-02 07:20:00 au 2025-06-02 11:25:00
2025-06-06 17:23:43,491 - prediction_service - WARNING - Données insuffisantes pour les timeframes suivants (au moins 14 lignes requises) : 1h, 4h, 1d
2025-06-06 17:23:43,492 - prediction_service - INFO - Message reçu: 1h - 50 barres
2025-06-06 17:23:43,496 - prediction_service - INFO - Données historiques mises à jour pour 1h: 50 barres du 2025-05-29 09:00:00 au 2025-06-02 13:00:00
2025-06-06 17:23:43,496 - prediction_service - WARNING - Données insuffisantes pour les timeframes suivants (au moins 14 lignes requises) : 4h, 1d
2025-06-06 17:23:43,497 - prediction_service - INFO - Message reçu: 4h - 50 barres
2025-06-06 17:23:43,500 - prediction_service - INFO - Données historiques mises à jour pour 4h: 50 barres du 2025-05-21 15:00:00 au 2025-06-02 11:00:00
2025-06-06 17:23:43,500 - prediction_service - WARNING - Données insuffisantes pour les timeframes suivants (au moins 14 lignes requises) : 1d
2025-06-06 17:23:43,501 - prediction_service - INFO - Message reçu: 1d - 50 barres
2025-06-06 17:23:43,504 - prediction_service - INFO - Données historiques mises à jour pour 1d: 50 barres du 2025-03-23 23:00:00 au 2025-06-01 22:00:00
2025-06-06 17:23:43,514 - prediction_service - INFO - DEBUG - Entrées dans prepare_data_for_prediction:
2025-06-06 17:23:43,514 - prediction_service - INFO -   5min: 49 lignes
2025-06-06 17:23:43,514 - prediction_service - INFO -   1h: 50 lignes
2025-06-06 17:23:43,514 - prediction_service - INFO -   4h: 50 lignes
2025-06-06 17:23:43,514 - prediction_service - INFO -   1d: 50 lignes
2025-06-06 17:23:46,154 - prediction_service - INFO - Colonnes numériques sélectionnées: ['1h_Open', '1h_High', '1h_Low', '1h_Close', '1h_Volume', '4h_Open', '4h_High', '4h_Low', '4h_Close', '4h_Volume', '1d_Open', '1d_High', '1d_Low', '1d_Close', '1d_Volume', '1h_price_change_pct', '4h_price_change_pct', '1d_price_change_pct', '1h_range', '1h_position', '4h_range', '4h_position', '1d_range', '1d_position', '1h_volume_ratio', '4h_volume_ratio', '1d_volume_ratio', '1h_SMA', '4h_SMA', '1d_SMA', 'close_over_1h_SMA', 'close_over_4h_SMA', 'close_over_1d_SMA', '1h_trend', '4h_trend', '1d_trend', 'bullish_alignment', 'bearish_alignment', 'mixed_trend_signals', '1h_support', '1h_resistance', '1h_sup_res_count', '1h_support_strength', '1h_resistance_strength', '4h_support', '4h_resistance', '4h_sup_res_count', '4h_support_strength', '4h_resistance_strength', '1d_support', '1d_resistance', '1d_sup_res_count', '1d_support_strength', '1d_resistance_strength', '1h_dist_to_support', '1h_dist_to_resistance', '1h_sup_res_position', '1h_at_support', '1h_at_resistance', '1h_breaking_support', '1h_breaking_resistance', '1h_sr_range_width', '4h_dist_to_support', '4h_dist_to_resistance', '4h_sup_res_position', '4h_at_support', '4h_at_resistance', '4h_breaking_support', '4h_breaking_resistance', '4h_sr_range_width', '1d_dist_to_support', '1d_dist_to_resistance', '1d_sup_res_position', '1d_at_support', '1d_at_resistance', '1d_breaking_support', '1d_breaking_resistance', '1d_sr_range_width', 'multi_timeframe_support', 'multi_timeframe_resistance', 'strong_support_zone', 'strong_resistance_zone', 'in_sr_range', 'breaking_sr_range', 'Open_1h', 'High_1h', 'Low_1h', 'Close_1h', 'Volume_1h', 'Volume_SMA', 'OBV_std', 'OBV_norm_std', 'OBV_SMA_10', 'OBV_EMA_10', 'OBV_WMA_10', 'OBV_SMA_20', 'OBV_EMA_20', 'OBV_WMA_20', 'OBV_SMA_50', 'OBV_EMA_50', 'OBV_WMA_50', 'OBV_Bullish_Div_10', 'OBV_Bearish_Div_10', 'OBV_Bullish_Div_20', 'OBV_Bearish_Div_20', 'OBV_Bullish_Div_50', 'OBV_Bearish_Div_50', 'VWAP_10', 'Open_4h', 'High_4h', 'Low_4h', 'Close_4h', 'Volume_4h', 'candle_range_4h', 'corps_candle_4h', 'meche_haute_4h', 'meche_basse_4h', 'candle_trend_4h', 'doji_4h', 'doji_strength_4h', 'perfect_doji_4h', 'upper_wick_4h', 'lower_wick_4h', 'ratio_corps_4h', 'doji_invalid_4h', 'bullish_engulfing_4h', 'bearish_engulfing_4h', 'engulfing_strength_4h', 'corps_candle_prev_4h', 'corps_sum_4h', 'Volume_SMA_5_4h', 'Volume_SMA_10_4h', 'Volume_SMA_20_4h', 'Volume_Ratio_SMA5_4h', 'Volume_Ratio_SMA10_4h', 'Volume_Ratio_SMA20_4h', 'Volume_Change_1_4h', 'Volume_Change_5_4h', 'PV_Ratio_4h', 'PV_Change_4h', 'OBV_4h', 'Volume_SMA_4h', 'OBV_normalized_4h', 'OBV_norm_minmax_4h', 'OBV_std_4h', 'OBV_norm_std_4h', 'OBV_SMA_10_4h', 'OBV_EMA_10_4h', 'OBV_WMA_10_4h', 'OBV_SMA_20_4h', 'OBV_EMA_20_4h', 'OBV_WMA_20_4h', 'OBV_SMA_50_4h', 'OBV_EMA_50_4h', 'OBV_WMA_50_4h', 'OBV_Trend_short_4h', 'OBV_Trend_medium_4h', 'OBV_Trend_long_4h', 'OBV_Bullish_Div_10_4h', 'OBV_Bearish_Div_10_4h', 'OBV_Bullish_Div_20_4h', 'OBV_Bearish_Div_20_4h', 'OBV_Bullish_Div_50_4h', 'OBV_Bearish_Div_50_4h', 'MFV_4h', 'ADL_4h', 'ADL_norm_4h', 'ADL_SMA5_4h', 'ADL_SMA15_4h', 'ADL_SMA30_4h', 'ADL_Trend_4h', 'Price_Trend_4h', 'ADL_Divergence_4h', 'MFM_4h', 'CMF_20_4h', 'PVT_change_4h', 'PVT_4h', 'PVT_norm_4h', 'PVT_SMA10_4h', 'PVT_SMA30_4h', 'PVT_signal_4h', 'PVT_cross_4h', 'PVT_cross_signal_4h', 'PVT_delta5_4h', 'CCI_5_4h', 'CCI_10_4h', 'CCI_15_4h', 'Volume_Oscillator_4h', 'VWAP_4h', 'VWMA_10_4h', 'VWMA_20_4h', 'Force_Index_1_4h', 'Force_Index_13_4h', 'Typical_Price_4h', 'Raw_Money_Flow_4h', 'Typical_Price_Prev_4h', 'Money_Flow_Positive_4h', 'Money_Flow_Negative_4h', 'MFI_14_4h', 'Vol_Weighted_Up_4h', 'Vol_Weighted_Down_4h', 'Vol_Weighted_Up_Avg_4h', 'Vol_Weighted_Down_Avg_4h', 'Vol_Weighted_RSI_4h', 'VWAP_10_4h', 'Open_1d', 'High_1d', 'Low_1d', 'Close_1d', 'Volume_1d', 'candle_range_1d', 'corps_candle_1d', 'meche_haute_1d', 'meche_basse_1d', 'candle_trend_1d', 'doji_1d', 'doji_strength_1d', 'perfect_doji_1d', 'upper_wick_1d', 'lower_wick_1d', 'ratio_corps_1d', 'doji_invalid_1d', 'bullish_engulfing_1d', 'bearish_engulfing_1d', 'engulfing_strength_1d', 'corps_candle_prev_1d', 'corps_sum_1d', 'Volume_SMA_5_1d', 'Volume_SMA_10_1d', 'Volume_SMA_20_1d', 'Volume_Ratio_SMA5_1d', 'Volume_Ratio_SMA10_1d', 'Volume_Ratio_SMA20_1d', 'Volume_Change_1_1d', 'Volume_Change_5_1d', 'PV_Ratio_1d', 'PV_Change_1d', 'OBV_1d', 'Volume_SMA_1d', 'OBV_normalized_1d', 'OBV_norm_minmax_1d', 'OBV_std_1d', 'OBV_norm_std_1d', 'OBV_SMA_10_1d', 'OBV_EMA_10_1d', 'OBV_WMA_10_1d', 'OBV_SMA_20_1d', 'OBV_EMA_20_1d', 'OBV_WMA_20_1d', 'OBV_SMA_50_1d', 'OBV_EMA_50_1d', 'OBV_WMA_50_1d', 'OBV_Trend_short_1d', 'OBV_Trend_medium_1d', 'OBV_Trend_long_1d', 'OBV_Bullish_Div_10_1d', 'OBV_Bearish_Div_10_1d', 'OBV_Bullish_Div_20_1d', 'OBV_Bearish_Div_20_1d', 'OBV_Bullish_Div_50_1d', 'OBV_Bearish_Div_50_1d', 'MFV_1d', 'ADL_1d', 'ADL_norm_1d', 'ADL_SMA5_1d', 'ADL_SMA15_1d', 'ADL_SMA30_1d', 'ADL_Trend_1d', 'Price_Trend_1d', 'ADL_Divergence_1d', 'MFM_1d', 'CMF_20_1d', 'PVT_change_1d', 'PVT_1d', 'PVT_norm_1d', 'PVT_SMA10_1d', 'PVT_SMA30_1d', 'PVT_signal_1d', 'PVT_cross_1d', 'PVT_cross_signal_1d', 'PVT_delta5_1d', 'CCI_5_1d', 'CCI_10_1d', 'CCI_15_1d', 'Volume_Oscillator_1d', 'VWAP_1d', 'VWMA_10_1d', 'VWMA_20_1d', 'Force_Index_1_1d', 'Force_Index_13_1d', 'Typical_Price_1d', 'Raw_Money_Flow_1d', 'Typical_Price_Prev_1d', 'Money_Flow_Positive_1d', 'Money_Flow_Negative_1d', 'MFI_14_1d', 'Vol_Weighted_Up_1d', 'Vol_Weighted_Down_1d', 'Vol_Weighted_Up_Avg_1d', 'Vol_Weighted_Down_Avg_1d', 'Vol_Weighted_RSI_1d', 'VWAP_10_1d', 'Volume_SMA', 'OBV_std', 'OBV_norm_std', 'OBV_SMA_10', 'OBV_EMA_10', 'OBV_WMA_10', 'OBV_SMA_20', 'OBV_EMA_20', 'OBV_WMA_20', 'OBV_SMA_50', 'OBV_EMA_50', 'OBV_WMA_50', 'OBV_Bullish_Div_10', 'OBV_Bearish_Div_10', 'OBV_Bullish_Div_20', 'OBV_Bearish_Div_20', 'OBV_Bullish_Div_50', 'OBV_Bearish_Div_50', 'SuperTrend_Long', 'SuperTrend_Short', 'ADX', 'Williams_R', 'day_of_year', 'sin_day', 'cos_day', 'sin_hour', 'cos_hour', 'period_of_day', 'hourly_return', 'hourly_volatility', 'volatility_by_period', 'volatility_6h', 'volatility_12h', 'volatility_24h', 'volatility_period_0', 'volatility_period_1', 'volatility_period_2', 'volatility_period_3', 'volatility_morning', 'volatility_afternoon', 'volatility_evening', 'volatility_night', 'log_return_5m', 'log_return_1h', 'momentum_1h', 'log_return_4h', 'momentum_4h', 'log_return_1d', 'momentum_1d', 'momentum_5m']
2025-06-06 17:23:46,297 - prediction_service - INFO - DEBUG - Après create_parquet: 30 lignes
2025-06-06 17:23:46,297 - prediction_service - INFO - DEBUG - Features disponibles: []
2025-06-06 17:23:46,298 - prediction_service - INFO - DEBUG - Colonnes non-numériques détectées: ['doji_type_4h', 'pattern_type_4h', 'doji_type_1d', 'pattern_type_1d']
2025-06-06 17:23:46,311 - prediction_service - INFO - DEBUG - Colonnes finales: ['1h_Open', '1h_High', '1h_Low', '1h_Close', '1h_Volume', '4h_Open', '4h_High', '4h_Low', '4h_Close', '4h_Volume', '1d_Open', '1d_High', '1d_Low', '1d_Close', '1d_Volume', '1h_price_change_pct', '4h_price_change_pct', '1d_price_change_pct', '1h_range', '1h_position', '4h_range', '4h_position', '1d_range', '1d_position', '1h_volume_ratio', '4h_volume_ratio', '1d_volume_ratio', '1h_SMA', '4h_SMA', '1d_SMA', 'close_over_1h_SMA', 'close_over_4h_SMA', 'close_over_1d_SMA', '1h_trend', '4h_trend', '1d_trend', 'bullish_alignment', 'bearish_alignment', 'mixed_trend_signals', '1h_support', '1h_resistance', '1h_sup_res_count', '1h_support_strength', '1h_resistance_strength', '4h_support', '4h_resistance', '4h_sup_res_count', '4h_support_strength', '4h_resistance_strength', '1d_support', '1d_resistance', '1d_sup_res_count', '1d_support_strength', '1d_resistance_strength', '1h_dist_to_support', '1h_dist_to_resistance', '1h_sup_res_position', '1h_at_support', '1h_at_resistance', '1h_breaking_support', '1h_breaking_resistance', '1h_sr_range_width', '4h_dist_to_support', '4h_dist_to_resistance', '4h_sup_res_position', '4h_at_support', '4h_at_resistance', '4h_breaking_support', '4h_breaking_resistance', '4h_sr_range_width', '1d_dist_to_support', '1d_dist_to_resistance', '1d_sup_res_position', '1d_at_support', '1d_at_resistance', '1d_breaking_support', '1d_breaking_resistance', '1d_sr_range_width', 'multi_timeframe_support', 'multi_timeframe_resistance', 'strong_support_zone', 'strong_resistance_zone', 'in_sr_range', 'breaking_sr_range', 'Open_1h', 'High_1h', 'Low_1h', 'Close_1h', 'Volume_1h', 'Volume_SMA', 'OBV_std', 'OBV_norm_std', 'OBV_SMA_10', 'OBV_EMA_10', 'OBV_WMA_10', 'OBV_SMA_20', 'OBV_EMA_20', 'OBV_WMA_20', 'OBV_SMA_50', 'OBV_EMA_50', 'OBV_WMA_50', 'OBV_Bullish_Div_10', 'OBV_Bearish_Div_10', 'OBV_Bullish_Div_20', 'OBV_Bearish_Div_20', 'OBV_Bullish_Div_50', 'OBV_Bearish_Div_50', 'VWAP_10', 'Open_4h', 'High_4h', 'Low_4h', 'Close_4h', 'Volume_4h', 'candle_range_4h', 'corps_candle_4h', 'meche_haute_4h', 'meche_basse_4h', 'candle_trend_4h', 'doji_4h', 'doji_strength_4h', 'perfect_doji_4h', 'upper_wick_4h', 'lower_wick_4h', 'ratio_corps_4h', 'doji_invalid_4h', 'bullish_engulfing_4h', 'bearish_engulfing_4h', 'engulfing_strength_4h', 'corps_candle_prev_4h', 'corps_sum_4h', 'Volume_SMA_5_4h', 'Volume_SMA_10_4h', 'Volume_SMA_20_4h', 'Volume_Ratio_SMA5_4h', 'Volume_Ratio_SMA10_4h', 'Volume_Ratio_SMA20_4h', 'Volume_Change_1_4h', 'Volume_Change_5_4h', 'PV_Ratio_4h', 'PV_Change_4h', 'OBV_4h', 'Volume_SMA_4h', 'OBV_normalized_4h', 'OBV_norm_minmax_4h', 'OBV_std_4h', 'OBV_norm_std_4h', 'OBV_SMA_10_4h', 'OBV_EMA_10_4h', 'OBV_WMA_10_4h', 'OBV_SMA_20_4h', 'OBV_EMA_20_4h', 'OBV_WMA_20_4h', 'OBV_SMA_50_4h', 'OBV_EMA_50_4h', 'OBV_WMA_50_4h', 'OBV_Trend_short_4h', 'OBV_Trend_medium_4h', 'OBV_Trend_long_4h', 'OBV_Bullish_Div_10_4h', 'OBV_Bearish_Div_10_4h', 'OBV_Bullish_Div_20_4h', 'OBV_Bearish_Div_20_4h', 'OBV_Bullish_Div_50_4h', 'OBV_Bearish_Div_50_4h', 'MFV_4h', 'ADL_4h', 'ADL_norm_4h', 'ADL_SMA5_4h', 'ADL_SMA15_4h', 'ADL_SMA30_4h', 'ADL_Trend_4h', 'Price_Trend_4h', 'ADL_Divergence_4h', 'MFM_4h', 'CMF_20_4h', 'PVT_change_4h', 'PVT_4h', 'PVT_norm_4h', 'PVT_SMA10_4h', 'PVT_SMA30_4h', 'PVT_signal_4h', 'PVT_cross_4h', 'PVT_cross_signal_4h', 'PVT_delta5_4h', 'CCI_5_4h', 'CCI_10_4h', 'CCI_15_4h', 'Volume_Oscillator_4h', 'VWAP_4h', 'VWMA_10_4h', 'VWMA_20_4h', 'Force_Index_1_4h', 'Force_Index_13_4h', 'Typical_Price_4h', 'Raw_Money_Flow_4h', 'Typical_Price_Prev_4h', 'Money_Flow_Positive_4h', 'Money_Flow_Negative_4h', 'MFI_14_4h', 'Vol_Weighted_Up_4h', 'Vol_Weighted_Down_4h', 'Vol_Weighted_Up_Avg_4h', 'Vol_Weighted_Down_Avg_4h', 'Vol_Weighted_RSI_4h', 'VWAP_10_4h', 'Open_1d', 'High_1d', 'Low_1d', 'Close_1d', 'Volume_1d', 'candle_range_1d', 'corps_candle_1d', 'meche_haute_1d', 'meche_basse_1d', 'candle_trend_1d', 'doji_1d', 'doji_strength_1d', 'perfect_doji_1d', 'upper_wick_1d', 'lower_wick_1d', 'ratio_corps_1d', 'doji_invalid_1d', 'bullish_engulfing_1d', 'bearish_engulfing_1d', 'engulfing_strength_1d', 'corps_candle_prev_1d', 'corps_sum_1d', 'Volume_SMA_5_1d', 'Volume_SMA_10_1d', 'Volume_SMA_20_1d', 'Volume_Ratio_SMA5_1d', 'Volume_Ratio_SMA10_1d', 'Volume_Ratio_SMA20_1d', 'Volume_Change_1_1d', 'Volume_Change_5_1d', 'PV_Ratio_1d', 'PV_Change_1d', 'OBV_1d', 'Volume_SMA_1d', 'OBV_normalized_1d', 'OBV_norm_minmax_1d', 'OBV_std_1d', 'OBV_norm_std_1d', 'OBV_SMA_10_1d', 'OBV_EMA_10_1d', 'OBV_WMA_10_1d', 'OBV_SMA_20_1d', 'OBV_EMA_20_1d', 'OBV_WMA_20_1d', 'OBV_SMA_50_1d', 'OBV_EMA_50_1d', 'OBV_WMA_50_1d', 'OBV_Trend_short_1d', 'OBV_Trend_medium_1d', 'OBV_Trend_long_1d', 'OBV_Bullish_Div_10_1d', 'OBV_Bearish_Div_10_1d', 'OBV_Bullish_Div_20_1d', 'OBV_Bearish_Div_20_1d', 'OBV_Bullish_Div_50_1d', 'OBV_Bearish_Div_50_1d', 'MFV_1d', 'ADL_1d', 'ADL_norm_1d', 'ADL_SMA5_1d', 'ADL_SMA15_1d', 'ADL_SMA30_1d', 'ADL_Trend_1d', 'Price_Trend_1d', 'ADL_Divergence_1d', 'MFM_1d', 'CMF_20_1d', 'PVT_change_1d', 'PVT_1d', 'PVT_norm_1d', 'PVT_SMA10_1d', 'PVT_SMA30_1d', 'PVT_signal_1d', 'PVT_cross_1d', 'PVT_cross_signal_1d', 'PVT_delta5_1d', 'CCI_5_1d', 'CCI_10_1d', 'CCI_15_1d', 'Volume_Oscillator_1d', 'VWAP_1d', 'VWMA_10_1d', 'VWMA_20_1d', 'Force_Index_1_1d', 'Force_Index_13_1d', 'Typical_Price_1d', 'Raw_Money_Flow_1d', 'Typical_Price_Prev_1d', 'Money_Flow_Positive_1d', 'Money_Flow_Negative_1d', 'MFI_14_1d', 'Vol_Weighted_Up_1d', 'Vol_Weighted_Down_1d', 'Vol_Weighted_Up_Avg_1d', 'Vol_Weighted_Down_Avg_1d', 'Vol_Weighted_RSI_1d', 'VWAP_10_1d', 'Volume_SMA', 'OBV_std', 'OBV_norm_std', 'OBV_SMA_10', 'OBV_EMA_10', 'OBV_WMA_10', 'OBV_SMA_20', 'OBV_EMA_20', 'OBV_WMA_20', 'OBV_SMA_50', 'OBV_EMA_50', 'OBV_WMA_50', 'OBV_Bullish_Div_10', 'OBV_Bearish_Div_10', 'OBV_Bullish_Div_20', 'OBV_Bearish_Div_20', 'OBV_Bullish_Div_50', 'OBV_Bearish_Div_50', 'SuperTrend_Long', 'SuperTrend_Short', 'ADX', 'Williams_R', 'day_of_year', 'sin_day', 'cos_day', 'sin_hour', 'cos_hour', 'period_of_day', 'hourly_return', 'hourly_volatility', 'volatility_by_period', 'volatility_6h', 'volatility_12h', 'volatility_24h', 'volatility_period_0', 'volatility_period_1', 'volatility_period_2', 'volatility_period_3', 'volatility_morning', 'volatility_afternoon', 'volatility_evening', 'volatility_night', 'log_return_5m', 'log_return_1h', 'momentum_1h', 'log_return_4h', 'momentum_4h', 'log_return_1d', 'momentum_1d', 'momentum_5m']
2025-06-06 17:23:46,312 - prediction_service - INFO - DEBUG - Types de données: [dtype('float64') dtype('int64') dtype('int32')]
2025-06-06 17:23:46,314 - prediction_service - INFO - DEBUG - Colonnes finales: ['1h_Open', '1h_High', '1h_Low', '1h_Close', '1h_Volume', '4h_Open', '4h_High', '4h_Low', '4h_Close', '4h_Volume', '1d_Open', '1d_High', '1d_Low', '1d_Close', '1d_Volume', '1h_price_change_pct', '4h_price_change_pct', '1d_price_change_pct', '1h_range', '1h_position', '4h_range', '4h_position', '1d_range', '1d_position', '1h_volume_ratio', '4h_volume_ratio', '1d_volume_ratio', '1h_SMA', '4h_SMA', '1d_SMA', 'close_over_1h_SMA', 'close_over_4h_SMA', 'close_over_1d_SMA', '1h_trend', '4h_trend', '1d_trend', 'bullish_alignment', 'bearish_alignment', 'mixed_trend_signals', '1h_support', '1h_resistance', '1h_sup_res_count', '1h_support_strength', '1h_resistance_strength', '4h_support', '4h_resistance', '4h_sup_res_count', '4h_support_strength', '4h_resistance_strength', '1d_support', '1d_resistance', '1d_sup_res_count', '1d_support_strength', '1d_resistance_strength', '1h_dist_to_support', '1h_dist_to_resistance', '1h_sup_res_position', '1h_at_support', '1h_at_resistance', '1h_breaking_support', '1h_breaking_resistance', '1h_sr_range_width', '4h_dist_to_support', '4h_dist_to_resistance', '4h_sup_res_position', '4h_at_support', '4h_at_resistance', '4h_breaking_support', '4h_breaking_resistance', '4h_sr_range_width', '1d_dist_to_support', '1d_dist_to_resistance', '1d_sup_res_position', '1d_at_support', '1d_at_resistance', '1d_breaking_support', '1d_breaking_resistance', '1d_sr_range_width', 'multi_timeframe_support', 'multi_timeframe_resistance', 'strong_support_zone', 'strong_resistance_zone', 'in_sr_range', 'breaking_sr_range', 'Open_1h', 'High_1h', 'Low_1h', 'Close_1h', 'Volume_1h', 'Volume_SMA', 'OBV_std', 'OBV_norm_std', 'OBV_SMA_10', 'OBV_EMA_10', 'OBV_WMA_10', 'OBV_SMA_20', 'OBV_EMA_20', 'OBV_WMA_20', 'OBV_SMA_50', 'OBV_EMA_50', 'OBV_WMA_50', 'OBV_Bullish_Div_10', 'OBV_Bearish_Div_10', 'OBV_Bullish_Div_20', 'OBV_Bearish_Div_20', 'OBV_Bullish_Div_50', 'OBV_Bearish_Div_50', 'VWAP_10', 'Open_4h', 'High_4h', 'Low_4h', 'Close_4h', 'Volume_4h', 'candle_range_4h', 'corps_candle_4h', 'meche_haute_4h', 'meche_basse_4h', 'candle_trend_4h', 'doji_4h', 'doji_strength_4h', 'perfect_doji_4h', 'upper_wick_4h', 'lower_wick_4h', 'ratio_corps_4h', 'doji_invalid_4h', 'bullish_engulfing_4h', 'bearish_engulfing_4h', 'engulfing_strength_4h', 'corps_candle_prev_4h', 'corps_sum_4h', 'Volume_SMA_5_4h', 'Volume_SMA_10_4h', 'Volume_SMA_20_4h', 'Volume_Ratio_SMA5_4h', 'Volume_Ratio_SMA10_4h', 'Volume_Ratio_SMA20_4h', 'Volume_Change_1_4h', 'Volume_Change_5_4h', 'PV_Ratio_4h', 'PV_Change_4h', 'OBV_4h', 'Volume_SMA_4h', 'OBV_normalized_4h', 'OBV_norm_minmax_4h', 'OBV_std_4h', 'OBV_norm_std_4h', 'OBV_SMA_10_4h', 'OBV_EMA_10_4h', 'OBV_WMA_10_4h', 'OBV_SMA_20_4h', 'OBV_EMA_20_4h', 'OBV_WMA_20_4h', 'OBV_SMA_50_4h', 'OBV_EMA_50_4h', 'OBV_WMA_50_4h', 'OBV_Trend_short_4h', 'OBV_Trend_medium_4h', 'OBV_Trend_long_4h', 'OBV_Bullish_Div_10_4h', 'OBV_Bearish_Div_10_4h', 'OBV_Bullish_Div_20_4h', 'OBV_Bearish_Div_20_4h', 'OBV_Bullish_Div_50_4h', 'OBV_Bearish_Div_50_4h', 'MFV_4h', 'ADL_4h', 'ADL_norm_4h', 'ADL_SMA5_4h', 'ADL_SMA15_4h', 'ADL_SMA30_4h', 'ADL_Trend_4h', 'Price_Trend_4h', 'ADL_Divergence_4h', 'MFM_4h', 'CMF_20_4h', 'PVT_change_4h', 'PVT_4h', 'PVT_norm_4h', 'PVT_SMA10_4h', 'PVT_SMA30_4h', 'PVT_signal_4h', 'PVT_cross_4h', 'PVT_cross_signal_4h', 'PVT_delta5_4h', 'CCI_5_4h', 'CCI_10_4h', 'CCI_15_4h', 'Volume_Oscillator_4h', 'VWAP_4h', 'VWMA_10_4h', 'VWMA_20_4h', 'Force_Index_1_4h', 'Force_Index_13_4h', 'Typical_Price_4h', 'Raw_Money_Flow_4h', 'Typical_Price_Prev_4h', 'Money_Flow_Positive_4h', 'Money_Flow_Negative_4h', 'MFI_14_4h', 'Vol_Weighted_Up_4h', 'Vol_Weighted_Down_4h', 'Vol_Weighted_Up_Avg_4h', 'Vol_Weighted_Down_Avg_4h', 'Vol_Weighted_RSI_4h', 'VWAP_10_4h', 'Open_1d', 'High_1d', 'Low_1d', 'Close_1d', 'Volume_1d', 'candle_range_1d', 'corps_candle_1d', 'meche_haute_1d', 'meche_basse_1d', 'candle_trend_1d', 'doji_1d', 'doji_strength_1d', 'perfect_doji_1d', 'upper_wick_1d', 'lower_wick_1d', 'ratio_corps_1d', 'doji_invalid_1d', 'bullish_engulfing_1d', 'bearish_engulfing_1d', 'engulfing_strength_1d', 'corps_candle_prev_1d', 'corps_sum_1d', 'Volume_SMA_5_1d', 'Volume_SMA_10_1d', 'Volume_SMA_20_1d', 'Volume_Ratio_SMA5_1d', 'Volume_Ratio_SMA10_1d', 'Volume_Ratio_SMA20_1d', 'Volume_Change_1_1d', 'Volume_Change_5_1d', 'PV_Ratio_1d', 'PV_Change_1d', 'OBV_1d', 'Volume_SMA_1d', 'OBV_normalized_1d', 'OBV_norm_minmax_1d', 'OBV_std_1d', 'OBV_norm_std_1d', 'OBV_SMA_10_1d', 'OBV_EMA_10_1d', 'OBV_WMA_10_1d', 'OBV_SMA_20_1d', 'OBV_EMA_20_1d', 'OBV_WMA_20_1d', 'OBV_SMA_50_1d', 'OBV_EMA_50_1d', 'OBV_WMA_50_1d', 'OBV_Trend_short_1d', 'OBV_Trend_medium_1d', 'OBV_Trend_long_1d', 'OBV_Bullish_Div_10_1d', 'OBV_Bearish_Div_10_1d', 'OBV_Bullish_Div_20_1d', 'OBV_Bearish_Div_20_1d', 'OBV_Bullish_Div_50_1d', 'OBV_Bearish_Div_50_1d', 'MFV_1d', 'ADL_1d', 'ADL_norm_1d', 'ADL_SMA5_1d', 'ADL_SMA15_1d', 'ADL_SMA30_1d', 'ADL_Trend_1d', 'Price_Trend_1d', 'ADL_Divergence_1d', 'MFM_1d', 'CMF_20_1d', 'PVT_change_1d', 'PVT_1d', 'PVT_norm_1d', 'PVT_SMA10_1d', 'PVT_SMA30_1d', 'PVT_signal_1d', 'PVT_cross_1d', 'PVT_cross_signal_1d', 'PVT_delta5_1d', 'CCI_5_1d', 'CCI_10_1d', 'CCI_15_1d', 'Volume_Oscillator_1d', 'VWAP_1d', 'VWMA_10_1d', 'VWMA_20_1d', 'Force_Index_1_1d', 'Force_Index_13_1d', 'Typical_Price_1d', 'Raw_Money_Flow_1d', 'Typical_Price_Prev_1d', 'Money_Flow_Positive_1d', 'Money_Flow_Negative_1d', 'MFI_14_1d', 'Vol_Weighted_Up_1d', 'Vol_Weighted_Down_1d', 'Vol_Weighted_Up_Avg_1d', 'Vol_Weighted_Down_Avg_1d', 'Vol_Weighted_RSI_1d', 'VWAP_10_1d', 'Volume_SMA', 'OBV_std', 'OBV_norm_std', 'OBV_SMA_10', 'OBV_EMA_10', 'OBV_WMA_10', 'OBV_SMA_20', 'OBV_EMA_20', 'OBV_WMA_20', 'OBV_SMA_50', 'OBV_EMA_50', 'OBV_WMA_50', 'OBV_Bullish_Div_10', 'OBV_Bearish_Div_10', 'OBV_Bullish_Div_20', 'OBV_Bearish_Div_20', 'OBV_Bullish_Div_50', 'OBV_Bearish_Div_50', 'SuperTrend_Long', 'SuperTrend_Short', 'ADX', 'Williams_R', 'day_of_year', 'sin_day', 'cos_day', 'sin_hour', 'cos_hour', 'period_of_day', 'hourly_return', 'hourly_volatility', 'volatility_by_period', 'volatility_6h', 'volatility_12h', 'volatility_24h', 'volatility_period_0', 'volatility_period_1', 'volatility_period_2', 'volatility_period_3', 'volatility_morning', 'volatility_afternoon', 'volatility_evening', 'volatility_night', 'log_return_5m', 'log_return_1h', 'momentum_1h', 'log_return_4h', 'momentum_4h', 'log_return_1d', 'momentum_1d', 'momentum_5m']
2025-06-06 17:23:46,314 - prediction_service - INFO - DEBUG - Statistiques descriptives des colonnes:
2025-06-06 17:23:46,678 - prediction_service - INFO - 
               count          mean           std         min         25%         50%         75%         max
1h_Open         30.0   6480.280000  1.908266e+01   6459.6000   6459.6000   6486.6000   6486.6000   6509.0000
1h_High         30.0   6501.840000  1.191341e+01   6487.5000   6487.5000   6511.1000   6511.1000   6512.0000
1h_Low          30.0   6462.680000  2.036045e+01   6441.0000   6441.0000   6468.6000   6468.6000   6494.2000
1h_Close        30.0   6498.780000  1.055221e+01   6486.5000   6486.5000   6502.1000   6509.4000   6509.4000
1h_Volume       30.0  24238.400000  5.730645e+03  13086.0000  26124.0000  26124.0000  27929.0000  27929.0000
...              ...           ...           ...         ...         ...         ...         ...         ...
log_return_4h   30.0      0.012660  2.725815e-03      0.0073      0.0140      0.0140      0.0140      0.0140
momentum_4h     30.0     81.720000  1.745335e+01     47.4000     90.3000     90.3000     90.3000     90.3000
log_return_1d   30.0      0.045600  7.057516e-18      0.0456      0.0456      0.0456      0.0456      0.0456
momentum_1d     30.0    292.200000  5.781517e-14    292.2000    292.2000    292.2000    292.2000    292.2000
momentum_5m     30.0      1.313333  6.113452e+00     -9.8000     -1.8250      0.9500      3.6750     17.8000

[352 rows x 8 columns]
2025-06-06 17:23:46,679 - prediction_service - INFO - Séquences conservées pour la prédiction (shape=(16, 352)): [[ 6.4866e+03  6.5111e+03  6.4686e+03 ...  4.5600e-02  2.9220e+02
  -9.8000e+00]
 [ 6.4866e+03  6.5111e+03  6.4686e+03 ...  4.5600e-02  2.9220e+02
  -3.1000e+00]
 [ 6.4866e+03  6.5111e+03  6.4686e+03 ...  4.5600e-02  2.9220e+02
   2.1000e+00]
 ...
 [ 6.5090e+03  6.5120e+03  6.4942e+03 ...  4.5600e-02  2.9220e+02
  -2.9000e+00]
 [ 6.5090e+03  6.5120e+03  6.4942e+03 ...  4.5600e-02  2.9220e+02
   1.1000e+00]
 [ 6.5090e+03  6.5120e+03  6.4942e+03 ...  4.5600e-02  2.9220e+02
   0.0000e+00]]
2025-06-06 17:23:46,710 - prediction_service - INFO - Données sauvegardées dans 'prediction_data.csv'
2025-06-06 17:23:46,801 - prediction_service - INFO - DEBUG - Analyse NaN détaillée: {}
2025-06-06 17:23:46,801 - prediction_service - INFO - DEBUG - Analyse valeurs infinies détaillée: {}
2025-06-06 17:23:46,801 - prediction_service - INFO - Normalisation des données avec StandardScaler (shape=(1, 16, 352))
2025-06-06 17:23:46,804 - prediction_service - INFO - prepare prediction data done: make prediction
2025-06-06 17:23:46,917 - prediction_service - ERROR - Erreur: Exception encountered when calling LSTMCell.call().

[1mDimensions must be equal, but are 352 and 158 for '{{node sequential_1/lstm_1/lstm_cell_1/MatMul}} = MatMul[T=DT_FLOAT, grad_a=false, grad_b=false, transpose_a=false, transpose_b=false](sequential_1/lstm_1/strided_slice_1, sequential_1/lstm_1/lstm_cell_1/Cast/ReadVariableOp)' with input shapes: [1,352], [158,200].[0m

Arguments received by LSTMCell.call():
  • inputs=tf.Tensor(shape=(1, 352), dtype=float32)
  • states=('tf.Tensor(shape=(1, 50), dtype=float32)', 'tf.Tensor(shape=(1, 50), dtype=float32)')
  • training=False
Traceback (most recent call last):
  File "/home/parrochia/go/src/github.com/trading-prediction-with-machine-learning/./src/prediction_service.py", line 184, in handle_websocket
    prediction = make_prediction(model, x)
  File "/home/parrochia/go/src/github.com/trading-prediction-with-machine-learning/./src/prediction_service.py", line 282, in make_prediction
    y_proba = model.predict(x)
  File "/home/parrochia/.local/lib/python3.10/site-packages/keras/src/utils/traceback_utils.py", line 122, in error_handler
    raise e.with_traceback(filtered_tb) from None
  File "/home/parrochia/.local/lib/python3.10/site-packages/keras/src/utils/traceback_utils.py", line 122, in error_handler
    raise e.with_traceback(filtered_tb) from None
ValueError: Exception encountered when calling LSTMCell.call().

[1mDimensions must be equal, but are 352 and 158 for '{{node sequential_1/lstm_1/lstm_cell_1/MatMul}} = MatMul[T=DT_FLOAT, grad_a=false, grad_b=false, transpose_a=false, transpose_b=false](sequential_1/lstm_1/strided_slice_1, sequential_1/lstm_1/lstm_cell_1/Cast/ReadVariableOp)' with input shapes: [1,352], [158,200].[0m

Arguments received by LSTMCell.call():
  • inputs=tf.Tensor(shape=(1, 352), dtype=float32)
  • states=('tf.Tensor(shape=(1, 50), dtype=float32)', 'tf.Tensor(shape=(1, 50), dtype=float32)')
  • training=False
2025-06-06 17:24:45,639 - websockets.server - INFO - server closing
2025-06-06 17:24:45,639 - websockets.server - INFO - server closed
2025-06-06 17:24:54,823 - absl - WARNING - Compiled the loaded model, but the compiled metrics have yet to be built. `model.compile_metrics` will be empty until you train or evaluate the model.
2025-06-06 17:24:55,573 - prediction_service - INFO - Modèle existant compatible avec 158 features
2025-06-06 17:24:55,574 - prediction_service - INFO - Démarrage du serveur WebSocket sur 0.0.0.0:8765
2025-06-06 17:24:55,591 - websockets.server - INFO - server listening on 0.0.0.0:8765
2025-06-06 17:24:55,687 - websockets.server - INFO - connection open
2025-06-06 17:24:55,688 - prediction_service - INFO - Nouvelle connexion WebSocket: ('127.0.0.1', 49046)
2025-06-06 17:24:55,748 - absl - WARNING - Compiled the loaded model, but the compiled metrics have yet to be built. `model.compile_metrics` will be empty until you train or evaluate the model.
2025-06-06 17:24:55,751 - prediction_service - INFO - Modèle chargé depuis ./model/best_model.h5
2025-06-06 17:24:56,996 - prediction_service - INFO - Message reçu: 5min - 50 barres
2025-06-06 17:24:57,003 - prediction_service - INFO - Données historiques mises à jour pour 5min: 50 barres du 2025-06-02 07:20:00 au 2025-06-02 11:25:00
2025-06-06 17:24:57,003 - prediction_service - WARNING - Données insuffisantes pour les timeframes suivants (au moins 14 lignes requises) : 1h, 4h, 1d
2025-06-06 17:24:57,004 - prediction_service - INFO - Message reçu: 1h - 50 barres
2025-06-06 17:24:57,007 - prediction_service - INFO - Données historiques mises à jour pour 1h: 50 barres du 2025-05-29 09:00:00 au 2025-06-02 13:00:00
2025-06-06 17:24:57,007 - prediction_service - WARNING - Données insuffisantes pour les timeframes suivants (au moins 14 lignes requises) : 4h, 1d
2025-06-06 17:24:57,008 - prediction_service - INFO - Message reçu: 4h - 50 barres
2025-06-06 17:24:57,011 - prediction_service - INFO - Données historiques mises à jour pour 4h: 50 barres du 2025-05-21 15:00:00 au 2025-06-02 11:00:00
2025-06-06 17:24:57,011 - prediction_service - WARNING - Données insuffisantes pour les timeframes suivants (au moins 14 lignes requises) : 1d
2025-06-06 17:24:57,011 - prediction_service - INFO - Message reçu: 1d - 50 barres
2025-06-06 17:24:57,014 - prediction_service - INFO - Données historiques mises à jour pour 1d: 50 barres du 2025-03-23 23:00:00 au 2025-06-01 22:00:00
2025-06-06 17:24:57,022 - prediction_service - INFO - DEBUG - Entrées dans prepare_data_for_prediction:
2025-06-06 17:24:57,022 - prediction_service - INFO -   5min: 49 lignes
2025-06-06 17:24:57,023 - prediction_service - INFO -   1h: 50 lignes
2025-06-06 17:24:57,023 - prediction_service - INFO -   4h: 50 lignes
2025-06-06 17:24:57,023 - prediction_service - INFO -   1d: 50 lignes
2025-06-06 17:24:57,865 - prediction_service - INFO - Colonnes numériques sélectionnées: ['Open_1h', 'High_1h', 'Low_1h', 'Close_1h', 'Volume_1h', 'Volume_SMA', 'OBV_std', 'OBV_norm_std', 'OBV_SMA_10', 'OBV_EMA_10', 'OBV_WMA_10', 'OBV_SMA_20', 'OBV_EMA_20', 'OBV_WMA_20', 'OBV_SMA_50', 'OBV_EMA_50', 'OBV_WMA_50', 'OBV_Bullish_Div_10', 'OBV_Bearish_Div_10', 'OBV_Bullish_Div_20', 'OBV_Bearish_Div_20', 'OBV_Bullish_Div_50', 'OBV_Bearish_Div_50', 'VWAP_10', 'Open_4h', 'High_4h', 'Low_4h', 'Close_4h', 'Volume_4h', 'candle_range_4h', 'corps_candle_4h', 'meche_haute_4h', 'meche_basse_4h', 'candle_trend_4h', 'doji_4h', 'doji_strength_4h', 'perfect_doji_4h', 'upper_wick_4h', 'lower_wick_4h', 'ratio_corps_4h', 'doji_invalid_4h', 'bullish_engulfing_4h', 'bearish_engulfing_4h', 'engulfing_strength_4h', 'corps_candle_prev_4h', 'corps_sum_4h', 'Volume_SMA_5_4h', 'Volume_SMA_10_4h', 'Volume_SMA_20_4h', 'Volume_Ratio_SMA5_4h', 'Volume_Ratio_SMA10_4h', 'Volume_Ratio_SMA20_4h', 'Volume_Change_1_4h', 'Volume_Change_5_4h', 'PV_Ratio_4h', 'PV_Change_4h', 'OBV_4h', 'Volume_SMA_4h', 'OBV_normalized_4h', 'OBV_norm_minmax_4h', 'OBV_std_4h', 'OBV_norm_std_4h', 'OBV_SMA_10_4h', 'OBV_EMA_10_4h', 'OBV_WMA_10_4h', 'OBV_SMA_20_4h', 'OBV_EMA_20_4h', 'OBV_WMA_20_4h', 'OBV_SMA_50_4h', 'OBV_EMA_50_4h', 'OBV_WMA_50_4h', 'OBV_Trend_short_4h', 'OBV_Trend_medium_4h', 'OBV_Trend_long_4h', 'OBV_Bullish_Div_10_4h', 'OBV_Bearish_Div_10_4h', 'OBV_Bullish_Div_20_4h', 'OBV_Bearish_Div_20_4h', 'OBV_Bullish_Div_50_4h', 'OBV_Bearish_Div_50_4h', 'MFV_4h', 'ADL_4h', 'ADL_norm_4h', 'ADL_SMA5_4h', 'ADL_SMA15_4h', 'ADL_SMA30_4h', 'ADL_Trend_4h', 'Price_Trend_4h', 'ADL_Divergence_4h', 'MFM_4h', 'CMF_20_4h', 'PVT_change_4h', 'PVT_4h', 'PVT_norm_4h', 'PVT_SMA10_4h', 'PVT_SMA30_4h', 'PVT_signal_4h', 'PVT_cross_4h', 'PVT_cross_signal_4h', 'PVT_delta5_4h', 'CCI_5_4h', 'CCI_10_4h', 'CCI_15_4h', 'Volume_Oscillator_4h', 'VWAP_4h', 'VWMA_10_4h', 'VWMA_20_4h', 'Force_Index_1_4h', 'Force_Index_13_4h', 'Typical_Price_4h', 'Raw_Money_Flow_4h', 'Typical_Price_Prev_4h', 'Money_Flow_Positive_4h', 'Money_Flow_Negative_4h', 'MFI_14_4h', 'Vol_Weighted_Up_4h', 'Vol_Weighted_Down_4h', 'Vol_Weighted_Up_Avg_4h', 'Vol_Weighted_Down_Avg_4h', 'Vol_Weighted_RSI_4h', 'VWAP_10_4h', 'Open_1d', 'High_1d', 'Low_1d', 'Close_1d', 'Volume_1d', 'candle_range_1d', 'corps_candle_1d', 'meche_haute_1d', 'meche_basse_1d', 'candle_trend_1d', 'doji_1d', 'doji_strength_1d', 'perfect_doji_1d', 'upper_wick_1d', 'lower_wick_1d', 'ratio_corps_1d', 'doji_invalid_1d', 'bullish_engulfing_1d', 'bearish_engulfing_1d', 'engulfing_strength_1d', 'corps_candle_prev_1d', 'corps_sum_1d', 'Volume_SMA_5_1d', 'Volume_SMA_10_1d', 'Volume_SMA_20_1d', 'Volume_Ratio_SMA5_1d', 'Volume_Ratio_SMA10_1d', 'Volume_Ratio_SMA20_1d', 'Volume_Change_1_1d', 'Volume_Change_5_1d', 'PV_Ratio_1d', 'PV_Change_1d', 'OBV_1d', 'Volume_SMA_1d', 'OBV_normalized_1d', 'OBV_norm_minmax_1d', 'OBV_std_1d', 'OBV_norm_std_1d', 'OBV_SMA_10_1d', 'OBV_EMA_10_1d', 'OBV_WMA_10_1d', 'OBV_SMA_20_1d', 'OBV_EMA_20_1d', 'OBV_WMA_20_1d', 'OBV_SMA_50_1d', 'OBV_EMA_50_1d', 'OBV_WMA_50_1d', 'OBV_Trend_short_1d', 'OBV_Trend_medium_1d', 'OBV_Trend_long_1d', 'OBV_Bullish_Div_10_1d', 'OBV_Bearish_Div_10_1d', 'OBV_Bullish_Div_20_1d', 'OBV_Bearish_Div_20_1d', 'OBV_Bullish_Div_50_1d', 'OBV_Bearish_Div_50_1d', 'MFV_1d', 'ADL_1d', 'ADL_norm_1d', 'ADL_SMA5_1d', 'ADL_SMA15_1d', 'ADL_SMA30_1d', 'ADL_Trend_1d', 'Price_Trend_1d', 'ADL_Divergence_1d', 'MFM_1d', 'CMF_20_1d', 'PVT_change_1d', 'PVT_1d', 'PVT_norm_1d', 'PVT_SMA10_1d', 'PVT_SMA30_1d', 'PVT_signal_1d', 'PVT_cross_1d', 'PVT_cross_signal_1d', 'PVT_delta5_1d', 'CCI_5_1d', 'CCI_10_1d', 'CCI_15_1d', 'Volume_Oscillator_1d', 'VWAP_1d', 'VWMA_10_1d', 'VWMA_20_1d', 'Force_Index_1_1d', 'Force_Index_13_1d', 'Typical_Price_1d', 'Raw_Money_Flow_1d', 'Typical_Price_Prev_1d', 'Money_Flow_Positive_1d', 'Money_Flow_Negative_1d', 'MFI_14_1d', 'Vol_Weighted_Up_1d', 'Vol_Weighted_Down_1d', 'Vol_Weighted_Up_Avg_1d', 'Vol_Weighted_Down_Avg_1d', 'Vol_Weighted_RSI_1d', 'VWAP_10_1d', 'Volume_SMA', 'OBV_std', 'OBV_norm_std', 'OBV_SMA_10', 'OBV_EMA_10', 'OBV_WMA_10', 'OBV_SMA_20', 'OBV_EMA_20', 'OBV_WMA_20', 'OBV_SMA_50', 'OBV_EMA_50', 'OBV_WMA_50', 'OBV_Bullish_Div_10', 'OBV_Bearish_Div_10', 'OBV_Bullish_Div_20', 'OBV_Bearish_Div_20', 'OBV_Bullish_Div_50', 'OBV_Bearish_Div_50', 'SuperTrend_Long', 'SuperTrend_Short', 'ADX', 'Williams_R', 'day_of_year', 'sin_day', 'cos_day', 'sin_hour', 'cos_hour', 'period_of_day', 'hourly_return', 'hourly_volatility', 'volatility_by_period', 'volatility_6h', 'volatility_12h', 'volatility_24h', 'volatility_period_0', 'volatility_period_1', 'volatility_period_2', 'volatility_period_3', 'volatility_morning', 'volatility_afternoon', 'volatility_evening', 'volatility_night', 'log_return_5m', 'log_return_1h', 'momentum_1h', 'log_return_4h', 'momentum_4h', 'log_return_1d', 'momentum_1d', 'momentum_5m']
2025-06-06 17:24:57,990 - prediction_service - INFO - DEBUG - Après create_parquet: 30 lignes
2025-06-06 17:24:57,990 - prediction_service - INFO - DEBUG - Features disponibles: []
2025-06-06 17:24:57,990 - prediction_service - INFO - DEBUG - Colonnes non-numériques détectées: ['doji_type_4h', 'pattern_type_4h', 'doji_type_1d', 'pattern_type_1d']
2025-06-06 17:24:57,999 - prediction_service - INFO - DEBUG - Colonnes finales: ['Open_1h', 'High_1h', 'Low_1h', 'Close_1h', 'Volume_1h', 'Volume_SMA', 'OBV_std', 'OBV_norm_std', 'OBV_SMA_10', 'OBV_EMA_10', 'OBV_WMA_10', 'OBV_SMA_20', 'OBV_EMA_20', 'OBV_WMA_20', 'OBV_SMA_50', 'OBV_EMA_50', 'OBV_WMA_50', 'OBV_Bullish_Div_10', 'OBV_Bearish_Div_10', 'OBV_Bullish_Div_20', 'OBV_Bearish_Div_20', 'OBV_Bullish_Div_50', 'OBV_Bearish_Div_50', 'VWAP_10', 'Open_4h', 'High_4h', 'Low_4h', 'Close_4h', 'Volume_4h', 'candle_range_4h', 'corps_candle_4h', 'meche_haute_4h', 'meche_basse_4h', 'candle_trend_4h', 'doji_4h', 'doji_strength_4h', 'perfect_doji_4h', 'upper_wick_4h', 'lower_wick_4h', 'ratio_corps_4h', 'doji_invalid_4h', 'bullish_engulfing_4h', 'bearish_engulfing_4h', 'engulfing_strength_4h', 'corps_candle_prev_4h', 'corps_sum_4h', 'Volume_SMA_5_4h', 'Volume_SMA_10_4h', 'Volume_SMA_20_4h', 'Volume_Ratio_SMA5_4h', 'Volume_Ratio_SMA10_4h', 'Volume_Ratio_SMA20_4h', 'Volume_Change_1_4h', 'Volume_Change_5_4h', 'PV_Ratio_4h', 'PV_Change_4h', 'OBV_4h', 'Volume_SMA_4h', 'OBV_normalized_4h', 'OBV_norm_minmax_4h', 'OBV_std_4h', 'OBV_norm_std_4h', 'OBV_SMA_10_4h', 'OBV_EMA_10_4h', 'OBV_WMA_10_4h', 'OBV_SMA_20_4h', 'OBV_EMA_20_4h', 'OBV_WMA_20_4h', 'OBV_SMA_50_4h', 'OBV_EMA_50_4h', 'OBV_WMA_50_4h', 'OBV_Trend_short_4h', 'OBV_Trend_medium_4h', 'OBV_Trend_long_4h', 'OBV_Bullish_Div_10_4h', 'OBV_Bearish_Div_10_4h', 'OBV_Bullish_Div_20_4h', 'OBV_Bearish_Div_20_4h', 'OBV_Bullish_Div_50_4h', 'OBV_Bearish_Div_50_4h', 'MFV_4h', 'ADL_4h', 'ADL_norm_4h', 'ADL_SMA5_4h', 'ADL_SMA15_4h', 'ADL_SMA30_4h', 'ADL_Trend_4h', 'Price_Trend_4h', 'ADL_Divergence_4h', 'MFM_4h', 'CMF_20_4h', 'PVT_change_4h', 'PVT_4h', 'PVT_norm_4h', 'PVT_SMA10_4h', 'PVT_SMA30_4h', 'PVT_signal_4h', 'PVT_cross_4h', 'PVT_cross_signal_4h', 'PVT_delta5_4h', 'CCI_5_4h', 'CCI_10_4h', 'CCI_15_4h', 'Volume_Oscillator_4h', 'VWAP_4h', 'VWMA_10_4h', 'VWMA_20_4h', 'Force_Index_1_4h', 'Force_Index_13_4h', 'Typical_Price_4h', 'Raw_Money_Flow_4h', 'Typical_Price_Prev_4h', 'Money_Flow_Positive_4h', 'Money_Flow_Negative_4h', 'MFI_14_4h', 'Vol_Weighted_Up_4h', 'Vol_Weighted_Down_4h', 'Vol_Weighted_Up_Avg_4h', 'Vol_Weighted_Down_Avg_4h', 'Vol_Weighted_RSI_4h', 'VWAP_10_4h', 'Open_1d', 'High_1d', 'Low_1d', 'Close_1d', 'Volume_1d', 'candle_range_1d', 'corps_candle_1d', 'meche_haute_1d', 'meche_basse_1d', 'candle_trend_1d', 'doji_1d', 'doji_strength_1d', 'perfect_doji_1d', 'upper_wick_1d', 'lower_wick_1d', 'ratio_corps_1d', 'doji_invalid_1d', 'bullish_engulfing_1d', 'bearish_engulfing_1d', 'engulfing_strength_1d', 'corps_candle_prev_1d', 'corps_sum_1d', 'Volume_SMA_5_1d', 'Volume_SMA_10_1d', 'Volume_SMA_20_1d', 'Volume_Ratio_SMA5_1d', 'Volume_Ratio_SMA10_1d', 'Volume_Ratio_SMA20_1d', 'Volume_Change_1_1d', 'Volume_Change_5_1d', 'PV_Ratio_1d', 'PV_Change_1d', 'OBV_1d', 'Volume_SMA_1d', 'OBV_normalized_1d', 'OBV_norm_minmax_1d', 'OBV_std_1d', 'OBV_norm_std_1d', 'OBV_SMA_10_1d', 'OBV_EMA_10_1d', 'OBV_WMA_10_1d', 'OBV_SMA_20_1d', 'OBV_EMA_20_1d', 'OBV_WMA_20_1d', 'OBV_SMA_50_1d', 'OBV_EMA_50_1d', 'OBV_WMA_50_1d', 'OBV_Trend_short_1d', 'OBV_Trend_medium_1d', 'OBV_Trend_long_1d', 'OBV_Bullish_Div_10_1d', 'OBV_Bearish_Div_10_1d', 'OBV_Bullish_Div_20_1d', 'OBV_Bearish_Div_20_1d', 'OBV_Bullish_Div_50_1d', 'OBV_Bearish_Div_50_1d', 'MFV_1d', 'ADL_1d', 'ADL_norm_1d', 'ADL_SMA5_1d', 'ADL_SMA15_1d', 'ADL_SMA30_1d', 'ADL_Trend_1d', 'Price_Trend_1d', 'ADL_Divergence_1d', 'MFM_1d', 'CMF_20_1d', 'PVT_change_1d', 'PVT_1d', 'PVT_norm_1d', 'PVT_SMA10_1d', 'PVT_SMA30_1d', 'PVT_signal_1d', 'PVT_cross_1d', 'PVT_cross_signal_1d', 'PVT_delta5_1d', 'CCI_5_1d', 'CCI_10_1d', 'CCI_15_1d', 'Volume_Oscillator_1d', 'VWAP_1d', 'VWMA_10_1d', 'VWMA_20_1d', 'Force_Index_1_1d', 'Force_Index_13_1d', 'Typical_Price_1d', 'Raw_Money_Flow_1d', 'Typical_Price_Prev_1d', 'Money_Flow_Positive_1d', 'Money_Flow_Negative_1d', 'MFI_14_1d', 'Vol_Weighted_Up_1d', 'Vol_Weighted_Down_1d', 'Vol_Weighted_Up_Avg_1d', 'Vol_Weighted_Down_Avg_1d', 'Vol_Weighted_RSI_1d', 'VWAP_10_1d', 'Volume_SMA', 'OBV_std', 'OBV_norm_std', 'OBV_SMA_10', 'OBV_EMA_10', 'OBV_WMA_10', 'OBV_SMA_20', 'OBV_EMA_20', 'OBV_WMA_20', 'OBV_SMA_50', 'OBV_EMA_50', 'OBV_WMA_50', 'OBV_Bullish_Div_10', 'OBV_Bearish_Div_10', 'OBV_Bullish_Div_20', 'OBV_Bearish_Div_20', 'OBV_Bullish_Div_50', 'OBV_Bearish_Div_50', 'SuperTrend_Long', 'SuperTrend_Short', 'ADX', 'Williams_R', 'day_of_year', 'sin_day', 'cos_day', 'sin_hour', 'cos_hour', 'period_of_day', 'hourly_return', 'hourly_volatility', 'volatility_by_period', 'volatility_6h', 'volatility_12h', 'volatility_24h', 'volatility_period_0', 'volatility_period_1', 'volatility_period_2', 'volatility_period_3', 'volatility_morning', 'volatility_afternoon', 'volatility_evening', 'volatility_night', 'log_return_5m', 'log_return_1h', 'momentum_1h', 'log_return_4h', 'momentum_4h', 'log_return_1d', 'momentum_1d', 'momentum_5m']
2025-06-06 17:24:58,000 - prediction_service - INFO - DEBUG - Types de données: [dtype('float64') dtype('int64') dtype('int32')]
2025-06-06 17:24:58,000 - prediction_service - INFO - DEBUG - Colonnes finales: ['Open_1h', 'High_1h', 'Low_1h', 'Close_1h', 'Volume_1h', 'Volume_SMA', 'OBV_std', 'OBV_norm_std', 'OBV_SMA_10', 'OBV_EMA_10', 'OBV_WMA_10', 'OBV_SMA_20', 'OBV_EMA_20', 'OBV_WMA_20', 'OBV_SMA_50', 'OBV_EMA_50', 'OBV_WMA_50', 'OBV_Bullish_Div_10', 'OBV_Bearish_Div_10', 'OBV_Bullish_Div_20', 'OBV_Bearish_Div_20', 'OBV_Bullish_Div_50', 'OBV_Bearish_Div_50', 'VWAP_10', 'Open_4h', 'High_4h', 'Low_4h', 'Close_4h', 'Volume_4h', 'candle_range_4h', 'corps_candle_4h', 'meche_haute_4h', 'meche_basse_4h', 'candle_trend_4h', 'doji_4h', 'doji_strength_4h', 'perfect_doji_4h', 'upper_wick_4h', 'lower_wick_4h', 'ratio_corps_4h', 'doji_invalid_4h', 'bullish_engulfing_4h', 'bearish_engulfing_4h', 'engulfing_strength_4h', 'corps_candle_prev_4h', 'corps_sum_4h', 'Volume_SMA_5_4h', 'Volume_SMA_10_4h', 'Volume_SMA_20_4h', 'Volume_Ratio_SMA5_4h', 'Volume_Ratio_SMA10_4h', 'Volume_Ratio_SMA20_4h', 'Volume_Change_1_4h', 'Volume_Change_5_4h', 'PV_Ratio_4h', 'PV_Change_4h', 'OBV_4h', 'Volume_SMA_4h', 'OBV_normalized_4h', 'OBV_norm_minmax_4h', 'OBV_std_4h', 'OBV_norm_std_4h', 'OBV_SMA_10_4h', 'OBV_EMA_10_4h', 'OBV_WMA_10_4h', 'OBV_SMA_20_4h', 'OBV_EMA_20_4h', 'OBV_WMA_20_4h', 'OBV_SMA_50_4h', 'OBV_EMA_50_4h', 'OBV_WMA_50_4h', 'OBV_Trend_short_4h', 'OBV_Trend_medium_4h', 'OBV_Trend_long_4h', 'OBV_Bullish_Div_10_4h', 'OBV_Bearish_Div_10_4h', 'OBV_Bullish_Div_20_4h', 'OBV_Bearish_Div_20_4h', 'OBV_Bullish_Div_50_4h', 'OBV_Bearish_Div_50_4h', 'MFV_4h', 'ADL_4h', 'ADL_norm_4h', 'ADL_SMA5_4h', 'ADL_SMA15_4h', 'ADL_SMA30_4h', 'ADL_Trend_4h', 'Price_Trend_4h', 'ADL_Divergence_4h', 'MFM_4h', 'CMF_20_4h', 'PVT_change_4h', 'PVT_4h', 'PVT_norm_4h', 'PVT_SMA10_4h', 'PVT_SMA30_4h', 'PVT_signal_4h', 'PVT_cross_4h', 'PVT_cross_signal_4h', 'PVT_delta5_4h', 'CCI_5_4h', 'CCI_10_4h', 'CCI_15_4h', 'Volume_Oscillator_4h', 'VWAP_4h', 'VWMA_10_4h', 'VWMA_20_4h', 'Force_Index_1_4h', 'Force_Index_13_4h', 'Typical_Price_4h', 'Raw_Money_Flow_4h', 'Typical_Price_Prev_4h', 'Money_Flow_Positive_4h', 'Money_Flow_Negative_4h', 'MFI_14_4h', 'Vol_Weighted_Up_4h', 'Vol_Weighted_Down_4h', 'Vol_Weighted_Up_Avg_4h', 'Vol_Weighted_Down_Avg_4h', 'Vol_Weighted_RSI_4h', 'VWAP_10_4h', 'Open_1d', 'High_1d', 'Low_1d', 'Close_1d', 'Volume_1d', 'candle_range_1d', 'corps_candle_1d', 'meche_haute_1d', 'meche_basse_1d', 'candle_trend_1d', 'doji_1d', 'doji_strength_1d', 'perfect_doji_1d', 'upper_wick_1d', 'lower_wick_1d', 'ratio_corps_1d', 'doji_invalid_1d', 'bullish_engulfing_1d', 'bearish_engulfing_1d', 'engulfing_strength_1d', 'corps_candle_prev_1d', 'corps_sum_1d', 'Volume_SMA_5_1d', 'Volume_SMA_10_1d', 'Volume_SMA_20_1d', 'Volume_Ratio_SMA5_1d', 'Volume_Ratio_SMA10_1d', 'Volume_Ratio_SMA20_1d', 'Volume_Change_1_1d', 'Volume_Change_5_1d', 'PV_Ratio_1d', 'PV_Change_1d', 'OBV_1d', 'Volume_SMA_1d', 'OBV_normalized_1d', 'OBV_norm_minmax_1d', 'OBV_std_1d', 'OBV_norm_std_1d', 'OBV_SMA_10_1d', 'OBV_EMA_10_1d', 'OBV_WMA_10_1d', 'OBV_SMA_20_1d', 'OBV_EMA_20_1d', 'OBV_WMA_20_1d', 'OBV_SMA_50_1d', 'OBV_EMA_50_1d', 'OBV_WMA_50_1d', 'OBV_Trend_short_1d', 'OBV_Trend_medium_1d', 'OBV_Trend_long_1d', 'OBV_Bullish_Div_10_1d', 'OBV_Bearish_Div_10_1d', 'OBV_Bullish_Div_20_1d', 'OBV_Bearish_Div_20_1d', 'OBV_Bullish_Div_50_1d', 'OBV_Bearish_Div_50_1d', 'MFV_1d', 'ADL_1d', 'ADL_norm_1d', 'ADL_SMA5_1d', 'ADL_SMA15_1d', 'ADL_SMA30_1d', 'ADL_Trend_1d', 'Price_Trend_1d', 'ADL_Divergence_1d', 'MFM_1d', 'CMF_20_1d', 'PVT_change_1d', 'PVT_1d', 'PVT_norm_1d', 'PVT_SMA10_1d', 'PVT_SMA30_1d', 'PVT_signal_1d', 'PVT_cross_1d', 'PVT_cross_signal_1d', 'PVT_delta5_1d', 'CCI_5_1d', 'CCI_10_1d', 'CCI_15_1d', 'Volume_Oscillator_1d', 'VWAP_1d', 'VWMA_10_1d', 'VWMA_20_1d', 'Force_Index_1_1d', 'Force_Index_13_1d', 'Typical_Price_1d', 'Raw_Money_Flow_1d', 'Typical_Price_Prev_1d', 'Money_Flow_Positive_1d', 'Money_Flow_Negative_1d', 'MFI_14_1d', 'Vol_Weighted_Up_1d', 'Vol_Weighted_Down_1d', 'Vol_Weighted_Up_Avg_1d', 'Vol_Weighted_Down_Avg_1d', 'Vol_Weighted_RSI_1d', 'VWAP_10_1d', 'Volume_SMA', 'OBV_std', 'OBV_norm_std', 'OBV_SMA_10', 'OBV_EMA_10', 'OBV_WMA_10', 'OBV_SMA_20', 'OBV_EMA_20', 'OBV_WMA_20', 'OBV_SMA_50', 'OBV_EMA_50', 'OBV_WMA_50', 'OBV_Bullish_Div_10', 'OBV_Bearish_Div_10', 'OBV_Bullish_Div_20', 'OBV_Bearish_Div_20', 'OBV_Bullish_Div_50', 'OBV_Bearish_Div_50', 'SuperTrend_Long', 'SuperTrend_Short', 'ADX', 'Williams_R', 'day_of_year', 'sin_day', 'cos_day', 'sin_hour', 'cos_hour', 'period_of_day', 'hourly_return', 'hourly_volatility', 'volatility_by_period', 'volatility_6h', 'volatility_12h', 'volatility_24h', 'volatility_period_0', 'volatility_period_1', 'volatility_period_2', 'volatility_period_3', 'volatility_morning', 'volatility_afternoon', 'volatility_evening', 'volatility_night', 'log_return_5m', 'log_return_1h', 'momentum_1h', 'log_return_4h', 'momentum_4h', 'log_return_1d', 'momentum_1d', 'momentum_5m']
2025-06-06 17:24:58,001 - prediction_service - INFO - DEBUG - Statistiques descriptives des colonnes:
2025-06-06 17:24:58,346 - prediction_service - INFO - 
               count          mean           std         min         25%         50%         75%         max
Open_1h         30.0   6480.280000  1.908266e+01   6459.6000   6459.6000   6486.6000   6486.6000   6509.0000
High_1h         30.0   6501.840000  1.191341e+01   6487.5000   6487.5000   6511.1000   6511.1000   6512.0000
Low_1h          30.0   6462.680000  2.036045e+01   6441.0000   6441.0000   6468.6000   6468.6000   6494.2000
Close_1h        30.0   6498.780000  1.055221e+01   6486.5000   6486.5000   6502.1000   6509.4000   6509.4000
Volume_1h       30.0  24238.400000  5.730645e+03  13086.0000  26124.0000  26124.0000  27929.0000  27929.0000
...              ...           ...           ...         ...         ...         ...         ...         ...
log_return_4h   30.0      0.012660  2.725815e-03      0.0073      0.0140      0.0140      0.0140      0.0140
momentum_4h     30.0     81.720000  1.745335e+01     47.4000     90.3000     90.3000     90.3000     90.3000
log_return_1d   30.0      0.045600  7.057516e-18      0.0456      0.0456      0.0456      0.0456      0.0456
momentum_1d     30.0    292.200000  5.781517e-14    292.2000    292.2000    292.2000    292.2000    292.2000
momentum_5m     30.0      1.313333  6.113452e+00     -9.8000     -1.8250      0.9500      3.6750     17.8000

[268 rows x 8 columns]
2025-06-06 17:24:58,347 - prediction_service - INFO - Séquences conservées pour la prédiction (shape=(16, 268)): [[ 6.4866e+03  6.5111e+03  6.4686e+03 ...  4.5600e-02  2.9220e+02
  -9.8000e+00]
 [ 6.4866e+03  6.5111e+03  6.4686e+03 ...  4.5600e-02  2.9220e+02
  -3.1000e+00]
 [ 6.4866e+03  6.5111e+03  6.4686e+03 ...  4.5600e-02  2.9220e+02
   2.1000e+00]
 ...
 [ 6.5090e+03  6.5120e+03  6.4942e+03 ...  4.5600e-02  2.9220e+02
  -2.9000e+00]
 [ 6.5090e+03  6.5120e+03  6.4942e+03 ...  4.5600e-02  2.9220e+02
   1.1000e+00]
 [ 6.5090e+03  6.5120e+03  6.4942e+03 ...  4.5600e-02  2.9220e+02
   0.0000e+00]]
2025-06-06 17:24:58,369 - prediction_service - INFO - Données sauvegardées dans 'prediction_data.csv'
2025-06-06 17:24:58,411 - prediction_service - INFO - DEBUG - Analyse NaN détaillée: {}
2025-06-06 17:24:58,411 - prediction_service - INFO - DEBUG - Analyse valeurs infinies détaillée: {}
2025-06-06 17:24:58,411 - prediction_service - INFO - Normalisation des données avec StandardScaler (shape=(1, 16, 268))
2025-06-06 17:24:58,412 - prediction_service - INFO - prepare prediction data done: make prediction
2025-06-06 17:24:58,472 - prediction_service - ERROR - Erreur: Exception encountered when calling LSTMCell.call().

[1mDimensions must be equal, but are 268 and 158 for '{{node sequential_1/lstm_1/lstm_cell_1/MatMul}} = MatMul[T=DT_FLOAT, grad_a=false, grad_b=false, transpose_a=false, transpose_b=false](sequential_1/lstm_1/strided_slice_1, sequential_1/lstm_1/lstm_cell_1/Cast/ReadVariableOp)' with input shapes: [1,268], [158,200].[0m

Arguments received by LSTMCell.call():
  • inputs=tf.Tensor(shape=(1, 268), dtype=float32)
  • states=('tf.Tensor(shape=(1, 50), dtype=float32)', 'tf.Tensor(shape=(1, 50), dtype=float32)')
  • training=False
Traceback (most recent call last):
  File "/home/parrochia/go/src/github.com/trading-prediction-with-machine-learning/./src/prediction_service.py", line 184, in handle_websocket
    prediction = make_prediction(model, x)
  File "/home/parrochia/go/src/github.com/trading-prediction-with-machine-learning/./src/prediction_service.py", line 282, in make_prediction
    y_proba = model.predict(x)
  File "/home/parrochia/.local/lib/python3.10/site-packages/keras/src/utils/traceback_utils.py", line 122, in error_handler
    raise e.with_traceback(filtered_tb) from None
  File "/home/parrochia/.local/lib/python3.10/site-packages/keras/src/utils/traceback_utils.py", line 122, in error_handler
    raise e.with_traceback(filtered_tb) from None
ValueError: Exception encountered when calling LSTMCell.call().

[1mDimensions must be equal, but are 268 and 158 for '{{node sequential_1/lstm_1/lstm_cell_1/MatMul}} = MatMul[T=DT_FLOAT, grad_a=false, grad_b=false, transpose_a=false, transpose_b=false](sequential_1/lstm_1/strided_slice_1, sequential_1/lstm_1/lstm_cell_1/Cast/ReadVariableOp)' with input shapes: [1,268], [158,200].[0m

Arguments received by LSTMCell.call():
  • inputs=tf.Tensor(shape=(1, 268), dtype=float32)
  • states=('tf.Tensor(shape=(1, 50), dtype=float32)', 'tf.Tensor(shape=(1, 50), dtype=float32)')
  • training=False
2025-06-06 17:33:31,510 - websockets.server - INFO - server closing
2025-06-06 17:33:31,510 - websockets.server - INFO - server closed
2025-06-06 17:33:41,774 - absl - WARNING - Compiled the loaded model, but the compiled metrics have yet to be built. `model.compile_metrics` will be empty until you train or evaluate the model.
2025-06-06 17:33:42,354 - prediction_service - INFO - Modèle existant compatible avec 158 features
2025-06-06 17:33:42,354 - prediction_service - INFO - Démarrage du serveur WebSocket sur 0.0.0.0:8765
2025-06-06 17:33:42,363 - websockets.server - INFO - server listening on 0.0.0.0:8765
2025-06-06 17:33:42,527 - websockets.server - INFO - connection open
2025-06-06 17:33:42,527 - prediction_service - INFO - Nouvelle connexion WebSocket: ('127.0.0.1', 52638)
2025-06-06 17:33:42,582 - absl - WARNING - Compiled the loaded model, but the compiled metrics have yet to be built. `model.compile_metrics` will be empty until you train or evaluate the model.
2025-06-06 17:33:42,585 - prediction_service - INFO - Modèle chargé depuis ./model/best_model.h5
2025-06-06 17:33:43,640 - prediction_service - INFO - Message reçu: 5min - 50 barres
2025-06-06 17:33:43,648 - prediction_service - INFO - Données historiques mises à jour pour 5min: 50 barres du 2025-06-02 07:20:00 au 2025-06-02 11:25:00
2025-06-06 17:33:43,648 - prediction_service - WARNING - Données insuffisantes pour les timeframes suivants (au moins 14 lignes requises) : 1h, 4h, 1d
2025-06-06 17:33:43,649 - prediction_service - INFO - Message reçu: 1h - 50 barres
2025-06-06 17:33:43,653 - prediction_service - INFO - Données historiques mises à jour pour 1h: 50 barres du 2025-05-29 09:00:00 au 2025-06-02 13:00:00
2025-06-06 17:33:43,653 - prediction_service - WARNING - Données insuffisantes pour les timeframes suivants (au moins 14 lignes requises) : 4h, 1d
2025-06-06 17:33:43,654 - prediction_service - INFO - Message reçu: 4h - 50 barres
2025-06-06 17:33:43,657 - prediction_service - INFO - Données historiques mises à jour pour 4h: 50 barres du 2025-05-21 15:00:00 au 2025-06-02 11:00:00
2025-06-06 17:33:43,658 - prediction_service - WARNING - Données insuffisantes pour les timeframes suivants (au moins 14 lignes requises) : 1d
2025-06-06 17:33:43,658 - prediction_service - INFO - Message reçu: 1d - 50 barres
2025-06-06 17:33:43,662 - prediction_service - INFO - Données historiques mises à jour pour 1d: 50 barres du 2025-03-23 23:00:00 au 2025-06-01 22:00:00
2025-06-06 17:33:43,671 - prediction_service - INFO - DEBUG - Entrées dans prepare_data_for_prediction:
2025-06-06 17:33:43,672 - prediction_service - INFO -   5min: 49 lignes
2025-06-06 17:33:43,672 - prediction_service - INFO -   1h: 50 lignes
2025-06-06 17:33:43,672 - prediction_service - INFO -   4h: 50 lignes
2025-06-06 17:33:43,672 - prediction_service - INFO -   1d: 50 lignes
2025-06-06 17:33:43,741 - prediction_service - ERROR - Erreur: "['1h_Open', '1h_High', '1h_Low', '1h_Close'] not in index"
Traceback (most recent call last):
  File "/home/parrochia/go/src/github.com/trading-prediction-with-machine-learning/./src/prediction_service.py", line 179, in handle_websocket
    x = prepare_prediction_data()
  File "/home/parrochia/go/src/github.com/trading-prediction-with-machine-learning/./src/prediction_service.py", line 270, in prepare_prediction_data
    x = prepare_data_for_prediction(df_5min, df_1h, df_4h, df_1d, sequence_length=SEQUENCE_LENGTH)
  File "/home/parrochia/go/src/github.com/trading-prediction-with-machine-learning/./src/prediction_service.py", line 58, in prepare_data_for_prediction
    features_df = create_parquet(df_5min, df_1h, df_4h, df_1d)
  File "/home/parrochia/go/src/github.com/trading-prediction-with-machine-learning/src/model_trainer.py", line 2403, in create_parquet
    features_df = add_multi_timeframe_features_original(features_df, df_1h, df_4h, df_1d)
  File "/home/parrochia/go/src/github.com/trading-prediction-with-machine-learning/src/model_trainer.py", line 2192, in add_multi_timeframe_features_original
    df_5min = add_support_resistance_levels(df_5min, '1h', window=12)  # 12 hours window
  File "/home/parrochia/go/src/github.com/trading-prediction-with-machine-learning/src/model_trainer.py", line 1085, in add_support_resistance_levels
    tf_df = df[[f'{timeframe}_Open', f'{timeframe}_High', f'{timeframe}_Low', f'{timeframe}_Close', 'FromDate']].copy()
  File "/home/parrochia/.local/lib/python3.10/site-packages/pandas/core/frame.py", line 4108, in __getitem__
    indexer = self.columns._get_indexer_strict(key, "columns")[1]
  File "/home/parrochia/.local/lib/python3.10/site-packages/pandas/core/indexes/base.py", line 6200, in _get_indexer_strict
    self._raise_if_missing(keyarr, indexer, axis_name)
  File "/home/parrochia/.local/lib/python3.10/site-packages/pandas/core/indexes/base.py", line 6252, in _raise_if_missing
    raise KeyError(f"{not_found} not in index")
KeyError: "['1h_Open', '1h_High', '1h_Low', '1h_Close'] not in index"
2025-06-06 17:35:29,069 - websockets.server - INFO - server closing
2025-06-06 17:35:29,069 - websockets.server - INFO - server closed
2025-06-06 17:35:34,540 - absl - WARNING - Compiled the loaded model, but the compiled metrics have yet to be built. `model.compile_metrics` will be empty until you train or evaluate the model.
2025-06-06 17:35:34,888 - prediction_service - INFO - Modèle existant compatible avec 158 features
2025-06-06 17:35:34,888 - prediction_service - INFO - Démarrage du serveur WebSocket sur 0.0.0.0:8765
2025-06-06 17:35:34,896 - websockets.server - INFO - server listening on 0.0.0.0:8765
2025-06-06 17:35:37,641 - websockets.server - INFO - connection open
2025-06-06 17:35:37,642 - prediction_service - INFO - Nouvelle connexion WebSocket: ('127.0.0.1', 54180)
2025-06-06 17:35:37,710 - absl - WARNING - Compiled the loaded model, but the compiled metrics have yet to be built. `model.compile_metrics` will be empty until you train or evaluate the model.
2025-06-06 17:35:37,715 - prediction_service - INFO - Modèle chargé depuis ./model/best_model.h5
2025-06-06 17:35:38,818 - prediction_service - INFO - Message reçu: 5min - 50 barres
2025-06-06 17:35:38,825 - prediction_service - INFO - Données historiques mises à jour pour 5min: 50 barres du 2025-06-02 07:20:00 au 2025-06-02 11:25:00
2025-06-06 17:35:38,825 - prediction_service - WARNING - Données insuffisantes pour les timeframes suivants (au moins 14 lignes requises) : 1h, 4h, 1d
2025-06-06 17:35:38,826 - prediction_service - INFO - Message reçu: 1h - 50 barres
2025-06-06 17:35:38,830 - prediction_service - INFO - Données historiques mises à jour pour 1h: 50 barres du 2025-05-29 09:00:00 au 2025-06-02 13:00:00
2025-06-06 17:35:38,830 - prediction_service - WARNING - Données insuffisantes pour les timeframes suivants (au moins 14 lignes requises) : 4h, 1d
2025-06-06 17:35:38,831 - prediction_service - INFO - Message reçu: 4h - 50 barres
2025-06-06 17:35:38,834 - prediction_service - INFO - Données historiques mises à jour pour 4h: 50 barres du 2025-05-21 15:00:00 au 2025-06-02 11:00:00
2025-06-06 17:35:38,834 - prediction_service - WARNING - Données insuffisantes pour les timeframes suivants (au moins 14 lignes requises) : 1d
2025-06-06 17:35:38,835 - prediction_service - INFO - Message reçu: 1d - 50 barres
2025-06-06 17:35:38,838 - prediction_service - INFO - Données historiques mises à jour pour 1d: 50 barres du 2025-03-23 23:00:00 au 2025-06-01 22:00:00
2025-06-06 17:35:38,847 - prediction_service - INFO - DEBUG - Entrées dans prepare_data_for_prediction:
2025-06-06 17:35:38,847 - prediction_service - INFO -   5min: 49 lignes
2025-06-06 17:35:38,848 - prediction_service - INFO -   1h: 50 lignes
2025-06-06 17:35:38,848 - prediction_service - INFO -   4h: 50 lignes
2025-06-06 17:35:38,848 - prediction_service - INFO -   1d: 50 lignes
2025-06-06 17:35:38,921 - prediction_service - ERROR - Erreur: '1h_Low'
Traceback (most recent call last):
  File "/home/parrochia/.local/lib/python3.10/site-packages/pandas/core/indexes/base.py", line 3805, in get_loc
    return self._engine.get_loc(casted_key)
  File "index.pyx", line 167, in pandas._libs.index.IndexEngine.get_loc
  File "index.pyx", line 196, in pandas._libs.index.IndexEngine.get_loc
  File "pandas/_libs/hashtable_class_helper.pxi", line 7081, in pandas._libs.hashtable.PyObjectHashTable.get_item
  File "pandas/_libs/hashtable_class_helper.pxi", line 7089, in pandas._libs.hashtable.PyObjectHashTable.get_item
KeyError: '1h_Low'

The above exception was the direct cause of the following exception:

Traceback (most recent call last):
  File "/home/parrochia/go/src/github.com/trading-prediction-with-machine-learning/./src/prediction_service.py", line 179, in handle_websocket
    x = prepare_prediction_data()
  File "/home/parrochia/go/src/github.com/trading-prediction-with-machine-learning/./src/prediction_service.py", line 270, in prepare_prediction_data
    x = prepare_data_for_prediction(df_5min, df_1h, df_4h, df_1d, sequence_length=SEQUENCE_LENGTH)
  File "/home/parrochia/go/src/github.com/trading-prediction-with-machine-learning/./src/prediction_service.py", line 58, in prepare_data_for_prediction
    features_df = create_parquet(df_5min, df_1h, df_4h, df_1d)
  File "/home/parrochia/go/src/github.com/trading-prediction-with-machine-learning/src/model_trainer.py", line 2403, in create_parquet
    features_df = add_multi_timeframe_features_original(features_df, df_1h, df_4h, df_1d)
  File "/home/parrochia/go/src/github.com/trading-prediction-with-machine-learning/src/model_trainer.py", line 2192, in add_multi_timeframe_features_original
    df_5min = add_support_resistance_levels(df_5min, '1h', window=12)  # 12 hours window
  File "/home/parrochia/go/src/github.com/trading-prediction-with-machine-learning/src/model_trainer.py", line 1095, in add_support_resistance_levels
    if is_support(i, tf_df, low_col):
  File "/home/parrochia/go/src/github.com/trading-prediction-with-machine-learning/src/model_trainer.py", line 1066, in is_support
    support_condition = support_condition and (data.iloc[i][low_column] <= data.iloc[i - j][low_column]) and \
  File "/home/parrochia/.local/lib/python3.10/site-packages/pandas/core/series.py", line 1121, in __getitem__
    return self._get_value(key)
  File "/home/parrochia/.local/lib/python3.10/site-packages/pandas/core/series.py", line 1237, in _get_value
    loc = self.index.get_loc(label)
  File "/home/parrochia/.local/lib/python3.10/site-packages/pandas/core/indexes/base.py", line 3812, in get_loc
    raise KeyError(key) from err
KeyError: '1h_Low'
2025-06-06 17:36:34,044 - websockets.server - INFO - server closing
2025-06-06 17:36:34,045 - websockets.server - INFO - server closed
2025-06-06 17:36:42,525 - absl - WARNING - Compiled the loaded model, but the compiled metrics have yet to be built. `model.compile_metrics` will be empty until you train or evaluate the model.
2025-06-06 17:36:42,977 - prediction_service - INFO - Modèle existant compatible avec 158 features
2025-06-06 17:36:42,978 - prediction_service - INFO - Démarrage du serveur WebSocket sur 0.0.0.0:8765
2025-06-06 17:36:42,994 - websockets.server - INFO - server listening on 0.0.0.0:8765
2025-06-06 17:36:43,099 - websockets.server - INFO - connection open
2025-06-06 17:36:43,099 - prediction_service - INFO - Nouvelle connexion WebSocket: ('127.0.0.1', 42002)
2025-06-06 17:36:43,140 - absl - WARNING - Compiled the loaded model, but the compiled metrics have yet to be built. `model.compile_metrics` will be empty until you train or evaluate the model.
2025-06-06 17:36:43,143 - prediction_service - INFO - Modèle chargé depuis ./model/best_model.h5
2025-06-06 17:36:44,370 - prediction_service - INFO - Message reçu: 5min - 50 barres
2025-06-06 17:36:44,377 - prediction_service - INFO - Données historiques mises à jour pour 5min: 50 barres du 2025-06-02 07:20:00 au 2025-06-02 11:25:00
2025-06-06 17:36:44,377 - prediction_service - WARNING - Données insuffisantes pour les timeframes suivants (au moins 14 lignes requises) : 1h, 4h, 1d
2025-06-06 17:36:44,379 - prediction_service - INFO - Message reçu: 1h - 50 barres
2025-06-06 17:36:44,382 - prediction_service - INFO - Données historiques mises à jour pour 1h: 50 barres du 2025-05-29 09:00:00 au 2025-06-02 13:00:00
2025-06-06 17:36:44,382 - prediction_service - WARNING - Données insuffisantes pour les timeframes suivants (au moins 14 lignes requises) : 4h, 1d
2025-06-06 17:36:44,383 - prediction_service - INFO - Message reçu: 4h - 50 barres
2025-06-06 17:36:44,386 - prediction_service - INFO - Données historiques mises à jour pour 4h: 50 barres du 2025-05-21 15:00:00 au 2025-06-02 11:00:00
2025-06-06 17:36:44,386 - prediction_service - WARNING - Données insuffisantes pour les timeframes suivants (au moins 14 lignes requises) : 1d
2025-06-06 17:36:44,387 - prediction_service - INFO - Message reçu: 1d - 50 barres
2025-06-06 17:36:44,390 - prediction_service - INFO - Données historiques mises à jour pour 1d: 50 barres du 2025-03-23 23:00:00 au 2025-06-01 22:00:00
2025-06-06 17:36:44,399 - prediction_service - INFO - DEBUG - Entrées dans prepare_data_for_prediction:
2025-06-06 17:36:44,399 - prediction_service - INFO -   5min: 49 lignes
2025-06-06 17:36:44,399 - prediction_service - INFO -   1h: 50 lignes
2025-06-06 17:36:44,399 - prediction_service - INFO -   4h: 50 lignes
2025-06-06 17:36:44,400 - prediction_service - INFO -   1d: 50 lignes
2025-06-06 17:36:46,316 - prediction_service - INFO - Colonnes numériques sélectionnées: ['Open_1h', 'High_1h', 'Low_1h', 'Close_1h', 'Volume_1h', 'Open_4h', 'High_4h', 'Low_4h', 'Close_4h', 'Volume_4h', 'Open_1d', 'High_1d', 'Low_1d', 'Close_1d', 'Volume_1d', '1h_price_change_pct', '4h_price_change_pct', '1d_price_change_pct', '1h_range', '1h_position', '4h_range', '4h_position', '1d_range', '1d_position', '1h_volume_ratio', '4h_volume_ratio', '1d_volume_ratio', '1h_SMA', '4h_SMA', '1d_SMA', 'close_over_1h_SMA', 'close_over_4h_SMA', 'close_over_1d_SMA', '1h_trend', '4h_trend', '1d_trend', 'bullish_alignment', 'bearish_alignment', 'mixed_trend_signals', '1h_support', '1h_resistance', '1h_sup_res_count', '1h_support_strength', '1h_resistance_strength', '4h_support', '4h_resistance', '4h_sup_res_count', '4h_support_strength', '4h_resistance_strength', '1d_support', '1d_resistance', '1d_sup_res_count', '1d_support_strength', '1d_resistance_strength', '1h_dist_to_support', '1h_dist_to_resistance', '1h_sup_res_position', '1h_at_support', '1h_at_resistance', '1h_breaking_support', '1h_breaking_resistance', '1h_sr_range_width', '4h_dist_to_support', '4h_dist_to_resistance', '4h_sup_res_position', '4h_at_support', '4h_at_resistance', '4h_breaking_support', '4h_breaking_resistance', '4h_sr_range_width', '1d_dist_to_support', '1d_dist_to_resistance', '1d_sup_res_position', '1d_at_support', '1d_at_resistance', '1d_breaking_support', '1d_breaking_resistance', '1d_sr_range_width', 'multi_timeframe_support', 'multi_timeframe_resistance', 'strong_support_zone', 'strong_resistance_zone', 'in_sr_range', 'breaking_sr_range', 'Open_1h', 'High_1h', 'Low_1h', 'Close_1h', 'Volume_1h', 'Volume_SMA', 'OBV_std', 'OBV_norm_std', 'OBV_SMA_10', 'OBV_EMA_10', 'OBV_WMA_10', 'OBV_SMA_20', 'OBV_EMA_20', 'OBV_WMA_20', 'OBV_SMA_50', 'OBV_EMA_50', 'OBV_WMA_50', 'OBV_Bullish_Div_10', 'OBV_Bearish_Div_10', 'OBV_Bullish_Div_20', 'OBV_Bearish_Div_20', 'OBV_Bullish_Div_50', 'OBV_Bearish_Div_50', 'VWAP_10', 'Open_4h', 'High_4h', 'Low_4h', 'Close_4h', 'Volume_4h', 'candle_range_4h', 'corps_candle_4h', 'meche_haute_4h', 'meche_basse_4h', 'candle_trend_4h', 'doji_4h', 'doji_strength_4h', 'perfect_doji_4h', 'upper_wick_4h', 'lower_wick_4h', 'ratio_corps_4h', 'doji_invalid_4h', 'bullish_engulfing_4h', 'bearish_engulfing_4h', 'engulfing_strength_4h', 'corps_candle_prev_4h', 'corps_sum_4h', 'Volume_SMA_5_4h', 'Volume_SMA_10_4h', 'Volume_SMA_20_4h', 'Volume_Ratio_SMA5_4h', 'Volume_Ratio_SMA10_4h', 'Volume_Ratio_SMA20_4h', 'Volume_Change_1_4h', 'Volume_Change_5_4h', 'PV_Ratio_4h', 'PV_Change_4h', 'OBV_4h', 'Volume_SMA_4h', 'OBV_normalized_4h', 'OBV_norm_minmax_4h', 'OBV_std_4h', 'OBV_norm_std_4h', 'OBV_SMA_10_4h', 'OBV_EMA_10_4h', 'OBV_WMA_10_4h', 'OBV_SMA_20_4h', 'OBV_EMA_20_4h', 'OBV_WMA_20_4h', 'OBV_SMA_50_4h', 'OBV_EMA_50_4h', 'OBV_WMA_50_4h', 'OBV_Trend_short_4h', 'OBV_Trend_medium_4h', 'OBV_Trend_long_4h', 'OBV_Bullish_Div_10_4h', 'OBV_Bearish_Div_10_4h', 'OBV_Bullish_Div_20_4h', 'OBV_Bearish_Div_20_4h', 'OBV_Bullish_Div_50_4h', 'OBV_Bearish_Div_50_4h', 'MFV_4h', 'ADL_4h', 'ADL_norm_4h', 'ADL_SMA5_4h', 'ADL_SMA15_4h', 'ADL_SMA30_4h', 'ADL_Trend_4h', 'Price_Trend_4h', 'ADL_Divergence_4h', 'MFM_4h', 'CMF_20_4h', 'PVT_change_4h', 'PVT_4h', 'PVT_norm_4h', 'PVT_SMA10_4h', 'PVT_SMA30_4h', 'PVT_signal_4h', 'PVT_cross_4h', 'PVT_cross_signal_4h', 'PVT_delta5_4h', 'CCI_5_4h', 'CCI_10_4h', 'CCI_15_4h', 'Volume_Oscillator_4h', 'VWAP_4h', 'VWMA_10_4h', 'VWMA_20_4h', 'Force_Index_1_4h', 'Force_Index_13_4h', 'Typical_Price_4h', 'Raw_Money_Flow_4h', 'Typical_Price_Prev_4h', 'Money_Flow_Positive_4h', 'Money_Flow_Negative_4h', 'MFI_14_4h', 'Vol_Weighted_Up_4h', 'Vol_Weighted_Down_4h', 'Vol_Weighted_Up_Avg_4h', 'Vol_Weighted_Down_Avg_4h', 'Vol_Weighted_RSI_4h', 'VWAP_10_4h', 'Open_1d', 'High_1d', 'Low_1d', 'Close_1d', 'Volume_1d', 'candle_range_1d', 'corps_candle_1d', 'meche_haute_1d', 'meche_basse_1d', 'candle_trend_1d', 'doji_1d', 'doji_strength_1d', 'perfect_doji_1d', 'upper_wick_1d', 'lower_wick_1d', 'ratio_corps_1d', 'doji_invalid_1d', 'bullish_engulfing_1d', 'bearish_engulfing_1d', 'engulfing_strength_1d', 'corps_candle_prev_1d', 'corps_sum_1d', 'Volume_SMA_5_1d', 'Volume_SMA_10_1d', 'Volume_SMA_20_1d', 'Volume_Ratio_SMA5_1d', 'Volume_Ratio_SMA10_1d', 'Volume_Ratio_SMA20_1d', 'Volume_Change_1_1d', 'Volume_Change_5_1d', 'PV_Ratio_1d', 'PV_Change_1d', 'OBV_1d', 'Volume_SMA_1d', 'OBV_normalized_1d', 'OBV_norm_minmax_1d', 'OBV_std_1d', 'OBV_norm_std_1d', 'OBV_SMA_10_1d', 'OBV_EMA_10_1d', 'OBV_WMA_10_1d', 'OBV_SMA_20_1d', 'OBV_EMA_20_1d', 'OBV_WMA_20_1d', 'OBV_SMA_50_1d', 'OBV_EMA_50_1d', 'OBV_WMA_50_1d', 'OBV_Trend_short_1d', 'OBV_Trend_medium_1d', 'OBV_Trend_long_1d', 'OBV_Bullish_Div_10_1d', 'OBV_Bearish_Div_10_1d', 'OBV_Bullish_Div_20_1d', 'OBV_Bearish_Div_20_1d', 'OBV_Bullish_Div_50_1d', 'OBV_Bearish_Div_50_1d', 'MFV_1d', 'ADL_1d', 'ADL_norm_1d', 'ADL_SMA5_1d', 'ADL_SMA15_1d', 'ADL_SMA30_1d', 'ADL_Trend_1d', 'Price_Trend_1d', 'ADL_Divergence_1d', 'MFM_1d', 'CMF_20_1d', 'PVT_change_1d', 'PVT_1d', 'PVT_norm_1d', 'PVT_SMA10_1d', 'PVT_SMA30_1d', 'PVT_signal_1d', 'PVT_cross_1d', 'PVT_cross_signal_1d', 'PVT_delta5_1d', 'CCI_5_1d', 'CCI_10_1d', 'CCI_15_1d', 'Volume_Oscillator_1d', 'VWAP_1d', 'VWMA_10_1d', 'VWMA_20_1d', 'Force_Index_1_1d', 'Force_Index_13_1d', 'Typical_Price_1d', 'Raw_Money_Flow_1d', 'Typical_Price_Prev_1d', 'Money_Flow_Positive_1d', 'Money_Flow_Negative_1d', 'MFI_14_1d', 'Vol_Weighted_Up_1d', 'Vol_Weighted_Down_1d', 'Vol_Weighted_Up_Avg_1d', 'Vol_Weighted_Down_Avg_1d', 'Vol_Weighted_RSI_1d', 'VWAP_10_1d', 'Volume_SMA', 'OBV_std', 'OBV_norm_std', 'OBV_SMA_10', 'OBV_EMA_10', 'OBV_WMA_10', 'OBV_SMA_20', 'OBV_EMA_20', 'OBV_WMA_20', 'OBV_SMA_50', 'OBV_EMA_50', 'OBV_WMA_50', 'OBV_Bullish_Div_10', 'OBV_Bearish_Div_10', 'OBV_Bullish_Div_20', 'OBV_Bearish_Div_20', 'OBV_Bullish_Div_50', 'OBV_Bearish_Div_50', 'SuperTrend_Long', 'SuperTrend_Short', 'ADX', 'Williams_R', 'day_of_year', 'sin_day', 'cos_day', 'sin_hour', 'cos_hour', 'period_of_day', 'hourly_return', 'hourly_volatility', 'volatility_by_period', 'volatility_6h', 'volatility_12h', 'volatility_24h', 'volatility_period_0', 'volatility_period_1', 'volatility_period_2', 'volatility_period_3', 'volatility_morning', 'volatility_afternoon', 'volatility_evening', 'volatility_night', 'log_return_5m', 'log_return_1h', 'momentum_1h', 'log_return_4h', 'momentum_4h', 'log_return_1d', 'momentum_1d', 'momentum_5m']
2025-06-06 17:36:46,430 - prediction_service - INFO - DEBUG - Après create_parquet: 30 lignes
2025-06-06 17:36:46,431 - prediction_service - INFO - DEBUG - Features disponibles: []
2025-06-06 17:36:46,431 - prediction_service - INFO - DEBUG - Colonnes non-numériques détectées: ['doji_type_4h', 'pattern_type_4h', 'doji_type_1d', 'pattern_type_1d']
2025-06-06 17:36:46,442 - prediction_service - INFO - DEBUG - Colonnes finales: ['Open_1h', 'High_1h', 'Low_1h', 'Close_1h', 'Volume_1h', 'Open_4h', 'High_4h', 'Low_4h', 'Close_4h', 'Volume_4h', 'Open_1d', 'High_1d', 'Low_1d', 'Close_1d', 'Volume_1d', '1h_price_change_pct', '4h_price_change_pct', '1d_price_change_pct', '1h_range', '1h_position', '4h_range', '4h_position', '1d_range', '1d_position', '1h_volume_ratio', '4h_volume_ratio', '1d_volume_ratio', '1h_SMA', '4h_SMA', '1d_SMA', 'close_over_1h_SMA', 'close_over_4h_SMA', 'close_over_1d_SMA', '1h_trend', '4h_trend', '1d_trend', 'bullish_alignment', 'bearish_alignment', 'mixed_trend_signals', '1h_support', '1h_resistance', '1h_sup_res_count', '1h_support_strength', '1h_resistance_strength', '4h_support', '4h_resistance', '4h_sup_res_count', '4h_support_strength', '4h_resistance_strength', '1d_support', '1d_resistance', '1d_sup_res_count', '1d_support_strength', '1d_resistance_strength', '1h_dist_to_support', '1h_dist_to_resistance', '1h_sup_res_position', '1h_at_support', '1h_at_resistance', '1h_breaking_support', '1h_breaking_resistance', '1h_sr_range_width', '4h_dist_to_support', '4h_dist_to_resistance', '4h_sup_res_position', '4h_at_support', '4h_at_resistance', '4h_breaking_support', '4h_breaking_resistance', '4h_sr_range_width', '1d_dist_to_support', '1d_dist_to_resistance', '1d_sup_res_position', '1d_at_support', '1d_at_resistance', '1d_breaking_support', '1d_breaking_resistance', '1d_sr_range_width', 'multi_timeframe_support', 'multi_timeframe_resistance', 'strong_support_zone', 'strong_resistance_zone', 'in_sr_range', 'breaking_sr_range', 'Open_1h', 'High_1h', 'Low_1h', 'Close_1h', 'Volume_1h', 'Volume_SMA', 'OBV_std', 'OBV_norm_std', 'OBV_SMA_10', 'OBV_EMA_10', 'OBV_WMA_10', 'OBV_SMA_20', 'OBV_EMA_20', 'OBV_WMA_20', 'OBV_SMA_50', 'OBV_EMA_50', 'OBV_WMA_50', 'OBV_Bullish_Div_10', 'OBV_Bearish_Div_10', 'OBV_Bullish_Div_20', 'OBV_Bearish_Div_20', 'OBV_Bullish_Div_50', 'OBV_Bearish_Div_50', 'VWAP_10', 'Open_4h', 'High_4h', 'Low_4h', 'Close_4h', 'Volume_4h', 'candle_range_4h', 'corps_candle_4h', 'meche_haute_4h', 'meche_basse_4h', 'candle_trend_4h', 'doji_4h', 'doji_strength_4h', 'perfect_doji_4h', 'upper_wick_4h', 'lower_wick_4h', 'ratio_corps_4h', 'doji_invalid_4h', 'bullish_engulfing_4h', 'bearish_engulfing_4h', 'engulfing_strength_4h', 'corps_candle_prev_4h', 'corps_sum_4h', 'Volume_SMA_5_4h', 'Volume_SMA_10_4h', 'Volume_SMA_20_4h', 'Volume_Ratio_SMA5_4h', 'Volume_Ratio_SMA10_4h', 'Volume_Ratio_SMA20_4h', 'Volume_Change_1_4h', 'Volume_Change_5_4h', 'PV_Ratio_4h', 'PV_Change_4h', 'OBV_4h', 'Volume_SMA_4h', 'OBV_normalized_4h', 'OBV_norm_minmax_4h', 'OBV_std_4h', 'OBV_norm_std_4h', 'OBV_SMA_10_4h', 'OBV_EMA_10_4h', 'OBV_WMA_10_4h', 'OBV_SMA_20_4h', 'OBV_EMA_20_4h', 'OBV_WMA_20_4h', 'OBV_SMA_50_4h', 'OBV_EMA_50_4h', 'OBV_WMA_50_4h', 'OBV_Trend_short_4h', 'OBV_Trend_medium_4h', 'OBV_Trend_long_4h', 'OBV_Bullish_Div_10_4h', 'OBV_Bearish_Div_10_4h', 'OBV_Bullish_Div_20_4h', 'OBV_Bearish_Div_20_4h', 'OBV_Bullish_Div_50_4h', 'OBV_Bearish_Div_50_4h', 'MFV_4h', 'ADL_4h', 'ADL_norm_4h', 'ADL_SMA5_4h', 'ADL_SMA15_4h', 'ADL_SMA30_4h', 'ADL_Trend_4h', 'Price_Trend_4h', 'ADL_Divergence_4h', 'MFM_4h', 'CMF_20_4h', 'PVT_change_4h', 'PVT_4h', 'PVT_norm_4h', 'PVT_SMA10_4h', 'PVT_SMA30_4h', 'PVT_signal_4h', 'PVT_cross_4h', 'PVT_cross_signal_4h', 'PVT_delta5_4h', 'CCI_5_4h', 'CCI_10_4h', 'CCI_15_4h', 'Volume_Oscillator_4h', 'VWAP_4h', 'VWMA_10_4h', 'VWMA_20_4h', 'Force_Index_1_4h', 'Force_Index_13_4h', 'Typical_Price_4h', 'Raw_Money_Flow_4h', 'Typical_Price_Prev_4h', 'Money_Flow_Positive_4h', 'Money_Flow_Negative_4h', 'MFI_14_4h', 'Vol_Weighted_Up_4h', 'Vol_Weighted_Down_4h', 'Vol_Weighted_Up_Avg_4h', 'Vol_Weighted_Down_Avg_4h', 'Vol_Weighted_RSI_4h', 'VWAP_10_4h', 'Open_1d', 'High_1d', 'Low_1d', 'Close_1d', 'Volume_1d', 'candle_range_1d', 'corps_candle_1d', 'meche_haute_1d', 'meche_basse_1d', 'candle_trend_1d', 'doji_1d', 'doji_strength_1d', 'perfect_doji_1d', 'upper_wick_1d', 'lower_wick_1d', 'ratio_corps_1d', 'doji_invalid_1d', 'bullish_engulfing_1d', 'bearish_engulfing_1d', 'engulfing_strength_1d', 'corps_candle_prev_1d', 'corps_sum_1d', 'Volume_SMA_5_1d', 'Volume_SMA_10_1d', 'Volume_SMA_20_1d', 'Volume_Ratio_SMA5_1d', 'Volume_Ratio_SMA10_1d', 'Volume_Ratio_SMA20_1d', 'Volume_Change_1_1d', 'Volume_Change_5_1d', 'PV_Ratio_1d', 'PV_Change_1d', 'OBV_1d', 'Volume_SMA_1d', 'OBV_normalized_1d', 'OBV_norm_minmax_1d', 'OBV_std_1d', 'OBV_norm_std_1d', 'OBV_SMA_10_1d', 'OBV_EMA_10_1d', 'OBV_WMA_10_1d', 'OBV_SMA_20_1d', 'OBV_EMA_20_1d', 'OBV_WMA_20_1d', 'OBV_SMA_50_1d', 'OBV_EMA_50_1d', 'OBV_WMA_50_1d', 'OBV_Trend_short_1d', 'OBV_Trend_medium_1d', 'OBV_Trend_long_1d', 'OBV_Bullish_Div_10_1d', 'OBV_Bearish_Div_10_1d', 'OBV_Bullish_Div_20_1d', 'OBV_Bearish_Div_20_1d', 'OBV_Bullish_Div_50_1d', 'OBV_Bearish_Div_50_1d', 'MFV_1d', 'ADL_1d', 'ADL_norm_1d', 'ADL_SMA5_1d', 'ADL_SMA15_1d', 'ADL_SMA30_1d', 'ADL_Trend_1d', 'Price_Trend_1d', 'ADL_Divergence_1d', 'MFM_1d', 'CMF_20_1d', 'PVT_change_1d', 'PVT_1d', 'PVT_norm_1d', 'PVT_SMA10_1d', 'PVT_SMA30_1d', 'PVT_signal_1d', 'PVT_cross_1d', 'PVT_cross_signal_1d', 'PVT_delta5_1d', 'CCI_5_1d', 'CCI_10_1d', 'CCI_15_1d', 'Volume_Oscillator_1d', 'VWAP_1d', 'VWMA_10_1d', 'VWMA_20_1d', 'Force_Index_1_1d', 'Force_Index_13_1d', 'Typical_Price_1d', 'Raw_Money_Flow_1d', 'Typical_Price_Prev_1d', 'Money_Flow_Positive_1d', 'Money_Flow_Negative_1d', 'MFI_14_1d', 'Vol_Weighted_Up_1d', 'Vol_Weighted_Down_1d', 'Vol_Weighted_Up_Avg_1d', 'Vol_Weighted_Down_Avg_1d', 'Vol_Weighted_RSI_1d', 'VWAP_10_1d', 'Volume_SMA', 'OBV_std', 'OBV_norm_std', 'OBV_SMA_10', 'OBV_EMA_10', 'OBV_WMA_10', 'OBV_SMA_20', 'OBV_EMA_20', 'OBV_WMA_20', 'OBV_SMA_50', 'OBV_EMA_50', 'OBV_WMA_50', 'OBV_Bullish_Div_10', 'OBV_Bearish_Div_10', 'OBV_Bullish_Div_20', 'OBV_Bearish_Div_20', 'OBV_Bullish_Div_50', 'OBV_Bearish_Div_50', 'SuperTrend_Long', 'SuperTrend_Short', 'ADX', 'Williams_R', 'day_of_year', 'sin_day', 'cos_day', 'sin_hour', 'cos_hour', 'period_of_day', 'hourly_return', 'hourly_volatility', 'volatility_by_period', 'volatility_6h', 'volatility_12h', 'volatility_24h', 'volatility_period_0', 'volatility_period_1', 'volatility_period_2', 'volatility_period_3', 'volatility_morning', 'volatility_afternoon', 'volatility_evening', 'volatility_night', 'log_return_5m', 'log_return_1h', 'momentum_1h', 'log_return_4h', 'momentum_4h', 'log_return_1d', 'momentum_1d', 'momentum_5m']
2025-06-06 17:36:46,442 - prediction_service - INFO - DEBUG - Types de données: [dtype('float64') dtype('int64') dtype('int32')]
2025-06-06 17:36:46,444 - prediction_service - INFO - DEBUG - Colonnes finales: ['Open_1h', 'High_1h', 'Low_1h', 'Close_1h', 'Volume_1h', 'Open_4h', 'High_4h', 'Low_4h', 'Close_4h', 'Volume_4h', 'Open_1d', 'High_1d', 'Low_1d', 'Close_1d', 'Volume_1d', '1h_price_change_pct', '4h_price_change_pct', '1d_price_change_pct', '1h_range', '1h_position', '4h_range', '4h_position', '1d_range', '1d_position', '1h_volume_ratio', '4h_volume_ratio', '1d_volume_ratio', '1h_SMA', '4h_SMA', '1d_SMA', 'close_over_1h_SMA', 'close_over_4h_SMA', 'close_over_1d_SMA', '1h_trend', '4h_trend', '1d_trend', 'bullish_alignment', 'bearish_alignment', 'mixed_trend_signals', '1h_support', '1h_resistance', '1h_sup_res_count', '1h_support_strength', '1h_resistance_strength', '4h_support', '4h_resistance', '4h_sup_res_count', '4h_support_strength', '4h_resistance_strength', '1d_support', '1d_resistance', '1d_sup_res_count', '1d_support_strength', '1d_resistance_strength', '1h_dist_to_support', '1h_dist_to_resistance', '1h_sup_res_position', '1h_at_support', '1h_at_resistance', '1h_breaking_support', '1h_breaking_resistance', '1h_sr_range_width', '4h_dist_to_support', '4h_dist_to_resistance', '4h_sup_res_position', '4h_at_support', '4h_at_resistance', '4h_breaking_support', '4h_breaking_resistance', '4h_sr_range_width', '1d_dist_to_support', '1d_dist_to_resistance', '1d_sup_res_position', '1d_at_support', '1d_at_resistance', '1d_breaking_support', '1d_breaking_resistance', '1d_sr_range_width', 'multi_timeframe_support', 'multi_timeframe_resistance', 'strong_support_zone', 'strong_resistance_zone', 'in_sr_range', 'breaking_sr_range', 'Open_1h', 'High_1h', 'Low_1h', 'Close_1h', 'Volume_1h', 'Volume_SMA', 'OBV_std', 'OBV_norm_std', 'OBV_SMA_10', 'OBV_EMA_10', 'OBV_WMA_10', 'OBV_SMA_20', 'OBV_EMA_20', 'OBV_WMA_20', 'OBV_SMA_50', 'OBV_EMA_50', 'OBV_WMA_50', 'OBV_Bullish_Div_10', 'OBV_Bearish_Div_10', 'OBV_Bullish_Div_20', 'OBV_Bearish_Div_20', 'OBV_Bullish_Div_50', 'OBV_Bearish_Div_50', 'VWAP_10', 'Open_4h', 'High_4h', 'Low_4h', 'Close_4h', 'Volume_4h', 'candle_range_4h', 'corps_candle_4h', 'meche_haute_4h', 'meche_basse_4h', 'candle_trend_4h', 'doji_4h', 'doji_strength_4h', 'perfect_doji_4h', 'upper_wick_4h', 'lower_wick_4h', 'ratio_corps_4h', 'doji_invalid_4h', 'bullish_engulfing_4h', 'bearish_engulfing_4h', 'engulfing_strength_4h', 'corps_candle_prev_4h', 'corps_sum_4h', 'Volume_SMA_5_4h', 'Volume_SMA_10_4h', 'Volume_SMA_20_4h', 'Volume_Ratio_SMA5_4h', 'Volume_Ratio_SMA10_4h', 'Volume_Ratio_SMA20_4h', 'Volume_Change_1_4h', 'Volume_Change_5_4h', 'PV_Ratio_4h', 'PV_Change_4h', 'OBV_4h', 'Volume_SMA_4h', 'OBV_normalized_4h', 'OBV_norm_minmax_4h', 'OBV_std_4h', 'OBV_norm_std_4h', 'OBV_SMA_10_4h', 'OBV_EMA_10_4h', 'OBV_WMA_10_4h', 'OBV_SMA_20_4h', 'OBV_EMA_20_4h', 'OBV_WMA_20_4h', 'OBV_SMA_50_4h', 'OBV_EMA_50_4h', 'OBV_WMA_50_4h', 'OBV_Trend_short_4h', 'OBV_Trend_medium_4h', 'OBV_Trend_long_4h', 'OBV_Bullish_Div_10_4h', 'OBV_Bearish_Div_10_4h', 'OBV_Bullish_Div_20_4h', 'OBV_Bearish_Div_20_4h', 'OBV_Bullish_Div_50_4h', 'OBV_Bearish_Div_50_4h', 'MFV_4h', 'ADL_4h', 'ADL_norm_4h', 'ADL_SMA5_4h', 'ADL_SMA15_4h', 'ADL_SMA30_4h', 'ADL_Trend_4h', 'Price_Trend_4h', 'ADL_Divergence_4h', 'MFM_4h', 'CMF_20_4h', 'PVT_change_4h', 'PVT_4h', 'PVT_norm_4h', 'PVT_SMA10_4h', 'PVT_SMA30_4h', 'PVT_signal_4h', 'PVT_cross_4h', 'PVT_cross_signal_4h', 'PVT_delta5_4h', 'CCI_5_4h', 'CCI_10_4h', 'CCI_15_4h', 'Volume_Oscillator_4h', 'VWAP_4h', 'VWMA_10_4h', 'VWMA_20_4h', 'Force_Index_1_4h', 'Force_Index_13_4h', 'Typical_Price_4h', 'Raw_Money_Flow_4h', 'Typical_Price_Prev_4h', 'Money_Flow_Positive_4h', 'Money_Flow_Negative_4h', 'MFI_14_4h', 'Vol_Weighted_Up_4h', 'Vol_Weighted_Down_4h', 'Vol_Weighted_Up_Avg_4h', 'Vol_Weighted_Down_Avg_4h', 'Vol_Weighted_RSI_4h', 'VWAP_10_4h', 'Open_1d', 'High_1d', 'Low_1d', 'Close_1d', 'Volume_1d', 'candle_range_1d', 'corps_candle_1d', 'meche_haute_1d', 'meche_basse_1d', 'candle_trend_1d', 'doji_1d', 'doji_strength_1d', 'perfect_doji_1d', 'upper_wick_1d', 'lower_wick_1d', 'ratio_corps_1d', 'doji_invalid_1d', 'bullish_engulfing_1d', 'bearish_engulfing_1d', 'engulfing_strength_1d', 'corps_candle_prev_1d', 'corps_sum_1d', 'Volume_SMA_5_1d', 'Volume_SMA_10_1d', 'Volume_SMA_20_1d', 'Volume_Ratio_SMA5_1d', 'Volume_Ratio_SMA10_1d', 'Volume_Ratio_SMA20_1d', 'Volume_Change_1_1d', 'Volume_Change_5_1d', 'PV_Ratio_1d', 'PV_Change_1d', 'OBV_1d', 'Volume_SMA_1d', 'OBV_normalized_1d', 'OBV_norm_minmax_1d', 'OBV_std_1d', 'OBV_norm_std_1d', 'OBV_SMA_10_1d', 'OBV_EMA_10_1d', 'OBV_WMA_10_1d', 'OBV_SMA_20_1d', 'OBV_EMA_20_1d', 'OBV_WMA_20_1d', 'OBV_SMA_50_1d', 'OBV_EMA_50_1d', 'OBV_WMA_50_1d', 'OBV_Trend_short_1d', 'OBV_Trend_medium_1d', 'OBV_Trend_long_1d', 'OBV_Bullish_Div_10_1d', 'OBV_Bearish_Div_10_1d', 'OBV_Bullish_Div_20_1d', 'OBV_Bearish_Div_20_1d', 'OBV_Bullish_Div_50_1d', 'OBV_Bearish_Div_50_1d', 'MFV_1d', 'ADL_1d', 'ADL_norm_1d', 'ADL_SMA5_1d', 'ADL_SMA15_1d', 'ADL_SMA30_1d', 'ADL_Trend_1d', 'Price_Trend_1d', 'ADL_Divergence_1d', 'MFM_1d', 'CMF_20_1d', 'PVT_change_1d', 'PVT_1d', 'PVT_norm_1d', 'PVT_SMA10_1d', 'PVT_SMA30_1d', 'PVT_signal_1d', 'PVT_cross_1d', 'PVT_cross_signal_1d', 'PVT_delta5_1d', 'CCI_5_1d', 'CCI_10_1d', 'CCI_15_1d', 'Volume_Oscillator_1d', 'VWAP_1d', 'VWMA_10_1d', 'VWMA_20_1d', 'Force_Index_1_1d', 'Force_Index_13_1d', 'Typical_Price_1d', 'Raw_Money_Flow_1d', 'Typical_Price_Prev_1d', 'Money_Flow_Positive_1d', 'Money_Flow_Negative_1d', 'MFI_14_1d', 'Vol_Weighted_Up_1d', 'Vol_Weighted_Down_1d', 'Vol_Weighted_Up_Avg_1d', 'Vol_Weighted_Down_Avg_1d', 'Vol_Weighted_RSI_1d', 'VWAP_10_1d', 'Volume_SMA', 'OBV_std', 'OBV_norm_std', 'OBV_SMA_10', 'OBV_EMA_10', 'OBV_WMA_10', 'OBV_SMA_20', 'OBV_EMA_20', 'OBV_WMA_20', 'OBV_SMA_50', 'OBV_EMA_50', 'OBV_WMA_50', 'OBV_Bullish_Div_10', 'OBV_Bearish_Div_10', 'OBV_Bullish_Div_20', 'OBV_Bearish_Div_20', 'OBV_Bullish_Div_50', 'OBV_Bearish_Div_50', 'SuperTrend_Long', 'SuperTrend_Short', 'ADX', 'Williams_R', 'day_of_year', 'sin_day', 'cos_day', 'sin_hour', 'cos_hour', 'period_of_day', 'hourly_return', 'hourly_volatility', 'volatility_by_period', 'volatility_6h', 'volatility_12h', 'volatility_24h', 'volatility_period_0', 'volatility_period_1', 'volatility_period_2', 'volatility_period_3', 'volatility_morning', 'volatility_afternoon', 'volatility_evening', 'volatility_night', 'log_return_5m', 'log_return_1h', 'momentum_1h', 'log_return_4h', 'momentum_4h', 'log_return_1d', 'momentum_1d', 'momentum_5m']
2025-06-06 17:36:46,444 - prediction_service - INFO - DEBUG - Statistiques descriptives des colonnes:
2025-06-06 17:36:46,738 - prediction_service - INFO - 
               count          mean           std         min         25%         50%         75%         max
Open_1h         30.0   6480.280000  1.908266e+01   6459.6000   6459.6000   6486.6000   6486.6000   6509.0000
High_1h         30.0   6501.840000  1.191341e+01   6487.5000   6487.5000   6511.1000   6511.1000   6512.0000
Low_1h          30.0   6462.680000  2.036045e+01   6441.0000   6441.0000   6468.6000   6468.6000   6494.2000
Close_1h        30.0   6498.780000  1.055221e+01   6486.5000   6486.5000   6502.1000   6509.4000   6509.4000
Volume_1h       30.0  24238.400000  5.730645e+03  13086.0000  26124.0000  26124.0000  27929.0000  27929.0000
...              ...           ...           ...         ...         ...         ...         ...         ...
log_return_4h   30.0      0.012660  2.725815e-03      0.0073      0.0140      0.0140      0.0140      0.0140
momentum_4h     30.0     81.720000  1.745335e+01     47.4000     90.3000     90.3000     90.3000     90.3000
log_return_1d   30.0      0.045600  7.057516e-18      0.0456      0.0456      0.0456      0.0456      0.0456
momentum_1d     30.0    292.200000  5.781517e-14    292.2000    292.2000    292.2000    292.2000    292.2000
momentum_5m     30.0      1.313333  6.113452e+00     -9.8000     -1.8250      0.9500      3.6750     17.8000

[352 rows x 8 columns]
2025-06-06 17:36:46,739 - prediction_service - INFO - Séquences conservées pour la prédiction (shape=(16, 352)): [[ 6.4866e+03  6.5111e+03  6.4686e+03 ...  4.5600e-02  2.9220e+02
  -9.8000e+00]
 [ 6.4866e+03  6.5111e+03  6.4686e+03 ...  4.5600e-02  2.9220e+02
  -3.1000e+00]
 [ 6.4866e+03  6.5111e+03  6.4686e+03 ...  4.5600e-02  2.9220e+02
   2.1000e+00]
 ...
 [ 6.5090e+03  6.5120e+03  6.4942e+03 ...  4.5600e-02  2.9220e+02
  -2.9000e+00]
 [ 6.5090e+03  6.5120e+03  6.4942e+03 ...  4.5600e-02  2.9220e+02
   1.1000e+00]
 [ 6.5090e+03  6.5120e+03  6.4942e+03 ...  4.5600e-02  2.9220e+02
   0.0000e+00]]
2025-06-06 17:36:46,769 - prediction_service - INFO - Données sauvegardées dans 'prediction_data.csv'
2025-06-06 17:36:46,877 - prediction_service - INFO - DEBUG - Analyse NaN détaillée: {}
2025-06-06 17:36:46,877 - prediction_service - INFO - DEBUG - Analyse valeurs infinies détaillée: {}
2025-06-06 17:36:46,877 - prediction_service - INFO - Normalisation des données avec StandardScaler (shape=(1, 16, 352))
2025-06-06 17:36:46,880 - prediction_service - INFO - prepare prediction data done: make prediction
2025-06-06 17:36:47,033 - prediction_service - ERROR - Erreur: Exception encountered when calling LSTMCell.call().

[1mDimensions must be equal, but are 352 and 158 for '{{node sequential_1/lstm_1/lstm_cell_1/MatMul}} = MatMul[T=DT_FLOAT, grad_a=false, grad_b=false, transpose_a=false, transpose_b=false](sequential_1/lstm_1/strided_slice_1, sequential_1/lstm_1/lstm_cell_1/Cast/ReadVariableOp)' with input shapes: [1,352], [158,200].[0m

Arguments received by LSTMCell.call():
  • inputs=tf.Tensor(shape=(1, 352), dtype=float32)
  • states=('tf.Tensor(shape=(1, 50), dtype=float32)', 'tf.Tensor(shape=(1, 50), dtype=float32)')
  • training=False
Traceback (most recent call last):
  File "/home/parrochia/go/src/github.com/trading-prediction-with-machine-learning/./src/prediction_service.py", line 184, in handle_websocket
    prediction = make_prediction(model, x)
  File "/home/parrochia/go/src/github.com/trading-prediction-with-machine-learning/./src/prediction_service.py", line 282, in make_prediction
    y_proba = model.predict(x)
  File "/home/parrochia/.local/lib/python3.10/site-packages/keras/src/utils/traceback_utils.py", line 122, in error_handler
    raise e.with_traceback(filtered_tb) from None
  File "/home/parrochia/.local/lib/python3.10/site-packages/keras/src/utils/traceback_utils.py", line 122, in error_handler
    raise e.with_traceback(filtered_tb) from None
ValueError: Exception encountered when calling LSTMCell.call().

[1mDimensions must be equal, but are 352 and 158 for '{{node sequential_1/lstm_1/lstm_cell_1/MatMul}} = MatMul[T=DT_FLOAT, grad_a=false, grad_b=false, transpose_a=false, transpose_b=false](sequential_1/lstm_1/strided_slice_1, sequential_1/lstm_1/lstm_cell_1/Cast/ReadVariableOp)' with input shapes: [1,352], [158,200].[0m

Arguments received by LSTMCell.call():
  • inputs=tf.Tensor(shape=(1, 352), dtype=float32)
  • states=('tf.Tensor(shape=(1, 50), dtype=float32)', 'tf.Tensor(shape=(1, 50), dtype=float32)')
  • training=False
2025-06-06 17:38:45,303 - websockets.server - INFO - server closing
2025-06-06 17:38:45,304 - websockets.server - INFO - server closed
2025-06-06 17:44:56,944 - prediction_service - INFO - Colonnes numériques sélectionnées: ['Open_1h', 'High_1h', 'Low_1h', 'Close_1h', 'Volume_1h', 'Open_4h', 'High_4h', 'Low_4h', 'Close_4h', 'Volume_4h', 'Open_1d', 'High_1d', 'Low_1d', 'Close_1d', 'Volume_1d', '1h_price_change_pct', '4h_price_change_pct', '1d_price_change_pct', '1h_range', '1h_position', '4h_range', '4h_position', '1d_range', '1d_position', '1h_volume_ratio', '4h_volume_ratio', '1d_volume_ratio', '1h_SMA', '4h_SMA', '1d_SMA', 'close_over_1h_SMA', 'close_over_4h_SMA', 'close_over_1d_SMA', '1h_trend', '4h_trend', '1d_trend', 'bullish_alignment', 'bearish_alignment', 'mixed_trend_signals', '1h_support', '1h_resistance', '1h_sup_res_count', '1h_support_strength', '1h_resistance_strength', '4h_support', '4h_resistance', '4h_sup_res_count', '4h_support_strength', '4h_resistance_strength', '1d_support', '1d_resistance', '1d_sup_res_count', '1d_support_strength', '1d_resistance_strength', '1h_dist_to_support', '1h_dist_to_resistance', '1h_sup_res_position', '1h_at_support', '1h_at_resistance', '1h_breaking_support', '1h_breaking_resistance', '1h_sr_range_width', '4h_dist_to_support', '4h_dist_to_resistance', '4h_sup_res_position', '4h_at_support', '4h_at_resistance', '4h_breaking_support', '4h_breaking_resistance', '4h_sr_range_width', '1d_dist_to_support', '1d_dist_to_resistance', '1d_sup_res_position', '1d_at_support', '1d_at_resistance', '1d_breaking_support', '1d_breaking_resistance', '1d_sr_range_width', 'multi_timeframe_support', 'multi_timeframe_resistance', 'strong_support_zone', 'strong_resistance_zone', 'in_sr_range', 'breaking_sr_range', 'InstrumentID', 'Open_1h', 'High_1h', 'Low_1h', 'Close_1h', 'Volume_1h', 'Volume_SMA', 'OBV_std', 'OBV_norm_std', 'OBV_SMA_10', 'OBV_EMA_10', 'OBV_WMA_10', 'OBV_SMA_20', 'OBV_EMA_20', 'OBV_WMA_20', 'OBV_SMA_50', 'OBV_EMA_50', 'OBV_WMA_50', 'OBV_Bullish_Div_10', 'OBV_Bearish_Div_10', 'OBV_Bullish_Div_20', 'OBV_Bearish_Div_20', 'OBV_Bullish_Div_50', 'OBV_Bearish_Div_50', 'VWAP_10', 'InstrumentID_4h', 'Open_4h', 'High_4h', 'Low_4h', 'Close_4h', 'Volume_4h', 'candle_range_4h', 'corps_candle_4h', 'meche_haute_4h', 'meche_basse_4h', 'candle_trend_4h', 'doji_4h', 'doji_strength_4h', 'perfect_doji_4h', 'upper_wick_4h', 'lower_wick_4h', 'ratio_corps_4h', 'doji_invalid_4h', 'bullish_engulfing_4h', 'bearish_engulfing_4h', 'engulfing_strength_4h', 'corps_candle_prev_4h', 'corps_sum_4h', 'Volume_SMA_5_4h', 'Volume_SMA_10_4h', 'Volume_SMA_20_4h', 'Volume_Ratio_SMA5_4h', 'Volume_Ratio_SMA10_4h', 'Volume_Ratio_SMA20_4h', 'Volume_Change_1_4h', 'Volume_Change_5_4h', 'PV_Ratio_4h', 'PV_Change_4h', 'OBV_4h', 'Volume_SMA_4h', 'OBV_normalized_4h', 'OBV_norm_minmax_4h', 'OBV_std_4h', 'OBV_norm_std_4h', 'OBV_SMA_10_4h', 'OBV_EMA_10_4h', 'OBV_WMA_10_4h', 'OBV_SMA_20_4h', 'OBV_EMA_20_4h', 'OBV_WMA_20_4h', 'OBV_SMA_50_4h', 'OBV_EMA_50_4h', 'OBV_WMA_50_4h', 'OBV_Trend_short_4h', 'OBV_Trend_medium_4h', 'OBV_Trend_long_4h', 'OBV_Bullish_Div_10_4h', 'OBV_Bearish_Div_10_4h', 'OBV_Bullish_Div_20_4h', 'OBV_Bearish_Div_20_4h', 'OBV_Bullish_Div_50_4h', 'OBV_Bearish_Div_50_4h', 'MFV_4h', 'ADL_4h', 'ADL_norm_4h', 'ADL_SMA5_4h', 'ADL_SMA15_4h', 'ADL_SMA30_4h', 'ADL_Trend_4h', 'Price_Trend_4h', 'ADL_Divergence_4h', 'MFM_4h', 'CMF_20_4h', 'PVT_change_4h', 'PVT_4h', 'PVT_norm_4h', 'PVT_SMA10_4h', 'PVT_SMA30_4h', 'PVT_signal_4h', 'PVT_cross_4h', 'PVT_cross_signal_4h', 'PVT_delta5_4h', 'CCI_5_4h', 'CCI_10_4h', 'CCI_15_4h', 'Volume_Oscillator_4h', 'VWAP_4h', 'VWMA_10_4h', 'VWMA_20_4h', 'Force_Index_1_4h', 'Force_Index_13_4h', 'Typical_Price_4h', 'Raw_Money_Flow_4h', 'Typical_Price_Prev_4h', 'Money_Flow_Positive_4h', 'Money_Flow_Negative_4h', 'MFI_14_4h', 'Vol_Weighted_Up_4h', 'Vol_Weighted_Down_4h', 'Vol_Weighted_Up_Avg_4h', 'Vol_Weighted_Down_Avg_4h', 'Vol_Weighted_RSI_4h', 'VWAP_10_4h', 'InstrumentID_1d', 'Open_1d', 'High_1d', 'Low_1d', 'Close_1d', 'Volume_1d', 'candle_range_1d', 'corps_candle_1d', 'meche_haute_1d', 'meche_basse_1d', 'candle_trend_1d', 'doji_1d', 'doji_strength_1d', 'perfect_doji_1d', 'upper_wick_1d', 'lower_wick_1d', 'ratio_corps_1d', 'doji_invalid_1d', 'bullish_engulfing_1d', 'bearish_engulfing_1d', 'engulfing_strength_1d', 'corps_candle_prev_1d', 'corps_sum_1d', 'Volume_SMA_5_1d', 'Volume_SMA_10_1d', 'Volume_SMA_20_1d', 'Volume_Ratio_SMA5_1d', 'Volume_Ratio_SMA10_1d', 'Volume_Ratio_SMA20_1d', 'Volume_Change_1_1d', 'Volume_Change_5_1d', 'PV_Ratio_1d', 'PV_Change_1d', 'OBV_1d', 'Volume_SMA_1d', 'OBV_normalized_1d', 'OBV_norm_minmax_1d', 'OBV_std_1d', 'OBV_norm_std_1d', 'OBV_SMA_10_1d', 'OBV_EMA_10_1d', 'OBV_WMA_10_1d', 'OBV_SMA_20_1d', 'OBV_EMA_20_1d', 'OBV_WMA_20_1d', 'OBV_SMA_50_1d', 'OBV_EMA_50_1d', 'OBV_WMA_50_1d', 'OBV_Trend_short_1d', 'OBV_Trend_medium_1d', 'OBV_Trend_long_1d', 'OBV_Bullish_Div_10_1d', 'OBV_Bearish_Div_10_1d', 'OBV_Bullish_Div_20_1d', 'OBV_Bearish_Div_20_1d', 'OBV_Bullish_Div_50_1d', 'OBV_Bearish_Div_50_1d', 'MFV_1d', 'ADL_1d', 'ADL_norm_1d', 'ADL_SMA5_1d', 'ADL_SMA15_1d', 'ADL_SMA30_1d', 'ADL_Trend_1d', 'Price_Trend_1d', 'ADL_Divergence_1d', 'MFM_1d', 'CMF_20_1d', 'PVT_change_1d', 'PVT_1d', 'PVT_norm_1d', 'PVT_SMA10_1d', 'PVT_SMA30_1d', 'PVT_signal_1d', 'PVT_cross_1d', 'PVT_cross_signal_1d', 'PVT_delta5_1d', 'CCI_5_1d', 'CCI_10_1d', 'CCI_15_1d', 'Volume_Oscillator_1d', 'VWAP_1d', 'VWMA_10_1d', 'VWMA_20_1d', 'Force_Index_1_1d', 'Force_Index_13_1d', 'Typical_Price_1d', 'Raw_Money_Flow_1d', 'Typical_Price_Prev_1d', 'Money_Flow_Positive_1d', 'Money_Flow_Negative_1d', 'MFI_14_1d', 'Vol_Weighted_Up_1d', 'Vol_Weighted_Down_1d', 'Vol_Weighted_Up_Avg_1d', 'Vol_Weighted_Down_Avg_1d', 'Vol_Weighted_RSI_1d', 'VWAP_10_1d', 'Volume_SMA', 'OBV_std', 'OBV_norm_std', 'OBV_SMA_10', 'OBV_EMA_10', 'OBV_WMA_10', 'OBV_SMA_20', 'OBV_EMA_20', 'OBV_WMA_20', 'OBV_SMA_50', 'OBV_EMA_50', 'OBV_WMA_50', 'OBV_Bullish_Div_10', 'OBV_Bearish_Div_10', 'OBV_Bullish_Div_20', 'OBV_Bearish_Div_20', 'OBV_Bullish_Div_50', 'OBV_Bearish_Div_50', 'SuperTrend_Long', 'SuperTrend_Short', 'ADX', 'Williams_R', 'day_of_year', 'sin_day', 'cos_day', 'sin_hour', 'cos_hour', 'period_of_day', 'hourly_return', 'hourly_volatility', 'volatility_by_period', 'volatility_6h', 'volatility_12h', 'volatility_24h', 'volatility_period_0', 'volatility_period_1', 'volatility_period_2', 'volatility_period_3', 'volatility_morning', 'volatility_afternoon', 'volatility_evening', 'volatility_night', 'log_return_5m', 'log_return_1h', 'momentum_1h', 'log_return_4h', 'momentum_4h', 'log_return_1d', 'momentum_1d', 'momentum_5m']
2025-06-06 19:54:55,212 - prediction_service - INFO - Colonnes numériques sélectionnées: ['Open_1h', 'High_1h', 'Low_1h', 'Close_1h', 'Volume_1h', 'Open_4h', 'High_4h', 'Low_4h', 'Close_4h', 'Volume_4h', 'Open_1d', 'High_1d', 'Low_1d', 'Close_1d', 'Volume_1d', '1h_price_change_pct', '4h_price_change_pct', '1d_price_change_pct', '1h_range', '1h_position', '4h_range', '4h_position', '1d_range', '1d_position', '1h_volume_ratio', '4h_volume_ratio', '1d_volume_ratio', '1h_SMA', '4h_SMA', '1d_SMA', 'close_over_1h_SMA', 'close_over_4h_SMA', 'close_over_1d_SMA', '1h_trend', '4h_trend', '1d_trend', 'bullish_alignment', 'bearish_alignment', 'mixed_trend_signals', '1h_support', '1h_resistance', '1h_sup_res_count', '1h_support_strength', '1h_resistance_strength', '4h_support', '4h_resistance', '4h_sup_res_count', '4h_support_strength', '4h_resistance_strength', '1d_support', '1d_resistance', '1d_sup_res_count', '1d_support_strength', '1d_resistance_strength', '1h_dist_to_support', '1h_dist_to_resistance', '1h_sup_res_position', '1h_at_support', '1h_at_resistance', '1h_breaking_support', '1h_breaking_resistance', '1h_sr_range_width', '4h_dist_to_support', '4h_dist_to_resistance', '4h_sup_res_position', '4h_at_support', '4h_at_resistance', '4h_breaking_support', '4h_breaking_resistance', '4h_sr_range_width', '1d_dist_to_support', '1d_dist_to_resistance', '1d_sup_res_position', '1d_at_support', '1d_at_resistance', '1d_breaking_support', '1d_breaking_resistance', '1d_sr_range_width', 'multi_timeframe_support', 'multi_timeframe_resistance', 'strong_support_zone', 'strong_resistance_zone', 'in_sr_range', 'breaking_sr_range', 'InstrumentID', 'Open_1h', 'High_1h', 'Low_1h', 'Close_1h', 'Volume_1h', 'Volume_SMA', 'OBV_std', 'OBV_norm_std', 'OBV_SMA_10', 'OBV_EMA_10', 'OBV_WMA_10', 'OBV_SMA_20', 'OBV_EMA_20', 'OBV_WMA_20', 'OBV_SMA_50', 'OBV_EMA_50', 'OBV_WMA_50', 'OBV_Bullish_Div_10', 'OBV_Bearish_Div_10', 'OBV_Bullish_Div_20', 'OBV_Bearish_Div_20', 'OBV_Bullish_Div_50', 'OBV_Bearish_Div_50', 'VWAP_10', 'InstrumentID_4h', 'Open_4h', 'High_4h', 'Low_4h', 'Close_4h', 'Volume_4h', 'candle_range_4h', 'corps_candle_4h', 'meche_haute_4h', 'meche_basse_4h', 'candle_trend_4h', 'doji_4h', 'doji_strength_4h', 'perfect_doji_4h', 'upper_wick_4h', 'lower_wick_4h', 'ratio_corps_4h', 'doji_invalid_4h', 'bullish_engulfing_4h', 'bearish_engulfing_4h', 'engulfing_strength_4h', 'corps_candle_prev_4h', 'corps_sum_4h', 'Volume_SMA_5_4h', 'Volume_SMA_10_4h', 'Volume_SMA_20_4h', 'Volume_Ratio_SMA5_4h', 'Volume_Ratio_SMA10_4h', 'Volume_Ratio_SMA20_4h', 'Volume_Change_1_4h', 'Volume_Change_5_4h', 'PV_Ratio_4h', 'PV_Change_4h', 'OBV_4h', 'Volume_SMA_4h', 'OBV_normalized_4h', 'OBV_norm_minmax_4h', 'OBV_std_4h', 'OBV_norm_std_4h', 'OBV_SMA_10_4h', 'OBV_EMA_10_4h', 'OBV_WMA_10_4h', 'OBV_SMA_20_4h', 'OBV_EMA_20_4h', 'OBV_WMA_20_4h', 'OBV_SMA_50_4h', 'OBV_EMA_50_4h', 'OBV_WMA_50_4h', 'OBV_Trend_short_4h', 'OBV_Trend_medium_4h', 'OBV_Trend_long_4h', 'OBV_Bullish_Div_10_4h', 'OBV_Bearish_Div_10_4h', 'OBV_Bullish_Div_20_4h', 'OBV_Bearish_Div_20_4h', 'OBV_Bullish_Div_50_4h', 'OBV_Bearish_Div_50_4h', 'MFV_4h', 'ADL_4h', 'ADL_norm_4h', 'ADL_SMA5_4h', 'ADL_SMA15_4h', 'ADL_SMA30_4h', 'ADL_Trend_4h', 'Price_Trend_4h', 'ADL_Divergence_4h', 'MFM_4h', 'CMF_20_4h', 'PVT_change_4h', 'PVT_4h', 'PVT_norm_4h', 'PVT_SMA10_4h', 'PVT_SMA30_4h', 'PVT_signal_4h', 'PVT_cross_4h', 'PVT_cross_signal_4h', 'PVT_delta5_4h', 'CCI_5_4h', 'CCI_10_4h', 'CCI_15_4h', 'Volume_Oscillator_4h', 'VWAP_4h', 'VWMA_10_4h', 'VWMA_20_4h', 'Force_Index_1_4h', 'Force_Index_13_4h', 'Typical_Price_4h', 'Raw_Money_Flow_4h', 'Typical_Price_Prev_4h', 'Money_Flow_Positive_4h', 'Money_Flow_Negative_4h', 'MFI_14_4h', 'Vol_Weighted_Up_4h', 'Vol_Weighted_Down_4h', 'Vol_Weighted_Up_Avg_4h', 'Vol_Weighted_Down_Avg_4h', 'Vol_Weighted_RSI_4h', 'VWAP_10_4h', 'InstrumentID_1d', 'Open_1d', 'High_1d', 'Low_1d', 'Close_1d', 'Volume_1d', 'candle_range_1d', 'corps_candle_1d', 'meche_haute_1d', 'meche_basse_1d', 'candle_trend_1d', 'doji_1d', 'doji_strength_1d', 'perfect_doji_1d', 'upper_wick_1d', 'lower_wick_1d', 'ratio_corps_1d', 'doji_invalid_1d', 'bullish_engulfing_1d', 'bearish_engulfing_1d', 'engulfing_strength_1d', 'corps_candle_prev_1d', 'corps_sum_1d', 'Volume_SMA_5_1d', 'Volume_SMA_10_1d', 'Volume_SMA_20_1d', 'Volume_Ratio_SMA5_1d', 'Volume_Ratio_SMA10_1d', 'Volume_Ratio_SMA20_1d', 'Volume_Change_1_1d', 'Volume_Change_5_1d', 'PV_Ratio_1d', 'PV_Change_1d', 'OBV_1d', 'Volume_SMA_1d', 'OBV_normalized_1d', 'OBV_norm_minmax_1d', 'OBV_std_1d', 'OBV_norm_std_1d', 'OBV_SMA_10_1d', 'OBV_EMA_10_1d', 'OBV_WMA_10_1d', 'OBV_SMA_20_1d', 'OBV_EMA_20_1d', 'OBV_WMA_20_1d', 'OBV_SMA_50_1d', 'OBV_EMA_50_1d', 'OBV_WMA_50_1d', 'OBV_Trend_short_1d', 'OBV_Trend_medium_1d', 'OBV_Trend_long_1d', 'OBV_Bullish_Div_10_1d', 'OBV_Bearish_Div_10_1d', 'OBV_Bullish_Div_20_1d', 'OBV_Bearish_Div_20_1d', 'OBV_Bullish_Div_50_1d', 'OBV_Bearish_Div_50_1d', 'MFV_1d', 'ADL_1d', 'ADL_norm_1d', 'ADL_SMA5_1d', 'ADL_SMA15_1d', 'ADL_SMA30_1d', 'ADL_Trend_1d', 'Price_Trend_1d', 'ADL_Divergence_1d', 'MFM_1d', 'CMF_20_1d', 'PVT_change_1d', 'PVT_1d', 'PVT_norm_1d', 'PVT_SMA10_1d', 'PVT_SMA30_1d', 'PVT_signal_1d', 'PVT_cross_1d', 'PVT_cross_signal_1d', 'PVT_delta5_1d', 'CCI_5_1d', 'CCI_10_1d', 'CCI_15_1d', 'Volume_Oscillator_1d', 'VWAP_1d', 'VWMA_10_1d', 'VWMA_20_1d', 'Force_Index_1_1d', 'Force_Index_13_1d', 'Typical_Price_1d', 'Raw_Money_Flow_1d', 'Typical_Price_Prev_1d', 'Money_Flow_Positive_1d', 'Money_Flow_Negative_1d', 'MFI_14_1d', 'Vol_Weighted_Up_1d', 'Vol_Weighted_Down_1d', 'Vol_Weighted_Up_Avg_1d', 'Vol_Weighted_Down_Avg_1d', 'Vol_Weighted_RSI_1d', 'VWAP_10_1d', 'Volume_SMA', 'OBV_std', 'OBV_norm_std', 'OBV_SMA_10', 'OBV_EMA_10', 'OBV_WMA_10', 'OBV_SMA_20', 'OBV_EMA_20', 'OBV_WMA_20', 'OBV_SMA_50', 'OBV_EMA_50', 'OBV_WMA_50', 'OBV_Bullish_Div_10', 'OBV_Bearish_Div_10', 'OBV_Bullish_Div_20', 'OBV_Bearish_Div_20', 'OBV_Bullish_Div_50', 'OBV_Bearish_Div_50', 'SuperTrend_Long', 'SuperTrend_Short', 'ADX', 'Williams_R', 'day_of_year', 'sin_day', 'cos_day', 'sin_hour', 'cos_hour', 'period_of_day', 'hourly_return', 'hourly_volatility', 'volatility_by_period', 'volatility_6h', 'volatility_12h', 'volatility_24h', 'volatility_period_0', 'volatility_period_1', 'volatility_period_2', 'volatility_period_3', 'volatility_morning', 'volatility_afternoon', 'volatility_evening', 'volatility_night', 'log_return_5m', 'log_return_1h', 'momentum_1h', 'log_return_4h', 'momentum_4h', 'log_return_1d', 'momentum_1d', 'momentum_5m']
2025-06-06 20:10:29,641 - prediction_service - INFO - Colonnes numériques sélectionnées: ['Open_1h', 'High_1h', 'Low_1h', 'Close_1h', 'Volume_1h', 'Open_4h', 'High_4h', 'Low_4h', 'Close_4h', 'Volume_4h', 'Open_1d', 'High_1d', 'Low_1d', 'Close_1d', 'Volume_1d', '1h_price_change_pct', '4h_price_change_pct', '1d_price_change_pct', '1h_range', '1h_position', '4h_range', '4h_position', '1d_range', '1d_position', '1h_volume_ratio', '4h_volume_ratio', '1d_volume_ratio', '1h_SMA', '4h_SMA', '1d_SMA', 'close_over_1h_SMA', 'close_over_4h_SMA', 'close_over_1d_SMA', '1h_trend', '4h_trend', '1d_trend', 'bullish_alignment', 'bearish_alignment', 'mixed_trend_signals', '1h_support', '1h_resistance', '1h_sup_res_count', '1h_support_strength', '1h_resistance_strength', '4h_support', '4h_resistance', '4h_sup_res_count', '4h_support_strength', '4h_resistance_strength', '1d_support', '1d_resistance', '1d_sup_res_count', '1d_support_strength', '1d_resistance_strength', '1h_dist_to_support', '1h_dist_to_resistance', '1h_sup_res_position', '1h_at_support', '1h_at_resistance', '1h_breaking_support', '1h_breaking_resistance', '1h_sr_range_width', '4h_dist_to_support', '4h_dist_to_resistance', '4h_sup_res_position', '4h_at_support', '4h_at_resistance', '4h_breaking_support', '4h_breaking_resistance', '4h_sr_range_width', '1d_dist_to_support', '1d_dist_to_resistance', '1d_sup_res_position', '1d_at_support', '1d_at_resistance', '1d_breaking_support', '1d_breaking_resistance', '1d_sr_range_width', 'multi_timeframe_support', 'multi_timeframe_resistance', 'strong_support_zone', 'strong_resistance_zone', 'in_sr_range', 'breaking_sr_range', 'InstrumentID', 'Open_1h', 'High_1h', 'Low_1h', 'Close_1h', 'Volume_1h', 'Volume_SMA', 'OBV_std', 'OBV_norm_std', 'OBV_SMA_10', 'OBV_EMA_10', 'OBV_WMA_10', 'OBV_SMA_20', 'OBV_EMA_20', 'OBV_WMA_20', 'OBV_SMA_50', 'OBV_EMA_50', 'OBV_WMA_50', 'OBV_Bullish_Div_10', 'OBV_Bearish_Div_10', 'OBV_Bullish_Div_20', 'OBV_Bearish_Div_20', 'OBV_Bullish_Div_50', 'OBV_Bearish_Div_50', 'VWAP_10', 'InstrumentID_4h', 'Open_4h', 'High_4h', 'Low_4h', 'Close_4h', 'Volume_4h', 'candle_range_4h', 'corps_candle_4h', 'meche_haute_4h', 'meche_basse_4h', 'candle_trend_4h', 'doji_4h', 'doji_strength_4h', 'perfect_doji_4h', 'upper_wick_4h', 'lower_wick_4h', 'ratio_corps_4h', 'doji_invalid_4h', 'bullish_engulfing_4h', 'bearish_engulfing_4h', 'engulfing_strength_4h', 'corps_candle_prev_4h', 'corps_sum_4h', 'Volume_SMA_5_4h', 'Volume_SMA_10_4h', 'Volume_SMA_20_4h', 'Volume_Ratio_SMA5_4h', 'Volume_Ratio_SMA10_4h', 'Volume_Ratio_SMA20_4h', 'Volume_Change_1_4h', 'Volume_Change_5_4h', 'PV_Ratio_4h', 'PV_Change_4h', 'OBV_4h', 'Volume_SMA_4h', 'OBV_normalized_4h', 'OBV_norm_minmax_4h', 'OBV_std_4h', 'OBV_norm_std_4h', 'OBV_SMA_10_4h', 'OBV_EMA_10_4h', 'OBV_WMA_10_4h', 'OBV_SMA_20_4h', 'OBV_EMA_20_4h', 'OBV_WMA_20_4h', 'OBV_SMA_50_4h', 'OBV_EMA_50_4h', 'OBV_WMA_50_4h', 'OBV_Trend_short_4h', 'OBV_Trend_medium_4h', 'OBV_Trend_long_4h', 'OBV_Bullish_Div_10_4h', 'OBV_Bearish_Div_10_4h', 'OBV_Bullish_Div_20_4h', 'OBV_Bearish_Div_20_4h', 'OBV_Bullish_Div_50_4h', 'OBV_Bearish_Div_50_4h', 'MFV_4h', 'ADL_4h', 'ADL_norm_4h', 'ADL_SMA5_4h', 'ADL_SMA15_4h', 'ADL_SMA30_4h', 'ADL_Trend_4h', 'Price_Trend_4h', 'ADL_Divergence_4h', 'MFM_4h', 'CMF_20_4h', 'PVT_change_4h', 'PVT_4h', 'PVT_norm_4h', 'PVT_SMA10_4h', 'PVT_SMA30_4h', 'PVT_signal_4h', 'PVT_cross_4h', 'PVT_cross_signal_4h', 'PVT_delta5_4h', 'CCI_5_4h', 'CCI_10_4h', 'CCI_15_4h', 'Volume_Oscillator_4h', 'VWAP_4h', 'VWMA_10_4h', 'VWMA_20_4h', 'Force_Index_1_4h', 'Force_Index_13_4h', 'Typical_Price_4h', 'Raw_Money_Flow_4h', 'Typical_Price_Prev_4h', 'Money_Flow_Positive_4h', 'Money_Flow_Negative_4h', 'MFI_14_4h', 'Vol_Weighted_Up_4h', 'Vol_Weighted_Down_4h', 'Vol_Weighted_Up_Avg_4h', 'Vol_Weighted_Down_Avg_4h', 'Vol_Weighted_RSI_4h', 'VWAP_10_4h', 'InstrumentID_1d', 'Open_1d', 'High_1d', 'Low_1d', 'Close_1d', 'Volume_1d', 'candle_range_1d', 'corps_candle_1d', 'meche_haute_1d', 'meche_basse_1d', 'candle_trend_1d', 'doji_1d', 'doji_strength_1d', 'perfect_doji_1d', 'upper_wick_1d', 'lower_wick_1d', 'ratio_corps_1d', 'doji_invalid_1d', 'bullish_engulfing_1d', 'bearish_engulfing_1d', 'engulfing_strength_1d', 'corps_candle_prev_1d', 'corps_sum_1d', 'Volume_SMA_5_1d', 'Volume_SMA_10_1d', 'Volume_SMA_20_1d', 'Volume_Ratio_SMA5_1d', 'Volume_Ratio_SMA10_1d', 'Volume_Ratio_SMA20_1d', 'Volume_Change_1_1d', 'Volume_Change_5_1d', 'PV_Ratio_1d', 'PV_Change_1d', 'OBV_1d', 'Volume_SMA_1d', 'OBV_normalized_1d', 'OBV_norm_minmax_1d', 'OBV_std_1d', 'OBV_norm_std_1d', 'OBV_SMA_10_1d', 'OBV_EMA_10_1d', 'OBV_WMA_10_1d', 'OBV_SMA_20_1d', 'OBV_EMA_20_1d', 'OBV_WMA_20_1d', 'OBV_SMA_50_1d', 'OBV_EMA_50_1d', 'OBV_WMA_50_1d', 'OBV_Trend_short_1d', 'OBV_Trend_medium_1d', 'OBV_Trend_long_1d', 'OBV_Bullish_Div_10_1d', 'OBV_Bearish_Div_10_1d', 'OBV_Bullish_Div_20_1d', 'OBV_Bearish_Div_20_1d', 'OBV_Bullish_Div_50_1d', 'OBV_Bearish_Div_50_1d', 'MFV_1d', 'ADL_1d', 'ADL_norm_1d', 'ADL_SMA5_1d', 'ADL_SMA15_1d', 'ADL_SMA30_1d', 'ADL_Trend_1d', 'Price_Trend_1d', 'ADL_Divergence_1d', 'MFM_1d', 'CMF_20_1d', 'PVT_change_1d', 'PVT_1d', 'PVT_norm_1d', 'PVT_SMA10_1d', 'PVT_SMA30_1d', 'PVT_signal_1d', 'PVT_cross_1d', 'PVT_cross_signal_1d', 'PVT_delta5_1d', 'CCI_5_1d', 'CCI_10_1d', 'CCI_15_1d', 'Volume_Oscillator_1d', 'VWAP_1d', 'VWMA_10_1d', 'VWMA_20_1d', 'Force_Index_1_1d', 'Force_Index_13_1d', 'Typical_Price_1d', 'Raw_Money_Flow_1d', 'Typical_Price_Prev_1d', 'Money_Flow_Positive_1d', 'Money_Flow_Negative_1d', 'MFI_14_1d', 'Vol_Weighted_Up_1d', 'Vol_Weighted_Down_1d', 'Vol_Weighted_Up_Avg_1d', 'Vol_Weighted_Down_Avg_1d', 'Vol_Weighted_RSI_1d', 'VWAP_10_1d', 'Volume_SMA', 'OBV_std', 'OBV_norm_std', 'OBV_SMA_10', 'OBV_EMA_10', 'OBV_WMA_10', 'OBV_SMA_20', 'OBV_EMA_20', 'OBV_WMA_20', 'OBV_SMA_50', 'OBV_EMA_50', 'OBV_WMA_50', 'OBV_Bullish_Div_10', 'OBV_Bearish_Div_10', 'OBV_Bullish_Div_20', 'OBV_Bearish_Div_20', 'OBV_Bullish_Div_50', 'OBV_Bearish_Div_50', 'SuperTrend_Long', 'SuperTrend_Short', 'ADX', 'Williams_R', 'day_of_year', 'sin_day', 'cos_day', 'sin_hour', 'cos_hour', 'period_of_day', 'hourly_return', 'hourly_volatility', 'volatility_by_period', 'volatility_6h', 'volatility_12h', 'volatility_24h', 'volatility_period_0', 'volatility_period_1', 'volatility_period_2', 'volatility_period_3', 'volatility_morning', 'volatility_afternoon', 'volatility_evening', 'volatility_night', 'log_return_5m', 'log_return_1h', 'momentum_1h', 'log_return_4h', 'momentum_4h', 'log_return_1d', 'momentum_1d', 'momentum_5m']
2025-06-06 20:36:24,442 - prediction_service - INFO - Colonnes numériques sélectionnées: ['Open_1h', 'High_1h', 'Low_1h', 'Close_1h', 'Volume_1h', 'Open_4h', 'High_4h', 'Low_4h', 'Close_4h', 'Volume_4h', 'Open_1d', 'High_1d', 'Low_1d', 'Close_1d', 'Volume_1d', '1h_price_change_pct', '4h_price_change_pct', '1d_price_change_pct', '1h_range', '1h_position', '4h_range', '4h_position', '1d_range', '1d_position', '1h_volume_ratio', '4h_volume_ratio', '1d_volume_ratio', '1h_SMA', '4h_SMA', '1d_SMA', 'close_over_1h_SMA', 'close_over_4h_SMA', 'close_over_1d_SMA', '1h_trend', '4h_trend', '1d_trend', 'bullish_alignment', 'bearish_alignment', 'mixed_trend_signals', '1h_support', '1h_resistance', '1h_sup_res_count', '1h_support_strength', '1h_resistance_strength', '4h_support', '4h_resistance', '4h_sup_res_count', '4h_support_strength', '4h_resistance_strength', '1d_support', '1d_resistance', '1d_sup_res_count', '1d_support_strength', '1d_resistance_strength', '1h_dist_to_support', '1h_dist_to_resistance', '1h_sup_res_position', '1h_at_support', '1h_at_resistance', '1h_breaking_support', '1h_breaking_resistance', '1h_sr_range_width', '4h_dist_to_support', '4h_dist_to_resistance', '4h_sup_res_position', '4h_at_support', '4h_at_resistance', '4h_breaking_support', '4h_breaking_resistance', '4h_sr_range_width', '1d_dist_to_support', '1d_dist_to_resistance', '1d_sup_res_position', '1d_at_support', '1d_at_resistance', '1d_breaking_support', '1d_breaking_resistance', '1d_sr_range_width', 'multi_timeframe_support', 'multi_timeframe_resistance', 'strong_support_zone', 'strong_resistance_zone', 'in_sr_range', 'breaking_sr_range', 'InstrumentID', 'Open_1h', 'High_1h', 'Low_1h', 'Close_1h', 'Volume_1h', 'Volume_SMA', 'OBV_std', 'OBV_norm_std', 'OBV_SMA_10', 'OBV_EMA_10', 'OBV_WMA_10', 'OBV_SMA_20', 'OBV_EMA_20', 'OBV_WMA_20', 'OBV_SMA_50', 'OBV_EMA_50', 'OBV_WMA_50', 'OBV_Bullish_Div_10', 'OBV_Bearish_Div_10', 'OBV_Bullish_Div_20', 'OBV_Bearish_Div_20', 'OBV_Bullish_Div_50', 'OBV_Bearish_Div_50', 'VWAP_10', 'InstrumentID_4h', 'Open_4h', 'High_4h', 'Low_4h', 'Close_4h', 'Volume_4h', 'candle_range_4h', 'corps_candle_4h', 'meche_haute_4h', 'meche_basse_4h', 'candle_trend_4h', 'doji_4h', 'doji_strength_4h', 'perfect_doji_4h', 'upper_wick_4h', 'lower_wick_4h', 'ratio_corps_4h', 'doji_invalid_4h', 'bullish_engulfing_4h', 'bearish_engulfing_4h', 'engulfing_strength_4h', 'corps_candle_prev_4h', 'corps_sum_4h', 'Volume_SMA_5_4h', 'Volume_SMA_10_4h', 'Volume_SMA_20_4h', 'Volume_Ratio_SMA5_4h', 'Volume_Ratio_SMA10_4h', 'Volume_Ratio_SMA20_4h', 'Volume_Change_1_4h', 'Volume_Change_5_4h', 'PV_Ratio_4h', 'PV_Change_4h', 'OBV_4h', 'Volume_SMA_4h', 'OBV_normalized_4h', 'OBV_norm_minmax_4h', 'OBV_std_4h', 'OBV_norm_std_4h', 'OBV_SMA_10_4h', 'OBV_EMA_10_4h', 'OBV_WMA_10_4h', 'OBV_SMA_20_4h', 'OBV_EMA_20_4h', 'OBV_WMA_20_4h', 'OBV_SMA_50_4h', 'OBV_EMA_50_4h', 'OBV_WMA_50_4h', 'OBV_Trend_short_4h', 'OBV_Trend_medium_4h', 'OBV_Trend_long_4h', 'OBV_Bullish_Div_10_4h', 'OBV_Bearish_Div_10_4h', 'OBV_Bullish_Div_20_4h', 'OBV_Bearish_Div_20_4h', 'OBV_Bullish_Div_50_4h', 'OBV_Bearish_Div_50_4h', 'MFV_4h', 'ADL_4h', 'ADL_norm_4h', 'ADL_SMA5_4h', 'ADL_SMA15_4h', 'ADL_SMA30_4h', 'ADL_Trend_4h', 'Price_Trend_4h', 'ADL_Divergence_4h', 'MFM_4h', 'CMF_20_4h', 'PVT_change_4h', 'PVT_4h', 'PVT_norm_4h', 'PVT_SMA10_4h', 'PVT_SMA30_4h', 'PVT_signal_4h', 'PVT_cross_4h', 'PVT_cross_signal_4h', 'PVT_delta5_4h', 'CCI_5_4h', 'CCI_10_4h', 'CCI_15_4h', 'Volume_Oscillator_4h', 'VWAP_4h', 'VWMA_10_4h', 'VWMA_20_4h', 'Force_Index_1_4h', 'Force_Index_13_4h', 'Typical_Price_4h', 'Raw_Money_Flow_4h', 'Typical_Price_Prev_4h', 'Money_Flow_Positive_4h', 'Money_Flow_Negative_4h', 'MFI_14_4h', 'Vol_Weighted_Up_4h', 'Vol_Weighted_Down_4h', 'Vol_Weighted_Up_Avg_4h', 'Vol_Weighted_Down_Avg_4h', 'Vol_Weighted_RSI_4h', 'VWAP_10_4h', 'InstrumentID_1d', 'Open_1d', 'High_1d', 'Low_1d', 'Close_1d', 'Volume_1d', 'candle_range_1d', 'corps_candle_1d', 'meche_haute_1d', 'meche_basse_1d', 'candle_trend_1d', 'doji_1d', 'doji_strength_1d', 'perfect_doji_1d', 'upper_wick_1d', 'lower_wick_1d', 'ratio_corps_1d', 'doji_invalid_1d', 'bullish_engulfing_1d', 'bearish_engulfing_1d', 'engulfing_strength_1d', 'corps_candle_prev_1d', 'corps_sum_1d', 'Volume_SMA_5_1d', 'Volume_SMA_10_1d', 'Volume_SMA_20_1d', 'Volume_Ratio_SMA5_1d', 'Volume_Ratio_SMA10_1d', 'Volume_Ratio_SMA20_1d', 'Volume_Change_1_1d', 'Volume_Change_5_1d', 'PV_Ratio_1d', 'PV_Change_1d', 'OBV_1d', 'Volume_SMA_1d', 'OBV_normalized_1d', 'OBV_norm_minmax_1d', 'OBV_std_1d', 'OBV_norm_std_1d', 'OBV_SMA_10_1d', 'OBV_EMA_10_1d', 'OBV_WMA_10_1d', 'OBV_SMA_20_1d', 'OBV_EMA_20_1d', 'OBV_WMA_20_1d', 'OBV_SMA_50_1d', 'OBV_EMA_50_1d', 'OBV_WMA_50_1d', 'OBV_Trend_short_1d', 'OBV_Trend_medium_1d', 'OBV_Trend_long_1d', 'OBV_Bullish_Div_10_1d', 'OBV_Bearish_Div_10_1d', 'OBV_Bullish_Div_20_1d', 'OBV_Bearish_Div_20_1d', 'OBV_Bullish_Div_50_1d', 'OBV_Bearish_Div_50_1d', 'MFV_1d', 'ADL_1d', 'ADL_norm_1d', 'ADL_SMA5_1d', 'ADL_SMA15_1d', 'ADL_SMA30_1d', 'ADL_Trend_1d', 'Price_Trend_1d', 'ADL_Divergence_1d', 'MFM_1d', 'CMF_20_1d', 'PVT_change_1d', 'PVT_1d', 'PVT_norm_1d', 'PVT_SMA10_1d', 'PVT_SMA30_1d', 'PVT_signal_1d', 'PVT_cross_1d', 'PVT_cross_signal_1d', 'PVT_delta5_1d', 'CCI_5_1d', 'CCI_10_1d', 'CCI_15_1d', 'Volume_Oscillator_1d', 'VWAP_1d', 'VWMA_10_1d', 'VWMA_20_1d', 'Force_Index_1_1d', 'Force_Index_13_1d', 'Typical_Price_1d', 'Raw_Money_Flow_1d', 'Typical_Price_Prev_1d', 'Money_Flow_Positive_1d', 'Money_Flow_Negative_1d', 'MFI_14_1d', 'Vol_Weighted_Up_1d', 'Vol_Weighted_Down_1d', 'Vol_Weighted_Up_Avg_1d', 'Vol_Weighted_Down_Avg_1d', 'Vol_Weighted_RSI_1d', 'VWAP_10_1d', 'Volume_SMA', 'OBV_std', 'OBV_norm_std', 'OBV_SMA_10', 'OBV_EMA_10', 'OBV_WMA_10', 'OBV_SMA_20', 'OBV_EMA_20', 'OBV_WMA_20', 'OBV_SMA_50', 'OBV_EMA_50', 'OBV_WMA_50', 'OBV_Bullish_Div_10', 'OBV_Bearish_Div_10', 'OBV_Bullish_Div_20', 'OBV_Bearish_Div_20', 'OBV_Bullish_Div_50', 'OBV_Bearish_Div_50', 'SuperTrend_Long', 'SuperTrend_Short', 'ADX', 'Williams_R', 'day_of_year', 'sin_day', 'cos_day', 'sin_hour', 'cos_hour', 'period_of_day', 'hourly_return', 'hourly_volatility', 'volatility_by_period', 'volatility_6h', 'volatility_12h', 'volatility_24h', 'volatility_period_0', 'volatility_period_1', 'volatility_period_2', 'volatility_period_3', 'volatility_morning', 'volatility_afternoon', 'volatility_evening', 'volatility_night', 'log_return_5m', 'log_return_1h', 'momentum_1h', 'log_return_4h', 'momentum_4h', 'log_return_1d', 'momentum_1d', 'momentum_5m']
2025-06-06 20:38:09,396 - prediction_service - INFO - Colonnes numériques sélectionnées: ['Open_1h', 'High_1h', 'Low_1h', 'Close_1h', 'Volume_1h', 'Open_4h', 'High_4h', 'Low_4h', 'Close_4h', 'Volume_4h', 'Open_1d', 'High_1d', 'Low_1d', 'Close_1d', 'Volume_1d', '1h_price_change_pct', '4h_price_change_pct', '1d_price_change_pct', '1h_range', '1h_position', '4h_range', '4h_position', '1d_range', '1d_position', '1h_volume_ratio', '4h_volume_ratio', '1d_volume_ratio', '1h_SMA', '4h_SMA', '1d_SMA', 'close_over_1h_SMA', 'close_over_4h_SMA', 'close_over_1d_SMA', '1h_trend', '4h_trend', '1d_trend', 'bullish_alignment', 'bearish_alignment', 'mixed_trend_signals', '1h_support', '1h_resistance', '1h_sup_res_count', '1h_support_strength', '1h_resistance_strength', '4h_support', '4h_resistance', '4h_sup_res_count', '4h_support_strength', '4h_resistance_strength', '1d_support', '1d_resistance', '1d_sup_res_count', '1d_support_strength', '1d_resistance_strength', '1h_dist_to_support', '1h_dist_to_resistance', '1h_sup_res_position', '1h_at_support', '1h_at_resistance', '1h_breaking_support', '1h_breaking_resistance', '1h_sr_range_width', '4h_dist_to_support', '4h_dist_to_resistance', '4h_sup_res_position', '4h_at_support', '4h_at_resistance', '4h_breaking_support', '4h_breaking_resistance', '4h_sr_range_width', '1d_dist_to_support', '1d_dist_to_resistance', '1d_sup_res_position', '1d_at_support', '1d_at_resistance', '1d_breaking_support', '1d_breaking_resistance', '1d_sr_range_width', 'multi_timeframe_support', 'multi_timeframe_resistance', 'strong_support_zone', 'strong_resistance_zone', 'in_sr_range', 'breaking_sr_range', 'InstrumentID', 'Open_1h', 'High_1h', 'Low_1h', 'Close_1h', 'Volume_1h', 'Volume_SMA', 'OBV_std', 'OBV_norm_std', 'OBV_SMA_10', 'OBV_EMA_10', 'OBV_WMA_10', 'OBV_SMA_20', 'OBV_EMA_20', 'OBV_WMA_20', 'OBV_SMA_50', 'OBV_EMA_50', 'OBV_WMA_50', 'OBV_Bullish_Div_10', 'OBV_Bearish_Div_10', 'OBV_Bullish_Div_20', 'OBV_Bearish_Div_20', 'OBV_Bullish_Div_50', 'OBV_Bearish_Div_50', 'VWAP_10', 'InstrumentID_4h', 'Open_4h', 'High_4h', 'Low_4h', 'Close_4h', 'Volume_4h', 'candle_range_4h', 'corps_candle_4h', 'meche_haute_4h', 'meche_basse_4h', 'candle_trend_4h', 'doji_4h', 'doji_strength_4h', 'perfect_doji_4h', 'upper_wick_4h', 'lower_wick_4h', 'ratio_corps_4h', 'doji_invalid_4h', 'bullish_engulfing_4h', 'bearish_engulfing_4h', 'engulfing_strength_4h', 'corps_candle_prev_4h', 'corps_sum_4h', 'Volume_SMA_5_4h', 'Volume_SMA_10_4h', 'Volume_SMA_20_4h', 'Volume_Ratio_SMA5_4h', 'Volume_Ratio_SMA10_4h', 'Volume_Ratio_SMA20_4h', 'Volume_Change_1_4h', 'Volume_Change_5_4h', 'PV_Ratio_4h', 'PV_Change_4h', 'OBV_4h', 'Volume_SMA_4h', 'OBV_normalized_4h', 'OBV_norm_minmax_4h', 'OBV_std_4h', 'OBV_norm_std_4h', 'OBV_SMA_10_4h', 'OBV_EMA_10_4h', 'OBV_WMA_10_4h', 'OBV_SMA_20_4h', 'OBV_EMA_20_4h', 'OBV_WMA_20_4h', 'OBV_SMA_50_4h', 'OBV_EMA_50_4h', 'OBV_WMA_50_4h', 'OBV_Trend_short_4h', 'OBV_Trend_medium_4h', 'OBV_Trend_long_4h', 'OBV_Bullish_Div_10_4h', 'OBV_Bearish_Div_10_4h', 'OBV_Bullish_Div_20_4h', 'OBV_Bearish_Div_20_4h', 'OBV_Bullish_Div_50_4h', 'OBV_Bearish_Div_50_4h', 'MFV_4h', 'ADL_4h', 'ADL_norm_4h', 'ADL_SMA5_4h', 'ADL_SMA15_4h', 'ADL_SMA30_4h', 'ADL_Trend_4h', 'Price_Trend_4h', 'ADL_Divergence_4h', 'MFM_4h', 'CMF_20_4h', 'PVT_change_4h', 'PVT_4h', 'PVT_norm_4h', 'PVT_SMA10_4h', 'PVT_SMA30_4h', 'PVT_signal_4h', 'PVT_cross_4h', 'PVT_cross_signal_4h', 'PVT_delta5_4h', 'CCI_5_4h', 'CCI_10_4h', 'CCI_15_4h', 'Volume_Oscillator_4h', 'VWAP_4h', 'VWMA_10_4h', 'VWMA_20_4h', 'Force_Index_1_4h', 'Force_Index_13_4h', 'Typical_Price_4h', 'Raw_Money_Flow_4h', 'Typical_Price_Prev_4h', 'Money_Flow_Positive_4h', 'Money_Flow_Negative_4h', 'MFI_14_4h', 'Vol_Weighted_Up_4h', 'Vol_Weighted_Down_4h', 'Vol_Weighted_Up_Avg_4h', 'Vol_Weighted_Down_Avg_4h', 'Vol_Weighted_RSI_4h', 'VWAP_10_4h', 'InstrumentID_1d', 'Open_1d', 'High_1d', 'Low_1d', 'Close_1d', 'Volume_1d', 'candle_range_1d', 'corps_candle_1d', 'meche_haute_1d', 'meche_basse_1d', 'candle_trend_1d', 'doji_1d', 'doji_strength_1d', 'perfect_doji_1d', 'upper_wick_1d', 'lower_wick_1d', 'ratio_corps_1d', 'doji_invalid_1d', 'bullish_engulfing_1d', 'bearish_engulfing_1d', 'engulfing_strength_1d', 'corps_candle_prev_1d', 'corps_sum_1d', 'Volume_SMA_5_1d', 'Volume_SMA_10_1d', 'Volume_SMA_20_1d', 'Volume_Ratio_SMA5_1d', 'Volume_Ratio_SMA10_1d', 'Volume_Ratio_SMA20_1d', 'Volume_Change_1_1d', 'Volume_Change_5_1d', 'PV_Ratio_1d', 'PV_Change_1d', 'OBV_1d', 'Volume_SMA_1d', 'OBV_normalized_1d', 'OBV_norm_minmax_1d', 'OBV_std_1d', 'OBV_norm_std_1d', 'OBV_SMA_10_1d', 'OBV_EMA_10_1d', 'OBV_WMA_10_1d', 'OBV_SMA_20_1d', 'OBV_EMA_20_1d', 'OBV_WMA_20_1d', 'OBV_SMA_50_1d', 'OBV_EMA_50_1d', 'OBV_WMA_50_1d', 'OBV_Trend_short_1d', 'OBV_Trend_medium_1d', 'OBV_Trend_long_1d', 'OBV_Bullish_Div_10_1d', 'OBV_Bearish_Div_10_1d', 'OBV_Bullish_Div_20_1d', 'OBV_Bearish_Div_20_1d', 'OBV_Bullish_Div_50_1d', 'OBV_Bearish_Div_50_1d', 'MFV_1d', 'ADL_1d', 'ADL_norm_1d', 'ADL_SMA5_1d', 'ADL_SMA15_1d', 'ADL_SMA30_1d', 'ADL_Trend_1d', 'Price_Trend_1d', 'ADL_Divergence_1d', 'MFM_1d', 'CMF_20_1d', 'PVT_change_1d', 'PVT_1d', 'PVT_norm_1d', 'PVT_SMA10_1d', 'PVT_SMA30_1d', 'PVT_signal_1d', 'PVT_cross_1d', 'PVT_cross_signal_1d', 'PVT_delta5_1d', 'CCI_5_1d', 'CCI_10_1d', 'CCI_15_1d', 'Volume_Oscillator_1d', 'VWAP_1d', 'VWMA_10_1d', 'VWMA_20_1d', 'Force_Index_1_1d', 'Force_Index_13_1d', 'Typical_Price_1d', 'Raw_Money_Flow_1d', 'Typical_Price_Prev_1d', 'Money_Flow_Positive_1d', 'Money_Flow_Negative_1d', 'MFI_14_1d', 'Vol_Weighted_Up_1d', 'Vol_Weighted_Down_1d', 'Vol_Weighted_Up_Avg_1d', 'Vol_Weighted_Down_Avg_1d', 'Vol_Weighted_RSI_1d', 'VWAP_10_1d', 'Volume_SMA', 'OBV_std', 'OBV_norm_std', 'OBV_SMA_10', 'OBV_EMA_10', 'OBV_WMA_10', 'OBV_SMA_20', 'OBV_EMA_20', 'OBV_WMA_20', 'OBV_SMA_50', 'OBV_EMA_50', 'OBV_WMA_50', 'OBV_Bullish_Div_10', 'OBV_Bearish_Div_10', 'OBV_Bullish_Div_20', 'OBV_Bearish_Div_20', 'OBV_Bullish_Div_50', 'OBV_Bearish_Div_50', 'SuperTrend_Long', 'SuperTrend_Short', 'ADX', 'Williams_R', 'day_of_year', 'sin_day', 'cos_day', 'sin_hour', 'cos_hour', 'period_of_day', 'hourly_return', 'hourly_volatility', 'volatility_by_period', 'volatility_6h', 'volatility_12h', 'volatility_24h', 'volatility_period_0', 'volatility_period_1', 'volatility_period_2', 'volatility_period_3', 'volatility_morning', 'volatility_afternoon', 'volatility_evening', 'volatility_night', 'log_return_5m', 'log_return_1h', 'momentum_1h', 'log_return_4h', 'momentum_4h', 'log_return_1d', 'momentum_1d', 'momentum_5m']
2025-06-06 20:38:58,580 - prediction_service - INFO - Colonnes numériques sélectionnées: ['Open_1h', 'High_1h', 'Low_1h', 'Close_1h', 'Volume_1h', 'Open_4h', 'High_4h', 'Low_4h', 'Close_4h', 'Volume_4h', 'Open_1d', 'High_1d', 'Low_1d', 'Close_1d', 'Volume_1d', '1h_price_change_pct', '4h_price_change_pct', '1d_price_change_pct', '1h_range', '1h_position', '4h_range', '4h_position', '1d_range', '1d_position', '1h_volume_ratio', '4h_volume_ratio', '1d_volume_ratio', '1h_SMA', '4h_SMA', '1d_SMA', 'close_over_1h_SMA', 'close_over_4h_SMA', 'close_over_1d_SMA', '1h_trend', '4h_trend', '1d_trend', 'bullish_alignment', 'bearish_alignment', 'mixed_trend_signals', '1h_support', '1h_resistance', '1h_sup_res_count', '1h_support_strength', '1h_resistance_strength', '4h_support', '4h_resistance', '4h_sup_res_count', '4h_support_strength', '4h_resistance_strength', '1d_support', '1d_resistance', '1d_sup_res_count', '1d_support_strength', '1d_resistance_strength', '1h_dist_to_support', '1h_dist_to_resistance', '1h_sup_res_position', '1h_at_support', '1h_at_resistance', '1h_breaking_support', '1h_breaking_resistance', '1h_sr_range_width', '4h_dist_to_support', '4h_dist_to_resistance', '4h_sup_res_position', '4h_at_support', '4h_at_resistance', '4h_breaking_support', '4h_breaking_resistance', '4h_sr_range_width', '1d_dist_to_support', '1d_dist_to_resistance', '1d_sup_res_position', '1d_at_support', '1d_at_resistance', '1d_breaking_support', '1d_breaking_resistance', '1d_sr_range_width', 'multi_timeframe_support', 'multi_timeframe_resistance', 'strong_support_zone', 'strong_resistance_zone', 'in_sr_range', 'breaking_sr_range', 'InstrumentID', 'Open_1h', 'High_1h', 'Low_1h', 'Close_1h', 'Volume_1h', 'Volume_SMA', 'OBV_std', 'OBV_norm_std', 'OBV_SMA_10', 'OBV_EMA_10', 'OBV_WMA_10', 'OBV_SMA_20', 'OBV_EMA_20', 'OBV_WMA_20', 'OBV_SMA_50', 'OBV_EMA_50', 'OBV_WMA_50', 'OBV_Bullish_Div_10', 'OBV_Bearish_Div_10', 'OBV_Bullish_Div_20', 'OBV_Bearish_Div_20', 'OBV_Bullish_Div_50', 'OBV_Bearish_Div_50', 'VWAP_10', 'InstrumentID_4h', 'Open_4h', 'High_4h', 'Low_4h', 'Close_4h', 'Volume_4h', 'candle_range_4h', 'corps_candle_4h', 'meche_haute_4h', 'meche_basse_4h', 'candle_trend_4h', 'doji_4h', 'doji_strength_4h', 'perfect_doji_4h', 'upper_wick_4h', 'lower_wick_4h', 'ratio_corps_4h', 'doji_invalid_4h', 'bullish_engulfing_4h', 'bearish_engulfing_4h', 'engulfing_strength_4h', 'corps_candle_prev_4h', 'corps_sum_4h', 'Volume_SMA_5_4h', 'Volume_SMA_10_4h', 'Volume_SMA_20_4h', 'Volume_Ratio_SMA5_4h', 'Volume_Ratio_SMA10_4h', 'Volume_Ratio_SMA20_4h', 'Volume_Change_1_4h', 'Volume_Change_5_4h', 'PV_Ratio_4h', 'PV_Change_4h', 'OBV_4h', 'Volume_SMA_4h', 'OBV_normalized_4h', 'OBV_norm_minmax_4h', 'OBV_std_4h', 'OBV_norm_std_4h', 'OBV_SMA_10_4h', 'OBV_EMA_10_4h', 'OBV_WMA_10_4h', 'OBV_SMA_20_4h', 'OBV_EMA_20_4h', 'OBV_WMA_20_4h', 'OBV_SMA_50_4h', 'OBV_EMA_50_4h', 'OBV_WMA_50_4h', 'OBV_Trend_short_4h', 'OBV_Trend_medium_4h', 'OBV_Trend_long_4h', 'OBV_Bullish_Div_10_4h', 'OBV_Bearish_Div_10_4h', 'OBV_Bullish_Div_20_4h', 'OBV_Bearish_Div_20_4h', 'OBV_Bullish_Div_50_4h', 'OBV_Bearish_Div_50_4h', 'MFV_4h', 'ADL_4h', 'ADL_norm_4h', 'ADL_SMA5_4h', 'ADL_SMA15_4h', 'ADL_SMA30_4h', 'ADL_Trend_4h', 'Price_Trend_4h', 'ADL_Divergence_4h', 'MFM_4h', 'CMF_20_4h', 'PVT_change_4h', 'PVT_4h', 'PVT_norm_4h', 'PVT_SMA10_4h', 'PVT_SMA30_4h', 'PVT_signal_4h', 'PVT_cross_4h', 'PVT_cross_signal_4h', 'PVT_delta5_4h', 'CCI_5_4h', 'CCI_10_4h', 'CCI_15_4h', 'Volume_Oscillator_4h', 'VWAP_4h', 'VWMA_10_4h', 'VWMA_20_4h', 'Force_Index_1_4h', 'Force_Index_13_4h', 'Typical_Price_4h', 'Raw_Money_Flow_4h', 'Typical_Price_Prev_4h', 'Money_Flow_Positive_4h', 'Money_Flow_Negative_4h', 'MFI_14_4h', 'Vol_Weighted_Up_4h', 'Vol_Weighted_Down_4h', 'Vol_Weighted_Up_Avg_4h', 'Vol_Weighted_Down_Avg_4h', 'Vol_Weighted_RSI_4h', 'VWAP_10_4h', 'InstrumentID_1d', 'Open_1d', 'High_1d', 'Low_1d', 'Close_1d', 'Volume_1d', 'candle_range_1d', 'corps_candle_1d', 'meche_haute_1d', 'meche_basse_1d', 'candle_trend_1d', 'doji_1d', 'doji_strength_1d', 'perfect_doji_1d', 'upper_wick_1d', 'lower_wick_1d', 'ratio_corps_1d', 'doji_invalid_1d', 'bullish_engulfing_1d', 'bearish_engulfing_1d', 'engulfing_strength_1d', 'corps_candle_prev_1d', 'corps_sum_1d', 'Volume_SMA_5_1d', 'Volume_SMA_10_1d', 'Volume_SMA_20_1d', 'Volume_Ratio_SMA5_1d', 'Volume_Ratio_SMA10_1d', 'Volume_Ratio_SMA20_1d', 'Volume_Change_1_1d', 'Volume_Change_5_1d', 'PV_Ratio_1d', 'PV_Change_1d', 'OBV_1d', 'Volume_SMA_1d', 'OBV_normalized_1d', 'OBV_norm_minmax_1d', 'OBV_std_1d', 'OBV_norm_std_1d', 'OBV_SMA_10_1d', 'OBV_EMA_10_1d', 'OBV_WMA_10_1d', 'OBV_SMA_20_1d', 'OBV_EMA_20_1d', 'OBV_WMA_20_1d', 'OBV_SMA_50_1d', 'OBV_EMA_50_1d', 'OBV_WMA_50_1d', 'OBV_Trend_short_1d', 'OBV_Trend_medium_1d', 'OBV_Trend_long_1d', 'OBV_Bullish_Div_10_1d', 'OBV_Bearish_Div_10_1d', 'OBV_Bullish_Div_20_1d', 'OBV_Bearish_Div_20_1d', 'OBV_Bullish_Div_50_1d', 'OBV_Bearish_Div_50_1d', 'MFV_1d', 'ADL_1d', 'ADL_norm_1d', 'ADL_SMA5_1d', 'ADL_SMA15_1d', 'ADL_SMA30_1d', 'ADL_Trend_1d', 'Price_Trend_1d', 'ADL_Divergence_1d', 'MFM_1d', 'CMF_20_1d', 'PVT_change_1d', 'PVT_1d', 'PVT_norm_1d', 'PVT_SMA10_1d', 'PVT_SMA30_1d', 'PVT_signal_1d', 'PVT_cross_1d', 'PVT_cross_signal_1d', 'PVT_delta5_1d', 'CCI_5_1d', 'CCI_10_1d', 'CCI_15_1d', 'Volume_Oscillator_1d', 'VWAP_1d', 'VWMA_10_1d', 'VWMA_20_1d', 'Force_Index_1_1d', 'Force_Index_13_1d', 'Typical_Price_1d', 'Raw_Money_Flow_1d', 'Typical_Price_Prev_1d', 'Money_Flow_Positive_1d', 'Money_Flow_Negative_1d', 'MFI_14_1d', 'Vol_Weighted_Up_1d', 'Vol_Weighted_Down_1d', 'Vol_Weighted_Up_Avg_1d', 'Vol_Weighted_Down_Avg_1d', 'Vol_Weighted_RSI_1d', 'VWAP_10_1d', 'Volume_SMA', 'OBV_std', 'OBV_norm_std', 'OBV_SMA_10', 'OBV_EMA_10', 'OBV_WMA_10', 'OBV_SMA_20', 'OBV_EMA_20', 'OBV_WMA_20', 'OBV_SMA_50', 'OBV_EMA_50', 'OBV_WMA_50', 'OBV_Bullish_Div_10', 'OBV_Bearish_Div_10', 'OBV_Bullish_Div_20', 'OBV_Bearish_Div_20', 'OBV_Bullish_Div_50', 'OBV_Bearish_Div_50', 'SuperTrend_Long', 'SuperTrend_Short', 'ADX', 'Williams_R', 'day_of_year', 'sin_day', 'cos_day', 'sin_hour', 'cos_hour', 'period_of_day', 'hourly_return', 'hourly_volatility', 'volatility_by_period', 'volatility_6h', 'volatility_12h', 'volatility_24h', 'volatility_period_0', 'volatility_period_1', 'volatility_period_2', 'volatility_period_3', 'volatility_morning', 'volatility_afternoon', 'volatility_evening', 'volatility_night', 'log_return_5m', 'log_return_1h', 'momentum_1h', 'log_return_4h', 'momentum_4h', 'log_return_1d', 'momentum_1d', 'momentum_5m']
2025-06-06 20:46:22,072 - prediction_service - INFO - Colonnes numériques sélectionnées: ['Open_1h', 'High_1h', 'Low_1h', 'Close_1h', 'Volume_1h', 'Open_4h', 'High_4h', 'Low_4h', 'Close_4h', 'Volume_4h', 'Open_1d', 'High_1d', 'Low_1d', 'Close_1d', 'Volume_1d', '1h_price_change_pct', '4h_price_change_pct', '1d_price_change_pct', '1h_range', '1h_position', '4h_range', '4h_position', '1d_range', '1d_position', '1h_volume_ratio', '4h_volume_ratio', '1d_volume_ratio', '1h_SMA', '4h_SMA', '1d_SMA', 'close_over_1h_SMA', 'close_over_4h_SMA', 'close_over_1d_SMA', '1h_trend', '4h_trend', '1d_trend', 'bullish_alignment', 'bearish_alignment', 'mixed_trend_signals', '1h_support', '1h_resistance', '1h_sup_res_count', '1h_support_strength', '1h_resistance_strength', '4h_support', '4h_resistance', '4h_sup_res_count', '4h_support_strength', '4h_resistance_strength', '1d_support', '1d_resistance', '1d_sup_res_count', '1d_support_strength', '1d_resistance_strength', '1h_dist_to_support', '1h_dist_to_resistance', '1h_sup_res_position', '1h_at_support', '1h_at_resistance', '1h_breaking_support', '1h_breaking_resistance', '1h_sr_range_width', '4h_dist_to_support', '4h_dist_to_resistance', '4h_sup_res_position', '4h_at_support', '4h_at_resistance', '4h_breaking_support', '4h_breaking_resistance', '4h_sr_range_width', '1d_dist_to_support', '1d_dist_to_resistance', '1d_sup_res_position', '1d_at_support', '1d_at_resistance', '1d_breaking_support', '1d_breaking_resistance', '1d_sr_range_width', 'multi_timeframe_support', 'multi_timeframe_resistance', 'strong_support_zone', 'strong_resistance_zone', 'in_sr_range', 'breaking_sr_range', 'InstrumentID', 'Open_1h', 'High_1h', 'Low_1h', 'Close_1h', 'Volume_1h', 'Volume_SMA', 'OBV_std', 'OBV_norm_std', 'OBV_SMA_10', 'OBV_EMA_10', 'OBV_WMA_10', 'OBV_SMA_20', 'OBV_EMA_20', 'OBV_WMA_20', 'OBV_SMA_50', 'OBV_EMA_50', 'OBV_WMA_50', 'OBV_Bullish_Div_10', 'OBV_Bearish_Div_10', 'OBV_Bullish_Div_20', 'OBV_Bearish_Div_20', 'OBV_Bullish_Div_50', 'OBV_Bearish_Div_50', 'VWAP_10', 'InstrumentID_4h', 'Open_4h', 'High_4h', 'Low_4h', 'Close_4h', 'Volume_4h', 'candle_range_4h', 'corps_candle_4h', 'meche_haute_4h', 'meche_basse_4h', 'candle_trend_4h', 'doji_4h', 'doji_strength_4h', 'perfect_doji_4h', 'upper_wick_4h', 'lower_wick_4h', 'ratio_corps_4h', 'doji_invalid_4h', 'bullish_engulfing_4h', 'bearish_engulfing_4h', 'engulfing_strength_4h', 'corps_candle_prev_4h', 'corps_sum_4h', 'Volume_SMA_5_4h', 'Volume_SMA_10_4h', 'Volume_SMA_20_4h', 'Volume_Ratio_SMA5_4h', 'Volume_Ratio_SMA10_4h', 'Volume_Ratio_SMA20_4h', 'Volume_Change_1_4h', 'Volume_Change_5_4h', 'PV_Ratio_4h', 'PV_Change_4h', 'OBV_4h', 'Volume_SMA_4h', 'OBV_normalized_4h', 'OBV_norm_minmax_4h', 'OBV_std_4h', 'OBV_norm_std_4h', 'OBV_SMA_10_4h', 'OBV_EMA_10_4h', 'OBV_WMA_10_4h', 'OBV_SMA_20_4h', 'OBV_EMA_20_4h', 'OBV_WMA_20_4h', 'OBV_SMA_50_4h', 'OBV_EMA_50_4h', 'OBV_WMA_50_4h', 'OBV_Trend_short_4h', 'OBV_Trend_medium_4h', 'OBV_Trend_long_4h', 'OBV_Bullish_Div_10_4h', 'OBV_Bearish_Div_10_4h', 'OBV_Bullish_Div_20_4h', 'OBV_Bearish_Div_20_4h', 'OBV_Bullish_Div_50_4h', 'OBV_Bearish_Div_50_4h', 'MFV_4h', 'ADL_4h', 'ADL_norm_4h', 'ADL_SMA5_4h', 'ADL_SMA15_4h', 'ADL_SMA30_4h', 'ADL_Trend_4h', 'Price_Trend_4h', 'ADL_Divergence_4h', 'MFM_4h', 'CMF_20_4h', 'PVT_change_4h', 'PVT_4h', 'PVT_norm_4h', 'PVT_SMA10_4h', 'PVT_SMA30_4h', 'PVT_signal_4h', 'PVT_cross_4h', 'PVT_cross_signal_4h', 'PVT_delta5_4h', 'CCI_5_4h', 'CCI_10_4h', 'CCI_15_4h', 'Volume_Oscillator_4h', 'VWAP_4h', 'VWMA_10_4h', 'VWMA_20_4h', 'Force_Index_1_4h', 'Force_Index_13_4h', 'Typical_Price_4h', 'Raw_Money_Flow_4h', 'Typical_Price_Prev_4h', 'Money_Flow_Positive_4h', 'Money_Flow_Negative_4h', 'MFI_14_4h', 'Vol_Weighted_Up_4h', 'Vol_Weighted_Down_4h', 'Vol_Weighted_Up_Avg_4h', 'Vol_Weighted_Down_Avg_4h', 'Vol_Weighted_RSI_4h', 'VWAP_10_4h', 'InstrumentID_1d', 'Open_1d', 'High_1d', 'Low_1d', 'Close_1d', 'Volume_1d', 'candle_range_1d', 'corps_candle_1d', 'meche_haute_1d', 'meche_basse_1d', 'candle_trend_1d', 'doji_1d', 'doji_strength_1d', 'perfect_doji_1d', 'upper_wick_1d', 'lower_wick_1d', 'ratio_corps_1d', 'doji_invalid_1d', 'bullish_engulfing_1d', 'bearish_engulfing_1d', 'engulfing_strength_1d', 'corps_candle_prev_1d', 'corps_sum_1d', 'Volume_SMA_5_1d', 'Volume_SMA_10_1d', 'Volume_SMA_20_1d', 'Volume_Ratio_SMA5_1d', 'Volume_Ratio_SMA10_1d', 'Volume_Ratio_SMA20_1d', 'Volume_Change_1_1d', 'Volume_Change_5_1d', 'PV_Ratio_1d', 'PV_Change_1d', 'OBV_1d', 'Volume_SMA_1d', 'OBV_normalized_1d', 'OBV_norm_minmax_1d', 'OBV_std_1d', 'OBV_norm_std_1d', 'OBV_SMA_10_1d', 'OBV_EMA_10_1d', 'OBV_WMA_10_1d', 'OBV_SMA_20_1d', 'OBV_EMA_20_1d', 'OBV_WMA_20_1d', 'OBV_SMA_50_1d', 'OBV_EMA_50_1d', 'OBV_WMA_50_1d', 'OBV_Trend_short_1d', 'OBV_Trend_medium_1d', 'OBV_Trend_long_1d', 'OBV_Bullish_Div_10_1d', 'OBV_Bearish_Div_10_1d', 'OBV_Bullish_Div_20_1d', 'OBV_Bearish_Div_20_1d', 'OBV_Bullish_Div_50_1d', 'OBV_Bearish_Div_50_1d', 'MFV_1d', 'ADL_1d', 'ADL_norm_1d', 'ADL_SMA5_1d', 'ADL_SMA15_1d', 'ADL_SMA30_1d', 'ADL_Trend_1d', 'Price_Trend_1d', 'ADL_Divergence_1d', 'MFM_1d', 'CMF_20_1d', 'PVT_change_1d', 'PVT_1d', 'PVT_norm_1d', 'PVT_SMA10_1d', 'PVT_SMA30_1d', 'PVT_signal_1d', 'PVT_cross_1d', 'PVT_cross_signal_1d', 'PVT_delta5_1d', 'CCI_5_1d', 'CCI_10_1d', 'CCI_15_1d', 'Volume_Oscillator_1d', 'VWAP_1d', 'VWMA_10_1d', 'VWMA_20_1d', 'Force_Index_1_1d', 'Force_Index_13_1d', 'Typical_Price_1d', 'Raw_Money_Flow_1d', 'Typical_Price_Prev_1d', 'Money_Flow_Positive_1d', 'Money_Flow_Negative_1d', 'MFI_14_1d', 'Vol_Weighted_Up_1d', 'Vol_Weighted_Down_1d', 'Vol_Weighted_Up_Avg_1d', 'Vol_Weighted_Down_Avg_1d', 'Vol_Weighted_RSI_1d', 'VWAP_10_1d', 'Volume_SMA', 'OBV_std', 'OBV_norm_std', 'OBV_SMA_10', 'OBV_EMA_10', 'OBV_WMA_10', 'OBV_SMA_20', 'OBV_EMA_20', 'OBV_WMA_20', 'OBV_SMA_50', 'OBV_EMA_50', 'OBV_WMA_50', 'OBV_Bullish_Div_10', 'OBV_Bearish_Div_10', 'OBV_Bullish_Div_20', 'OBV_Bearish_Div_20', 'OBV_Bullish_Div_50', 'OBV_Bearish_Div_50', 'SuperTrend_Long', 'SuperTrend_Short', 'ADX', 'Williams_R', 'day_of_year', 'sin_day', 'cos_day', 'sin_hour', 'cos_hour', 'period_of_day', 'hourly_return', 'hourly_volatility', 'volatility_by_period', 'volatility_6h', 'volatility_12h', 'volatility_24h', 'volatility_period_0', 'volatility_period_1', 'volatility_period_2', 'volatility_period_3', 'volatility_morning', 'volatility_afternoon', 'volatility_evening', 'volatility_night', 'log_return_5m', 'log_return_1h', 'momentum_1h', 'log_return_4h', 'momentum_4h', 'log_return_1d', 'momentum_1d', 'momentum_5m']
2025-06-06 20:47:54,414 - prediction_service - INFO - Colonnes numériques sélectionnées: ['Open_1h', 'High_1h', 'Low_1h', 'Close_1h', 'Volume_1h', 'Open_4h', 'High_4h', 'Low_4h', 'Close_4h', 'Volume_4h', 'Open_1d', 'High_1d', 'Low_1d', 'Close_1d', 'Volume_1d', '1h_price_change_pct', '4h_price_change_pct', '1d_price_change_pct', '1h_range', '1h_position', '4h_range', '4h_position', '1d_range', '1d_position', '1h_volume_ratio', '4h_volume_ratio', '1d_volume_ratio', '1h_SMA', '4h_SMA', '1d_SMA', 'close_over_1h_SMA', 'close_over_4h_SMA', 'close_over_1d_SMA', '1h_trend', '4h_trend', '1d_trend', 'bullish_alignment', 'bearish_alignment', 'mixed_trend_signals', '1h_support', '1h_resistance', '1h_sup_res_count', '1h_support_strength', '1h_resistance_strength', '4h_support', '4h_resistance', '4h_sup_res_count', '4h_support_strength', '4h_resistance_strength', '1d_support', '1d_resistance', '1d_sup_res_count', '1d_support_strength', '1d_resistance_strength', '1h_dist_to_support', '1h_dist_to_resistance', '1h_sup_res_position', '1h_at_support', '1h_at_resistance', '1h_breaking_support', '1h_breaking_resistance', '1h_sr_range_width', '4h_dist_to_support', '4h_dist_to_resistance', '4h_sup_res_position', '4h_at_support', '4h_at_resistance', '4h_breaking_support', '4h_breaking_resistance', '4h_sr_range_width', '1d_dist_to_support', '1d_dist_to_resistance', '1d_sup_res_position', '1d_at_support', '1d_at_resistance', '1d_breaking_support', '1d_breaking_resistance', '1d_sr_range_width', 'multi_timeframe_support', 'multi_timeframe_resistance', 'strong_support_zone', 'strong_resistance_zone', 'in_sr_range', 'breaking_sr_range', 'InstrumentID', 'Open_1h', 'High_1h', 'Low_1h', 'Close_1h', 'Volume_1h', 'Volume_SMA', 'OBV_std', 'OBV_norm_std', 'OBV_SMA_10', 'OBV_EMA_10', 'OBV_WMA_10', 'OBV_SMA_20', 'OBV_EMA_20', 'OBV_WMA_20', 'OBV_SMA_50', 'OBV_EMA_50', 'OBV_WMA_50', 'OBV_Bullish_Div_10', 'OBV_Bearish_Div_10', 'OBV_Bullish_Div_20', 'OBV_Bearish_Div_20', 'OBV_Bullish_Div_50', 'OBV_Bearish_Div_50', 'VWAP_10', 'InstrumentID_4h', 'Open_4h', 'High_4h', 'Low_4h', 'Close_4h', 'Volume_4h', 'candle_range_4h', 'corps_candle_4h', 'meche_haute_4h', 'meche_basse_4h', 'candle_trend_4h', 'doji_4h', 'doji_strength_4h', 'perfect_doji_4h', 'upper_wick_4h', 'lower_wick_4h', 'ratio_corps_4h', 'doji_invalid_4h', 'bullish_engulfing_4h', 'bearish_engulfing_4h', 'engulfing_strength_4h', 'corps_candle_prev_4h', 'corps_sum_4h', 'Volume_SMA_5_4h', 'Volume_SMA_10_4h', 'Volume_SMA_20_4h', 'Volume_Ratio_SMA5_4h', 'Volume_Ratio_SMA10_4h', 'Volume_Ratio_SMA20_4h', 'Volume_Change_1_4h', 'Volume_Change_5_4h', 'PV_Ratio_4h', 'PV_Change_4h', 'OBV_4h', 'Volume_SMA_4h', 'OBV_normalized_4h', 'OBV_norm_minmax_4h', 'OBV_std_4h', 'OBV_norm_std_4h', 'OBV_SMA_10_4h', 'OBV_EMA_10_4h', 'OBV_WMA_10_4h', 'OBV_SMA_20_4h', 'OBV_EMA_20_4h', 'OBV_WMA_20_4h', 'OBV_SMA_50_4h', 'OBV_EMA_50_4h', 'OBV_WMA_50_4h', 'OBV_Trend_short_4h', 'OBV_Trend_medium_4h', 'OBV_Trend_long_4h', 'OBV_Bullish_Div_10_4h', 'OBV_Bearish_Div_10_4h', 'OBV_Bullish_Div_20_4h', 'OBV_Bearish_Div_20_4h', 'OBV_Bullish_Div_50_4h', 'OBV_Bearish_Div_50_4h', 'MFV_4h', 'ADL_4h', 'ADL_norm_4h', 'ADL_SMA5_4h', 'ADL_SMA15_4h', 'ADL_SMA30_4h', 'ADL_Trend_4h', 'Price_Trend_4h', 'ADL_Divergence_4h', 'MFM_4h', 'CMF_20_4h', 'PVT_change_4h', 'PVT_4h', 'PVT_norm_4h', 'PVT_SMA10_4h', 'PVT_SMA30_4h', 'PVT_signal_4h', 'PVT_cross_4h', 'PVT_cross_signal_4h', 'PVT_delta5_4h', 'CCI_5_4h', 'CCI_10_4h', 'CCI_15_4h', 'Volume_Oscillator_4h', 'VWAP_4h', 'VWMA_10_4h', 'VWMA_20_4h', 'Force_Index_1_4h', 'Force_Index_13_4h', 'Typical_Price_4h', 'Raw_Money_Flow_4h', 'Typical_Price_Prev_4h', 'Money_Flow_Positive_4h', 'Money_Flow_Negative_4h', 'MFI_14_4h', 'Vol_Weighted_Up_4h', 'Vol_Weighted_Down_4h', 'Vol_Weighted_Up_Avg_4h', 'Vol_Weighted_Down_Avg_4h', 'Vol_Weighted_RSI_4h', 'VWAP_10_4h', 'InstrumentID_1d', 'Open_1d', 'High_1d', 'Low_1d', 'Close_1d', 'Volume_1d', 'candle_range_1d', 'corps_candle_1d', 'meche_haute_1d', 'meche_basse_1d', 'candle_trend_1d', 'doji_1d', 'doji_strength_1d', 'perfect_doji_1d', 'upper_wick_1d', 'lower_wick_1d', 'ratio_corps_1d', 'doji_invalid_1d', 'bullish_engulfing_1d', 'bearish_engulfing_1d', 'engulfing_strength_1d', 'corps_candle_prev_1d', 'corps_sum_1d', 'Volume_SMA_5_1d', 'Volume_SMA_10_1d', 'Volume_SMA_20_1d', 'Volume_Ratio_SMA5_1d', 'Volume_Ratio_SMA10_1d', 'Volume_Ratio_SMA20_1d', 'Volume_Change_1_1d', 'Volume_Change_5_1d', 'PV_Ratio_1d', 'PV_Change_1d', 'OBV_1d', 'Volume_SMA_1d', 'OBV_normalized_1d', 'OBV_norm_minmax_1d', 'OBV_std_1d', 'OBV_norm_std_1d', 'OBV_SMA_10_1d', 'OBV_EMA_10_1d', 'OBV_WMA_10_1d', 'OBV_SMA_20_1d', 'OBV_EMA_20_1d', 'OBV_WMA_20_1d', 'OBV_SMA_50_1d', 'OBV_EMA_50_1d', 'OBV_WMA_50_1d', 'OBV_Trend_short_1d', 'OBV_Trend_medium_1d', 'OBV_Trend_long_1d', 'OBV_Bullish_Div_10_1d', 'OBV_Bearish_Div_10_1d', 'OBV_Bullish_Div_20_1d', 'OBV_Bearish_Div_20_1d', 'OBV_Bullish_Div_50_1d', 'OBV_Bearish_Div_50_1d', 'MFV_1d', 'ADL_1d', 'ADL_norm_1d', 'ADL_SMA5_1d', 'ADL_SMA15_1d', 'ADL_SMA30_1d', 'ADL_Trend_1d', 'Price_Trend_1d', 'ADL_Divergence_1d', 'MFM_1d', 'CMF_20_1d', 'PVT_change_1d', 'PVT_1d', 'PVT_norm_1d', 'PVT_SMA10_1d', 'PVT_SMA30_1d', 'PVT_signal_1d', 'PVT_cross_1d', 'PVT_cross_signal_1d', 'PVT_delta5_1d', 'CCI_5_1d', 'CCI_10_1d', 'CCI_15_1d', 'Volume_Oscillator_1d', 'VWAP_1d', 'VWMA_10_1d', 'VWMA_20_1d', 'Force_Index_1_1d', 'Force_Index_13_1d', 'Typical_Price_1d', 'Raw_Money_Flow_1d', 'Typical_Price_Prev_1d', 'Money_Flow_Positive_1d', 'Money_Flow_Negative_1d', 'MFI_14_1d', 'Vol_Weighted_Up_1d', 'Vol_Weighted_Down_1d', 'Vol_Weighted_Up_Avg_1d', 'Vol_Weighted_Down_Avg_1d', 'Vol_Weighted_RSI_1d', 'VWAP_10_1d', 'Volume_SMA', 'OBV_std', 'OBV_norm_std', 'OBV_SMA_10', 'OBV_EMA_10', 'OBV_WMA_10', 'OBV_SMA_20', 'OBV_EMA_20', 'OBV_WMA_20', 'OBV_SMA_50', 'OBV_EMA_50', 'OBV_WMA_50', 'OBV_Bullish_Div_10', 'OBV_Bearish_Div_10', 'OBV_Bullish_Div_20', 'OBV_Bearish_Div_20', 'OBV_Bullish_Div_50', 'OBV_Bearish_Div_50', 'SuperTrend_Long', 'SuperTrend_Short', 'ADX', 'Williams_R', 'day_of_year', 'sin_day', 'cos_day', 'sin_hour', 'cos_hour', 'period_of_day', 'hourly_return', 'hourly_volatility', 'volatility_by_period', 'volatility_6h', 'volatility_12h', 'volatility_24h', 'volatility_period_0', 'volatility_period_1', 'volatility_period_2', 'volatility_period_3', 'volatility_morning', 'volatility_afternoon', 'volatility_evening', 'volatility_night', 'log_return_5m', 'log_return_1h', 'momentum_1h', 'log_return_4h', 'momentum_4h', 'log_return_1d', 'momentum_1d', 'momentum_5m']
2025-06-06 20:49:43,943 - prediction_service - INFO - Colonnes numériques sélectionnées: ['Open_1h', 'High_1h', 'Low_1h', 'Close_1h', 'Volume_1h', 'Open_4h', 'High_4h', 'Low_4h', 'Close_4h', 'Volume_4h', 'Open_1d', 'High_1d', 'Low_1d', 'Close_1d', 'Volume_1d', '1h_price_change_pct', '4h_price_change_pct', '1d_price_change_pct', '1h_range', '1h_position', '4h_range', '4h_position', '1d_range', '1d_position', '1h_volume_ratio', '4h_volume_ratio', '1d_volume_ratio', '1h_SMA', '4h_SMA', '1d_SMA', 'close_over_1h_SMA', 'close_over_4h_SMA', 'close_over_1d_SMA', '1h_trend', '4h_trend', '1d_trend', 'bullish_alignment', 'bearish_alignment', 'mixed_trend_signals', '1h_support', '1h_resistance', '1h_sup_res_count', '1h_support_strength', '1h_resistance_strength', '4h_support', '4h_resistance', '4h_sup_res_count', '4h_support_strength', '4h_resistance_strength', '1d_support', '1d_resistance', '1d_sup_res_count', '1d_support_strength', '1d_resistance_strength', '1h_dist_to_support', '1h_dist_to_resistance', '1h_sup_res_position', '1h_at_support', '1h_at_resistance', '1h_breaking_support', '1h_breaking_resistance', '1h_sr_range_width', '4h_dist_to_support', '4h_dist_to_resistance', '4h_sup_res_position', '4h_at_support', '4h_at_resistance', '4h_breaking_support', '4h_breaking_resistance', '4h_sr_range_width', '1d_dist_to_support', '1d_dist_to_resistance', '1d_sup_res_position', '1d_at_support', '1d_at_resistance', '1d_breaking_support', '1d_breaking_resistance', '1d_sr_range_width', 'multi_timeframe_support', 'multi_timeframe_resistance', 'strong_support_zone', 'strong_resistance_zone', 'in_sr_range', 'breaking_sr_range', 'InstrumentID', 'Open_1h', 'High_1h', 'Low_1h', 'Close_1h', 'Volume_1h', 'Volume_SMA', 'OBV_std', 'OBV_norm_std', 'OBV_SMA_10', 'OBV_EMA_10', 'OBV_WMA_10', 'OBV_SMA_20', 'OBV_EMA_20', 'OBV_WMA_20', 'OBV_SMA_50', 'OBV_EMA_50', 'OBV_WMA_50', 'OBV_Bullish_Div_10', 'OBV_Bearish_Div_10', 'OBV_Bullish_Div_20', 'OBV_Bearish_Div_20', 'OBV_Bullish_Div_50', 'OBV_Bearish_Div_50', 'VWAP_10', 'InstrumentID_4h', 'Open_4h', 'High_4h', 'Low_4h', 'Close_4h', 'Volume_4h', 'candle_range_4h', 'corps_candle_4h', 'meche_haute_4h', 'meche_basse_4h', 'candle_trend_4h', 'doji_4h', 'doji_strength_4h', 'perfect_doji_4h', 'upper_wick_4h', 'lower_wick_4h', 'ratio_corps_4h', 'doji_invalid_4h', 'bullish_engulfing_4h', 'bearish_engulfing_4h', 'engulfing_strength_4h', 'corps_candle_prev_4h', 'corps_sum_4h', 'Volume_SMA_5_4h', 'Volume_SMA_10_4h', 'Volume_SMA_20_4h', 'Volume_Ratio_SMA5_4h', 'Volume_Ratio_SMA10_4h', 'Volume_Ratio_SMA20_4h', 'Volume_Change_1_4h', 'Volume_Change_5_4h', 'PV_Ratio_4h', 'PV_Change_4h', 'OBV_4h', 'Volume_SMA_4h', 'OBV_normalized_4h', 'OBV_norm_minmax_4h', 'OBV_std_4h', 'OBV_norm_std_4h', 'OBV_SMA_10_4h', 'OBV_EMA_10_4h', 'OBV_WMA_10_4h', 'OBV_SMA_20_4h', 'OBV_EMA_20_4h', 'OBV_WMA_20_4h', 'OBV_SMA_50_4h', 'OBV_EMA_50_4h', 'OBV_WMA_50_4h', 'OBV_Trend_short_4h', 'OBV_Trend_medium_4h', 'OBV_Trend_long_4h', 'OBV_Bullish_Div_10_4h', 'OBV_Bearish_Div_10_4h', 'OBV_Bullish_Div_20_4h', 'OBV_Bearish_Div_20_4h', 'OBV_Bullish_Div_50_4h', 'OBV_Bearish_Div_50_4h', 'MFV_4h', 'ADL_4h', 'ADL_norm_4h', 'ADL_SMA5_4h', 'ADL_SMA15_4h', 'ADL_SMA30_4h', 'ADL_Trend_4h', 'Price_Trend_4h', 'ADL_Divergence_4h', 'MFM_4h', 'CMF_20_4h', 'PVT_change_4h', 'PVT_4h', 'PVT_norm_4h', 'PVT_SMA10_4h', 'PVT_SMA30_4h', 'PVT_signal_4h', 'PVT_cross_4h', 'PVT_cross_signal_4h', 'PVT_delta5_4h', 'CCI_5_4h', 'CCI_10_4h', 'CCI_15_4h', 'Volume_Oscillator_4h', 'VWAP_4h', 'VWMA_10_4h', 'VWMA_20_4h', 'Force_Index_1_4h', 'Force_Index_13_4h', 'Typical_Price_4h', 'Raw_Money_Flow_4h', 'Typical_Price_Prev_4h', 'Money_Flow_Positive_4h', 'Money_Flow_Negative_4h', 'MFI_14_4h', 'Vol_Weighted_Up_4h', 'Vol_Weighted_Down_4h', 'Vol_Weighted_Up_Avg_4h', 'Vol_Weighted_Down_Avg_4h', 'Vol_Weighted_RSI_4h', 'VWAP_10_4h', 'InstrumentID_1d', 'Open_1d', 'High_1d', 'Low_1d', 'Close_1d', 'Volume_1d', 'candle_range_1d', 'corps_candle_1d', 'meche_haute_1d', 'meche_basse_1d', 'candle_trend_1d', 'doji_1d', 'doji_strength_1d', 'perfect_doji_1d', 'upper_wick_1d', 'lower_wick_1d', 'ratio_corps_1d', 'doji_invalid_1d', 'bullish_engulfing_1d', 'bearish_engulfing_1d', 'engulfing_strength_1d', 'corps_candle_prev_1d', 'corps_sum_1d', 'Volume_SMA_5_1d', 'Volume_SMA_10_1d', 'Volume_SMA_20_1d', 'Volume_Ratio_SMA5_1d', 'Volume_Ratio_SMA10_1d', 'Volume_Ratio_SMA20_1d', 'Volume_Change_1_1d', 'Volume_Change_5_1d', 'PV_Ratio_1d', 'PV_Change_1d', 'OBV_1d', 'Volume_SMA_1d', 'OBV_normalized_1d', 'OBV_norm_minmax_1d', 'OBV_std_1d', 'OBV_norm_std_1d', 'OBV_SMA_10_1d', 'OBV_EMA_10_1d', 'OBV_WMA_10_1d', 'OBV_SMA_20_1d', 'OBV_EMA_20_1d', 'OBV_WMA_20_1d', 'OBV_SMA_50_1d', 'OBV_EMA_50_1d', 'OBV_WMA_50_1d', 'OBV_Trend_short_1d', 'OBV_Trend_medium_1d', 'OBV_Trend_long_1d', 'OBV_Bullish_Div_10_1d', 'OBV_Bearish_Div_10_1d', 'OBV_Bullish_Div_20_1d', 'OBV_Bearish_Div_20_1d', 'OBV_Bullish_Div_50_1d', 'OBV_Bearish_Div_50_1d', 'MFV_1d', 'ADL_1d', 'ADL_norm_1d', 'ADL_SMA5_1d', 'ADL_SMA15_1d', 'ADL_SMA30_1d', 'ADL_Trend_1d', 'Price_Trend_1d', 'ADL_Divergence_1d', 'MFM_1d', 'CMF_20_1d', 'PVT_change_1d', 'PVT_1d', 'PVT_norm_1d', 'PVT_SMA10_1d', 'PVT_SMA30_1d', 'PVT_signal_1d', 'PVT_cross_1d', 'PVT_cross_signal_1d', 'PVT_delta5_1d', 'CCI_5_1d', 'CCI_10_1d', 'CCI_15_1d', 'Volume_Oscillator_1d', 'VWAP_1d', 'VWMA_10_1d', 'VWMA_20_1d', 'Force_Index_1_1d', 'Force_Index_13_1d', 'Typical_Price_1d', 'Raw_Money_Flow_1d', 'Typical_Price_Prev_1d', 'Money_Flow_Positive_1d', 'Money_Flow_Negative_1d', 'MFI_14_1d', 'Vol_Weighted_Up_1d', 'Vol_Weighted_Down_1d', 'Vol_Weighted_Up_Avg_1d', 'Vol_Weighted_Down_Avg_1d', 'Vol_Weighted_RSI_1d', 'VWAP_10_1d', 'Volume_SMA', 'OBV_std', 'OBV_norm_std', 'OBV_SMA_10', 'OBV_EMA_10', 'OBV_WMA_10', 'OBV_SMA_20', 'OBV_EMA_20', 'OBV_WMA_20', 'OBV_SMA_50', 'OBV_EMA_50', 'OBV_WMA_50', 'OBV_Bullish_Div_10', 'OBV_Bearish_Div_10', 'OBV_Bullish_Div_20', 'OBV_Bearish_Div_20', 'OBV_Bullish_Div_50', 'OBV_Bearish_Div_50', 'SuperTrend_Long', 'SuperTrend_Short', 'ADX', 'Williams_R', 'day_of_year', 'sin_day', 'cos_day', 'sin_hour', 'cos_hour', 'period_of_day', 'hourly_return', 'hourly_volatility', 'volatility_by_period', 'volatility_6h', 'volatility_12h', 'volatility_24h', 'volatility_period_0', 'volatility_period_1', 'volatility_period_2', 'volatility_period_3', 'volatility_morning', 'volatility_afternoon', 'volatility_evening', 'volatility_night', 'log_return_5m', 'log_return_1h', 'momentum_1h', 'log_return_4h', 'momentum_4h', 'log_return_1d', 'momentum_1d', 'momentum_5m']
2025-06-06 20:51:06,996 - prediction_service - INFO - Colonnes numériques sélectionnées: ['Open_1h', 'High_1h', 'Low_1h', 'Close_1h', 'Volume_1h', 'Open_4h', 'High_4h', 'Low_4h', 'Close_4h', 'Volume_4h', 'Open_1d', 'High_1d', 'Low_1d', 'Close_1d', 'Volume_1d', '1h_price_change_pct', '4h_price_change_pct', '1d_price_change_pct', '1h_range', '1h_position', '4h_range', '4h_position', '1d_range', '1d_position', '1h_volume_ratio', '4h_volume_ratio', '1d_volume_ratio', '1h_SMA', '4h_SMA', '1d_SMA', 'close_over_1h_SMA', 'close_over_4h_SMA', 'close_over_1d_SMA', '1h_trend', '4h_trend', '1d_trend', 'bullish_alignment', 'bearish_alignment', 'mixed_trend_signals', '1h_support', '1h_resistance', '1h_sup_res_count', '1h_support_strength', '1h_resistance_strength', '4h_support', '4h_resistance', '4h_sup_res_count', '4h_support_strength', '4h_resistance_strength', '1d_support', '1d_resistance', '1d_sup_res_count', '1d_support_strength', '1d_resistance_strength', '1h_dist_to_support', '1h_dist_to_resistance', '1h_sup_res_position', '1h_at_support', '1h_at_resistance', '1h_breaking_support', '1h_breaking_resistance', '1h_sr_range_width', '4h_dist_to_support', '4h_dist_to_resistance', '4h_sup_res_position', '4h_at_support', '4h_at_resistance', '4h_breaking_support', '4h_breaking_resistance', '4h_sr_range_width', '1d_dist_to_support', '1d_dist_to_resistance', '1d_sup_res_position', '1d_at_support', '1d_at_resistance', '1d_breaking_support', '1d_breaking_resistance', '1d_sr_range_width', 'multi_timeframe_support', 'multi_timeframe_resistance', 'strong_support_zone', 'strong_resistance_zone', 'in_sr_range', 'breaking_sr_range', 'InstrumentID', 'Open_1h', 'High_1h', 'Low_1h', 'Close_1h', 'Volume_1h', 'Volume_SMA', 'OBV_std', 'OBV_norm_std', 'OBV_SMA_10', 'OBV_EMA_10', 'OBV_WMA_10', 'OBV_SMA_20', 'OBV_EMA_20', 'OBV_WMA_20', 'OBV_SMA_50', 'OBV_EMA_50', 'OBV_WMA_50', 'OBV_Bullish_Div_10', 'OBV_Bearish_Div_10', 'OBV_Bullish_Div_20', 'OBV_Bearish_Div_20', 'OBV_Bullish_Div_50', 'OBV_Bearish_Div_50', 'VWAP_10', 'InstrumentID_4h', 'Open_4h', 'High_4h', 'Low_4h', 'Close_4h', 'Volume_4h', 'candle_range_4h', 'corps_candle_4h', 'meche_haute_4h', 'meche_basse_4h', 'candle_trend_4h', 'doji_4h', 'doji_strength_4h', 'perfect_doji_4h', 'upper_wick_4h', 'lower_wick_4h', 'ratio_corps_4h', 'doji_invalid_4h', 'bullish_engulfing_4h', 'bearish_engulfing_4h', 'engulfing_strength_4h', 'corps_candle_prev_4h', 'corps_sum_4h', 'Volume_SMA_5_4h', 'Volume_SMA_10_4h', 'Volume_SMA_20_4h', 'Volume_Ratio_SMA5_4h', 'Volume_Ratio_SMA10_4h', 'Volume_Ratio_SMA20_4h', 'Volume_Change_1_4h', 'Volume_Change_5_4h', 'PV_Ratio_4h', 'PV_Change_4h', 'OBV_4h', 'Volume_SMA_4h', 'OBV_normalized_4h', 'OBV_norm_minmax_4h', 'OBV_std_4h', 'OBV_norm_std_4h', 'OBV_SMA_10_4h', 'OBV_EMA_10_4h', 'OBV_WMA_10_4h', 'OBV_SMA_20_4h', 'OBV_EMA_20_4h', 'OBV_WMA_20_4h', 'OBV_SMA_50_4h', 'OBV_EMA_50_4h', 'OBV_WMA_50_4h', 'OBV_Trend_short_4h', 'OBV_Trend_medium_4h', 'OBV_Trend_long_4h', 'OBV_Bullish_Div_10_4h', 'OBV_Bearish_Div_10_4h', 'OBV_Bullish_Div_20_4h', 'OBV_Bearish_Div_20_4h', 'OBV_Bullish_Div_50_4h', 'OBV_Bearish_Div_50_4h', 'MFV_4h', 'ADL_4h', 'ADL_norm_4h', 'ADL_SMA5_4h', 'ADL_SMA15_4h', 'ADL_SMA30_4h', 'ADL_Trend_4h', 'Price_Trend_4h', 'ADL_Divergence_4h', 'MFM_4h', 'CMF_20_4h', 'PVT_change_4h', 'PVT_4h', 'PVT_norm_4h', 'PVT_SMA10_4h', 'PVT_SMA30_4h', 'PVT_signal_4h', 'PVT_cross_4h', 'PVT_cross_signal_4h', 'PVT_delta5_4h', 'CCI_5_4h', 'CCI_10_4h', 'CCI_15_4h', 'Volume_Oscillator_4h', 'VWAP_4h', 'VWMA_10_4h', 'VWMA_20_4h', 'Force_Index_1_4h', 'Force_Index_13_4h', 'Typical_Price_4h', 'Raw_Money_Flow_4h', 'Typical_Price_Prev_4h', 'Money_Flow_Positive_4h', 'Money_Flow_Negative_4h', 'MFI_14_4h', 'Vol_Weighted_Up_4h', 'Vol_Weighted_Down_4h', 'Vol_Weighted_Up_Avg_4h', 'Vol_Weighted_Down_Avg_4h', 'Vol_Weighted_RSI_4h', 'VWAP_10_4h', 'InstrumentID_1d', 'Open_1d', 'High_1d', 'Low_1d', 'Close_1d', 'Volume_1d', 'candle_range_1d', 'corps_candle_1d', 'meche_haute_1d', 'meche_basse_1d', 'candle_trend_1d', 'doji_1d', 'doji_strength_1d', 'perfect_doji_1d', 'upper_wick_1d', 'lower_wick_1d', 'ratio_corps_1d', 'doji_invalid_1d', 'bullish_engulfing_1d', 'bearish_engulfing_1d', 'engulfing_strength_1d', 'corps_candle_prev_1d', 'corps_sum_1d', 'Volume_SMA_5_1d', 'Volume_SMA_10_1d', 'Volume_SMA_20_1d', 'Volume_Ratio_SMA5_1d', 'Volume_Ratio_SMA10_1d', 'Volume_Ratio_SMA20_1d', 'Volume_Change_1_1d', 'Volume_Change_5_1d', 'PV_Ratio_1d', 'PV_Change_1d', 'OBV_1d', 'Volume_SMA_1d', 'OBV_normalized_1d', 'OBV_norm_minmax_1d', 'OBV_std_1d', 'OBV_norm_std_1d', 'OBV_SMA_10_1d', 'OBV_EMA_10_1d', 'OBV_WMA_10_1d', 'OBV_SMA_20_1d', 'OBV_EMA_20_1d', 'OBV_WMA_20_1d', 'OBV_SMA_50_1d', 'OBV_EMA_50_1d', 'OBV_WMA_50_1d', 'OBV_Trend_short_1d', 'OBV_Trend_medium_1d', 'OBV_Trend_long_1d', 'OBV_Bullish_Div_10_1d', 'OBV_Bearish_Div_10_1d', 'OBV_Bullish_Div_20_1d', 'OBV_Bearish_Div_20_1d', 'OBV_Bullish_Div_50_1d', 'OBV_Bearish_Div_50_1d', 'MFV_1d', 'ADL_1d', 'ADL_norm_1d', 'ADL_SMA5_1d', 'ADL_SMA15_1d', 'ADL_SMA30_1d', 'ADL_Trend_1d', 'Price_Trend_1d', 'ADL_Divergence_1d', 'MFM_1d', 'CMF_20_1d', 'PVT_change_1d', 'PVT_1d', 'PVT_norm_1d', 'PVT_SMA10_1d', 'PVT_SMA30_1d', 'PVT_signal_1d', 'PVT_cross_1d', 'PVT_cross_signal_1d', 'PVT_delta5_1d', 'CCI_5_1d', 'CCI_10_1d', 'CCI_15_1d', 'Volume_Oscillator_1d', 'VWAP_1d', 'VWMA_10_1d', 'VWMA_20_1d', 'Force_Index_1_1d', 'Force_Index_13_1d', 'Typical_Price_1d', 'Raw_Money_Flow_1d', 'Typical_Price_Prev_1d', 'Money_Flow_Positive_1d', 'Money_Flow_Negative_1d', 'MFI_14_1d', 'Vol_Weighted_Up_1d', 'Vol_Weighted_Down_1d', 'Vol_Weighted_Up_Avg_1d', 'Vol_Weighted_Down_Avg_1d', 'Vol_Weighted_RSI_1d', 'VWAP_10_1d', 'Volume_SMA', 'OBV_std', 'OBV_norm_std', 'OBV_SMA_10', 'OBV_EMA_10', 'OBV_WMA_10', 'OBV_SMA_20', 'OBV_EMA_20', 'OBV_WMA_20', 'OBV_SMA_50', 'OBV_EMA_50', 'OBV_WMA_50', 'OBV_Bullish_Div_10', 'OBV_Bearish_Div_10', 'OBV_Bullish_Div_20', 'OBV_Bearish_Div_20', 'OBV_Bullish_Div_50', 'OBV_Bearish_Div_50', 'SuperTrend_Long', 'SuperTrend_Short', 'ADX', 'Williams_R', 'day_of_year', 'sin_day', 'cos_day', 'sin_hour', 'cos_hour', 'period_of_day', 'hourly_return', 'hourly_volatility', 'volatility_by_period', 'volatility_6h', 'volatility_12h', 'volatility_24h', 'volatility_period_0', 'volatility_period_1', 'volatility_period_2', 'volatility_period_3', 'volatility_morning', 'volatility_afternoon', 'volatility_evening', 'volatility_night', 'log_return_5m', 'log_return_1h', 'momentum_1h', 'log_return_4h', 'momentum_4h', 'log_return_1d', 'momentum_1d', 'momentum_5m']
2025-06-06 20:54:16,664 - prediction_service - INFO - Colonnes numériques sélectionnées: ['High', 'Open_1h', 'High_1h', 'Low_1h', 'Close_1h', 'Volume_1h', 'Open_4h', 'High_4h', 'Low_4h', 'Close_4h', 'Volume_4h', 'Open_1d', 'High_1d', 'Low_1d', 'Close_1d', 'Volume_1d', '1h_price_change_pct', '4h_price_change_pct', '1d_price_change_pct', '1h_range', '1h_position', '4h_range', '4h_position', '1d_range', '1d_position', '1h_volume_ratio', '4h_volume_ratio', '1d_volume_ratio', '1h_SMA', '4h_SMA', '1d_SMA', 'close_over_1h_SMA', 'close_over_4h_SMA', 'close_over_1d_SMA', '1h_trend', '4h_trend', '1d_trend', 'bullish_alignment', 'bearish_alignment', 'mixed_trend_signals', '1h_support', '1h_resistance', '1h_sup_res_count', '1h_support_strength', '1h_resistance_strength', '4h_support', '4h_resistance', '4h_sup_res_count', '4h_support_strength', '4h_resistance_strength', '1d_support', '1d_resistance', '1d_sup_res_count', '1d_support_strength', '1d_resistance_strength', '1h_dist_to_support', '1h_dist_to_resistance', '1h_sup_res_position', '1h_at_support', '1h_at_resistance', '1h_breaking_support', '1h_breaking_resistance', '1h_sr_range_width', '4h_dist_to_support', '4h_dist_to_resistance', '4h_sup_res_position', '4h_at_support', '4h_at_resistance', '4h_breaking_support', '4h_breaking_resistance', '4h_sr_range_width', '1d_dist_to_support', '1d_dist_to_resistance', '1d_sup_res_position', '1d_at_support', '1d_at_resistance', '1d_breaking_support', '1d_breaking_resistance', '1d_sr_range_width', 'multi_timeframe_support', 'multi_timeframe_resistance', 'strong_support_zone', 'strong_resistance_zone', 'in_sr_range', 'breaking_sr_range', 'InstrumentID', 'Open_1h', 'High_1h', 'Low_1h', 'Close_1h', 'Volume_1h', 'Volume_SMA', 'OBV_std', 'OBV_norm_std', 'OBV_SMA_10', 'OBV_EMA_10', 'OBV_WMA_10', 'OBV_SMA_20', 'OBV_EMA_20', 'OBV_WMA_20', 'OBV_SMA_50', 'OBV_EMA_50', 'OBV_WMA_50', 'OBV_Bullish_Div_10', 'OBV_Bearish_Div_10', 'OBV_Bullish_Div_20', 'OBV_Bearish_Div_20', 'OBV_Bullish_Div_50', 'OBV_Bearish_Div_50', 'VWAP_10', 'InstrumentID_4h', 'Open_4h', 'High_4h', 'Low_4h', 'Close_4h', 'Volume_4h', 'candle_range_4h', 'corps_candle_4h', 'meche_haute_4h', 'meche_basse_4h', 'candle_trend_4h', 'doji_4h', 'doji_strength_4h', 'perfect_doji_4h', 'upper_wick_4h', 'lower_wick_4h', 'ratio_corps_4h', 'doji_invalid_4h', 'bullish_engulfing_4h', 'bearish_engulfing_4h', 'engulfing_strength_4h', 'corps_candle_prev_4h', 'corps_sum_4h', 'Volume_SMA_5_4h', 'Volume_SMA_10_4h', 'Volume_SMA_20_4h', 'Volume_Ratio_SMA5_4h', 'Volume_Ratio_SMA10_4h', 'Volume_Ratio_SMA20_4h', 'Volume_Change_1_4h', 'Volume_Change_5_4h', 'PV_Ratio_4h', 'PV_Change_4h', 'OBV_4h', 'Volume_SMA_4h', 'OBV_normalized_4h', 'OBV_norm_minmax_4h', 'OBV_std_4h', 'OBV_norm_std_4h', 'OBV_SMA_10_4h', 'OBV_EMA_10_4h', 'OBV_WMA_10_4h', 'OBV_SMA_20_4h', 'OBV_EMA_20_4h', 'OBV_WMA_20_4h', 'OBV_SMA_50_4h', 'OBV_EMA_50_4h', 'OBV_WMA_50_4h', 'OBV_Trend_short_4h', 'OBV_Trend_medium_4h', 'OBV_Trend_long_4h', 'OBV_Bullish_Div_10_4h', 'OBV_Bearish_Div_10_4h', 'OBV_Bullish_Div_20_4h', 'OBV_Bearish_Div_20_4h', 'OBV_Bullish_Div_50_4h', 'OBV_Bearish_Div_50_4h', 'MFV_4h', 'ADL_4h', 'ADL_norm_4h', 'ADL_SMA5_4h', 'ADL_SMA15_4h', 'ADL_SMA30_4h', 'ADL_Trend_4h', 'Price_Trend_4h', 'ADL_Divergence_4h', 'MFM_4h', 'CMF_20_4h', 'PVT_change_4h', 'PVT_4h', 'PVT_norm_4h', 'PVT_SMA10_4h', 'PVT_SMA30_4h', 'PVT_signal_4h', 'PVT_cross_4h', 'PVT_cross_signal_4h', 'PVT_delta5_4h', 'CCI_5_4h', 'CCI_10_4h', 'CCI_15_4h', 'Volume_Oscillator_4h', 'VWAP_4h', 'VWMA_10_4h', 'VWMA_20_4h', 'Force_Index_1_4h', 'Force_Index_13_4h', 'Typical_Price_4h', 'Raw_Money_Flow_4h', 'Typical_Price_Prev_4h', 'Money_Flow_Positive_4h', 'Money_Flow_Negative_4h', 'MFI_14_4h', 'Vol_Weighted_Up_4h', 'Vol_Weighted_Down_4h', 'Vol_Weighted_Up_Avg_4h', 'Vol_Weighted_Down_Avg_4h', 'Vol_Weighted_RSI_4h', 'VWAP_10_4h', 'InstrumentID_1d', 'Open_1d', 'High_1d', 'Low_1d', 'Close_1d', 'Volume_1d', 'candle_range_1d', 'corps_candle_1d', 'meche_haute_1d', 'meche_basse_1d', 'candle_trend_1d', 'doji_1d', 'doji_strength_1d', 'perfect_doji_1d', 'upper_wick_1d', 'lower_wick_1d', 'ratio_corps_1d', 'doji_invalid_1d', 'bullish_engulfing_1d', 'bearish_engulfing_1d', 'engulfing_strength_1d', 'corps_candle_prev_1d', 'corps_sum_1d', 'Volume_SMA_5_1d', 'Volume_SMA_10_1d', 'Volume_SMA_20_1d', 'Volume_Ratio_SMA5_1d', 'Volume_Ratio_SMA10_1d', 'Volume_Ratio_SMA20_1d', 'Volume_Change_1_1d', 'Volume_Change_5_1d', 'PV_Ratio_1d', 'PV_Change_1d', 'OBV_1d', 'Volume_SMA_1d', 'OBV_normalized_1d', 'OBV_norm_minmax_1d', 'OBV_std_1d', 'OBV_norm_std_1d', 'OBV_SMA_10_1d', 'OBV_EMA_10_1d', 'OBV_WMA_10_1d', 'OBV_SMA_20_1d', 'OBV_EMA_20_1d', 'OBV_WMA_20_1d', 'OBV_SMA_50_1d', 'OBV_EMA_50_1d', 'OBV_WMA_50_1d', 'OBV_Trend_short_1d', 'OBV_Trend_medium_1d', 'OBV_Trend_long_1d', 'OBV_Bullish_Div_10_1d', 'OBV_Bearish_Div_10_1d', 'OBV_Bullish_Div_20_1d', 'OBV_Bearish_Div_20_1d', 'OBV_Bullish_Div_50_1d', 'OBV_Bearish_Div_50_1d', 'MFV_1d', 'ADL_1d', 'ADL_norm_1d', 'ADL_SMA5_1d', 'ADL_SMA15_1d', 'ADL_SMA30_1d', 'ADL_Trend_1d', 'Price_Trend_1d', 'ADL_Divergence_1d', 'MFM_1d', 'CMF_20_1d', 'PVT_change_1d', 'PVT_1d', 'PVT_norm_1d', 'PVT_SMA10_1d', 'PVT_SMA30_1d', 'PVT_signal_1d', 'PVT_cross_1d', 'PVT_cross_signal_1d', 'PVT_delta5_1d', 'CCI_5_1d', 'CCI_10_1d', 'CCI_15_1d', 'Volume_Oscillator_1d', 'VWAP_1d', 'VWMA_10_1d', 'VWMA_20_1d', 'Force_Index_1_1d', 'Force_Index_13_1d', 'Typical_Price_1d', 'Raw_Money_Flow_1d', 'Typical_Price_Prev_1d', 'Money_Flow_Positive_1d', 'Money_Flow_Negative_1d', 'MFI_14_1d', 'Vol_Weighted_Up_1d', 'Vol_Weighted_Down_1d', 'Vol_Weighted_Up_Avg_1d', 'Vol_Weighted_Down_Avg_1d', 'Vol_Weighted_RSI_1d', 'VWAP_10_1d', 'Volume_SMA', 'OBV_std', 'OBV_norm_std', 'OBV_SMA_10', 'OBV_EMA_10', 'OBV_WMA_10', 'OBV_SMA_20', 'OBV_EMA_20', 'OBV_WMA_20', 'OBV_SMA_50', 'OBV_EMA_50', 'OBV_WMA_50', 'OBV_Bullish_Div_10', 'OBV_Bearish_Div_10', 'OBV_Bullish_Div_20', 'OBV_Bearish_Div_20', 'OBV_Bullish_Div_50', 'OBV_Bearish_Div_50', 'SuperTrend_Long', 'SuperTrend_Short', 'ADX', 'Williams_R', 'day_of_year', 'sin_day', 'cos_day', 'sin_hour', 'cos_hour', 'period_of_day', 'hourly_return', 'hourly_volatility', 'volatility_by_period', 'volatility_6h', 'volatility_12h', 'volatility_24h', 'volatility_period_0', 'volatility_period_1', 'volatility_period_2', 'volatility_period_3', 'volatility_morning', 'volatility_afternoon', 'volatility_evening', 'volatility_night', 'log_return_5m', 'log_return_1h', 'momentum_1h', 'log_return_4h', 'momentum_4h', 'log_return_1d', 'momentum_1d', 'momentum_5m']
2025-06-06 20:54:45,104 - prediction_service - INFO - Colonnes numériques sélectionnées: ['High', 'Low', 'Open_1h', 'High_1h', 'Low_1h', 'Close_1h', 'Volume_1h', 'Open_4h', 'High_4h', 'Low_4h', 'Close_4h', 'Volume_4h', 'Open_1d', 'High_1d', 'Low_1d', 'Close_1d', 'Volume_1d', '1h_price_change_pct', '4h_price_change_pct', '1d_price_change_pct', '1h_range', '1h_position', '4h_range', '4h_position', '1d_range', '1d_position', '1h_volume_ratio', '4h_volume_ratio', '1d_volume_ratio', '1h_SMA', '4h_SMA', '1d_SMA', 'close_over_1h_SMA', 'close_over_4h_SMA', 'close_over_1d_SMA', '1h_trend', '4h_trend', '1d_trend', 'bullish_alignment', 'bearish_alignment', 'mixed_trend_signals', '1h_support', '1h_resistance', '1h_sup_res_count', '1h_support_strength', '1h_resistance_strength', '4h_support', '4h_resistance', '4h_sup_res_count', '4h_support_strength', '4h_resistance_strength', '1d_support', '1d_resistance', '1d_sup_res_count', '1d_support_strength', '1d_resistance_strength', '1h_dist_to_support', '1h_dist_to_resistance', '1h_sup_res_position', '1h_at_support', '1h_at_resistance', '1h_breaking_support', '1h_breaking_resistance', '1h_sr_range_width', '4h_dist_to_support', '4h_dist_to_resistance', '4h_sup_res_position', '4h_at_support', '4h_at_resistance', '4h_breaking_support', '4h_breaking_resistance', '4h_sr_range_width', '1d_dist_to_support', '1d_dist_to_resistance', '1d_sup_res_position', '1d_at_support', '1d_at_resistance', '1d_breaking_support', '1d_breaking_resistance', '1d_sr_range_width', 'multi_timeframe_support', 'multi_timeframe_resistance', 'strong_support_zone', 'strong_resistance_zone', 'in_sr_range', 'breaking_sr_range', 'InstrumentID', 'Open_1h', 'High_1h', 'Low_1h', 'Close_1h', 'Volume_1h', 'Volume_SMA', 'OBV_std', 'OBV_norm_std', 'OBV_SMA_10', 'OBV_EMA_10', 'OBV_WMA_10', 'OBV_SMA_20', 'OBV_EMA_20', 'OBV_WMA_20', 'OBV_SMA_50', 'OBV_EMA_50', 'OBV_WMA_50', 'OBV_Bullish_Div_10', 'OBV_Bearish_Div_10', 'OBV_Bullish_Div_20', 'OBV_Bearish_Div_20', 'OBV_Bullish_Div_50', 'OBV_Bearish_Div_50', 'VWAP_10', 'InstrumentID_4h', 'Open_4h', 'High_4h', 'Low_4h', 'Close_4h', 'Volume_4h', 'candle_range_4h', 'corps_candle_4h', 'meche_haute_4h', 'meche_basse_4h', 'candle_trend_4h', 'doji_4h', 'doji_strength_4h', 'perfect_doji_4h', 'upper_wick_4h', 'lower_wick_4h', 'ratio_corps_4h', 'doji_invalid_4h', 'bullish_engulfing_4h', 'bearish_engulfing_4h', 'engulfing_strength_4h', 'corps_candle_prev_4h', 'corps_sum_4h', 'Volume_SMA_5_4h', 'Volume_SMA_10_4h', 'Volume_SMA_20_4h', 'Volume_Ratio_SMA5_4h', 'Volume_Ratio_SMA10_4h', 'Volume_Ratio_SMA20_4h', 'Volume_Change_1_4h', 'Volume_Change_5_4h', 'PV_Ratio_4h', 'PV_Change_4h', 'OBV_4h', 'Volume_SMA_4h', 'OBV_normalized_4h', 'OBV_norm_minmax_4h', 'OBV_std_4h', 'OBV_norm_std_4h', 'OBV_SMA_10_4h', 'OBV_EMA_10_4h', 'OBV_WMA_10_4h', 'OBV_SMA_20_4h', 'OBV_EMA_20_4h', 'OBV_WMA_20_4h', 'OBV_SMA_50_4h', 'OBV_EMA_50_4h', 'OBV_WMA_50_4h', 'OBV_Trend_short_4h', 'OBV_Trend_medium_4h', 'OBV_Trend_long_4h', 'OBV_Bullish_Div_10_4h', 'OBV_Bearish_Div_10_4h', 'OBV_Bullish_Div_20_4h', 'OBV_Bearish_Div_20_4h', 'OBV_Bullish_Div_50_4h', 'OBV_Bearish_Div_50_4h', 'MFV_4h', 'ADL_4h', 'ADL_norm_4h', 'ADL_SMA5_4h', 'ADL_SMA15_4h', 'ADL_SMA30_4h', 'ADL_Trend_4h', 'Price_Trend_4h', 'ADL_Divergence_4h', 'MFM_4h', 'CMF_20_4h', 'PVT_change_4h', 'PVT_4h', 'PVT_norm_4h', 'PVT_SMA10_4h', 'PVT_SMA30_4h', 'PVT_signal_4h', 'PVT_cross_4h', 'PVT_cross_signal_4h', 'PVT_delta5_4h', 'CCI_5_4h', 'CCI_10_4h', 'CCI_15_4h', 'Volume_Oscillator_4h', 'VWAP_4h', 'VWMA_10_4h', 'VWMA_20_4h', 'Force_Index_1_4h', 'Force_Index_13_4h', 'Typical_Price_4h', 'Raw_Money_Flow_4h', 'Typical_Price_Prev_4h', 'Money_Flow_Positive_4h', 'Money_Flow_Negative_4h', 'MFI_14_4h', 'Vol_Weighted_Up_4h', 'Vol_Weighted_Down_4h', 'Vol_Weighted_Up_Avg_4h', 'Vol_Weighted_Down_Avg_4h', 'Vol_Weighted_RSI_4h', 'VWAP_10_4h', 'InstrumentID_1d', 'Open_1d', 'High_1d', 'Low_1d', 'Close_1d', 'Volume_1d', 'candle_range_1d', 'corps_candle_1d', 'meche_haute_1d', 'meche_basse_1d', 'candle_trend_1d', 'doji_1d', 'doji_strength_1d', 'perfect_doji_1d', 'upper_wick_1d', 'lower_wick_1d', 'ratio_corps_1d', 'doji_invalid_1d', 'bullish_engulfing_1d', 'bearish_engulfing_1d', 'engulfing_strength_1d', 'corps_candle_prev_1d', 'corps_sum_1d', 'Volume_SMA_5_1d', 'Volume_SMA_10_1d', 'Volume_SMA_20_1d', 'Volume_Ratio_SMA5_1d', 'Volume_Ratio_SMA10_1d', 'Volume_Ratio_SMA20_1d', 'Volume_Change_1_1d', 'Volume_Change_5_1d', 'PV_Ratio_1d', 'PV_Change_1d', 'OBV_1d', 'Volume_SMA_1d', 'OBV_normalized_1d', 'OBV_norm_minmax_1d', 'OBV_std_1d', 'OBV_norm_std_1d', 'OBV_SMA_10_1d', 'OBV_EMA_10_1d', 'OBV_WMA_10_1d', 'OBV_SMA_20_1d', 'OBV_EMA_20_1d', 'OBV_WMA_20_1d', 'OBV_SMA_50_1d', 'OBV_EMA_50_1d', 'OBV_WMA_50_1d', 'OBV_Trend_short_1d', 'OBV_Trend_medium_1d', 'OBV_Trend_long_1d', 'OBV_Bullish_Div_10_1d', 'OBV_Bearish_Div_10_1d', 'OBV_Bullish_Div_20_1d', 'OBV_Bearish_Div_20_1d', 'OBV_Bullish_Div_50_1d', 'OBV_Bearish_Div_50_1d', 'MFV_1d', 'ADL_1d', 'ADL_norm_1d', 'ADL_SMA5_1d', 'ADL_SMA15_1d', 'ADL_SMA30_1d', 'ADL_Trend_1d', 'Price_Trend_1d', 'ADL_Divergence_1d', 'MFM_1d', 'CMF_20_1d', 'PVT_change_1d', 'PVT_1d', 'PVT_norm_1d', 'PVT_SMA10_1d', 'PVT_SMA30_1d', 'PVT_signal_1d', 'PVT_cross_1d', 'PVT_cross_signal_1d', 'PVT_delta5_1d', 'CCI_5_1d', 'CCI_10_1d', 'CCI_15_1d', 'Volume_Oscillator_1d', 'VWAP_1d', 'VWMA_10_1d', 'VWMA_20_1d', 'Force_Index_1_1d', 'Force_Index_13_1d', 'Typical_Price_1d', 'Raw_Money_Flow_1d', 'Typical_Price_Prev_1d', 'Money_Flow_Positive_1d', 'Money_Flow_Negative_1d', 'MFI_14_1d', 'Vol_Weighted_Up_1d', 'Vol_Weighted_Down_1d', 'Vol_Weighted_Up_Avg_1d', 'Vol_Weighted_Down_Avg_1d', 'Vol_Weighted_RSI_1d', 'VWAP_10_1d', 'Volume_SMA', 'OBV_std', 'OBV_norm_std', 'OBV_SMA_10', 'OBV_EMA_10', 'OBV_WMA_10', 'OBV_SMA_20', 'OBV_EMA_20', 'OBV_WMA_20', 'OBV_SMA_50', 'OBV_EMA_50', 'OBV_WMA_50', 'OBV_Bullish_Div_10', 'OBV_Bearish_Div_10', 'OBV_Bullish_Div_20', 'OBV_Bearish_Div_20', 'OBV_Bullish_Div_50', 'OBV_Bearish_Div_50', 'SuperTrend_Long', 'SuperTrend_Short', 'ADX', 'Williams_R', 'day_of_year', 'sin_day', 'cos_day', 'sin_hour', 'cos_hour', 'period_of_day', 'hourly_return', 'hourly_volatility', 'volatility_by_period', 'volatility_6h', 'volatility_12h', 'volatility_24h', 'volatility_period_0', 'volatility_period_1', 'volatility_period_2', 'volatility_period_3', 'volatility_morning', 'volatility_afternoon', 'volatility_evening', 'volatility_night', 'log_return_5m', 'log_return_1h', 'momentum_1h', 'log_return_4h', 'momentum_4h', 'log_return_1d', 'momentum_1d', 'momentum_5m']
2025-06-06 20:58:30,059 - prediction_service - INFO - Colonnes numériques sélectionnées: ['High', 'Low', 'Open_1h', 'High_1h', 'Low_1h', 'Close_1h', 'Volume_1h', 'Open_4h', 'High_4h', 'Low_4h', 'Close_4h', 'Volume_4h', 'Open_1d', 'High_1d', 'Low_1d', 'Close_1d', 'Volume_1d', '1h_price_change_pct', '4h_price_change_pct', '1d_price_change_pct', '1h_range', '1h_position', '4h_range', '4h_position', '1d_range', '1d_position', '1h_volume_ratio', '4h_volume_ratio', '1d_volume_ratio', '1h_SMA', '4h_SMA', '1d_SMA', 'close_over_1h_SMA', 'close_over_4h_SMA', 'close_over_1d_SMA', '1h_trend', '4h_trend', '1d_trend', 'bullish_alignment', 'bearish_alignment', 'mixed_trend_signals', '1h_support', '1h_resistance', '1h_sup_res_count', '1h_support_strength', '1h_resistance_strength', '4h_support', '4h_resistance', '4h_sup_res_count', '4h_support_strength', '4h_resistance_strength', '1d_support', '1d_resistance', '1d_sup_res_count', '1d_support_strength', '1d_resistance_strength', '1h_dist_to_support', '1h_dist_to_resistance', '1h_sup_res_position', '1h_at_support', '1h_at_resistance', '1h_breaking_support', '1h_breaking_resistance', '1h_sr_range_width', '4h_dist_to_support', '4h_dist_to_resistance', '4h_sup_res_position', '4h_at_support', '4h_at_resistance', '4h_breaking_support', '4h_breaking_resistance', '4h_sr_range_width', '1d_dist_to_support', '1d_dist_to_resistance', '1d_sup_res_position', '1d_at_support', '1d_at_resistance', '1d_breaking_support', '1d_breaking_resistance', '1d_sr_range_width', 'multi_timeframe_support', 'multi_timeframe_resistance', 'strong_support_zone', 'strong_resistance_zone', 'in_sr_range', 'breaking_sr_range', 'InstrumentID', 'Open_1h', 'High_1h', 'Low_1h', 'Close_1h', 'Volume_1h', 'Volume_SMA', 'OBV_std', 'OBV_norm_std', 'OBV_SMA_10', 'OBV_EMA_10', 'OBV_WMA_10', 'OBV_SMA_20', 'OBV_EMA_20', 'OBV_WMA_20', 'OBV_SMA_50', 'OBV_EMA_50', 'OBV_WMA_50', 'OBV_Bullish_Div_10', 'OBV_Bearish_Div_10', 'OBV_Bullish_Div_20', 'OBV_Bearish_Div_20', 'OBV_Bullish_Div_50', 'OBV_Bearish_Div_50', 'VWAP_10', 'InstrumentID_4h', 'Open_4h', 'High_4h', 'Low_4h', 'Close_4h', 'Volume_4h', 'candle_range_4h', 'corps_candle_4h', 'meche_haute_4h', 'meche_basse_4h', 'candle_trend_4h', 'doji_4h', 'doji_strength_4h', 'perfect_doji_4h', 'upper_wick_4h', 'lower_wick_4h', 'ratio_corps_4h', 'doji_invalid_4h', 'bullish_engulfing_4h', 'bearish_engulfing_4h', 'engulfing_strength_4h', 'corps_candle_prev_4h', 'corps_sum_4h', 'Volume_SMA_5_4h', 'Volume_SMA_10_4h', 'Volume_SMA_20_4h', 'Volume_Ratio_SMA5_4h', 'Volume_Ratio_SMA10_4h', 'Volume_Ratio_SMA20_4h', 'Volume_Change_1_4h', 'Volume_Change_5_4h', 'PV_Ratio_4h', 'PV_Change_4h', 'OBV_4h', 'Volume_SMA_4h', 'OBV_normalized_4h', 'OBV_norm_minmax_4h', 'OBV_std_4h', 'OBV_norm_std_4h', 'OBV_SMA_10_4h', 'OBV_EMA_10_4h', 'OBV_WMA_10_4h', 'OBV_SMA_20_4h', 'OBV_EMA_20_4h', 'OBV_WMA_20_4h', 'OBV_SMA_50_4h', 'OBV_EMA_50_4h', 'OBV_WMA_50_4h', 'OBV_Trend_short_4h', 'OBV_Trend_medium_4h', 'OBV_Trend_long_4h', 'OBV_Bullish_Div_10_4h', 'OBV_Bearish_Div_10_4h', 'OBV_Bullish_Div_20_4h', 'OBV_Bearish_Div_20_4h', 'OBV_Bullish_Div_50_4h', 'OBV_Bearish_Div_50_4h', 'MFV_4h', 'ADL_4h', 'ADL_norm_4h', 'ADL_SMA5_4h', 'ADL_SMA15_4h', 'ADL_SMA30_4h', 'ADL_Trend_4h', 'Price_Trend_4h', 'ADL_Divergence_4h', 'MFM_4h', 'CMF_20_4h', 'PVT_change_4h', 'PVT_4h', 'PVT_norm_4h', 'PVT_SMA10_4h', 'PVT_SMA30_4h', 'PVT_signal_4h', 'PVT_cross_4h', 'PVT_cross_signal_4h', 'PVT_delta5_4h', 'CCI_5_4h', 'CCI_10_4h', 'CCI_15_4h', 'Volume_Oscillator_4h', 'VWAP_4h', 'VWMA_10_4h', 'VWMA_20_4h', 'Force_Index_1_4h', 'Force_Index_13_4h', 'Typical_Price_4h', 'Raw_Money_Flow_4h', 'Typical_Price_Prev_4h', 'Money_Flow_Positive_4h', 'Money_Flow_Negative_4h', 'MFI_14_4h', 'Vol_Weighted_Up_4h', 'Vol_Weighted_Down_4h', 'Vol_Weighted_Up_Avg_4h', 'Vol_Weighted_Down_Avg_4h', 'Vol_Weighted_RSI_4h', 'VWAP_10_4h', 'InstrumentID_1d', 'Open_1d', 'High_1d', 'Low_1d', 'Close_1d', 'Volume_1d', 'candle_range_1d', 'corps_candle_1d', 'meche_haute_1d', 'meche_basse_1d', 'candle_trend_1d', 'doji_1d', 'doji_strength_1d', 'perfect_doji_1d', 'upper_wick_1d', 'lower_wick_1d', 'ratio_corps_1d', 'doji_invalid_1d', 'bullish_engulfing_1d', 'bearish_engulfing_1d', 'engulfing_strength_1d', 'corps_candle_prev_1d', 'corps_sum_1d', 'Volume_SMA_5_1d', 'Volume_SMA_10_1d', 'Volume_SMA_20_1d', 'Volume_Ratio_SMA5_1d', 'Volume_Ratio_SMA10_1d', 'Volume_Ratio_SMA20_1d', 'Volume_Change_1_1d', 'Volume_Change_5_1d', 'PV_Ratio_1d', 'PV_Change_1d', 'OBV_1d', 'Volume_SMA_1d', 'OBV_normalized_1d', 'OBV_norm_minmax_1d', 'OBV_std_1d', 'OBV_norm_std_1d', 'OBV_SMA_10_1d', 'OBV_EMA_10_1d', 'OBV_WMA_10_1d', 'OBV_SMA_20_1d', 'OBV_EMA_20_1d', 'OBV_WMA_20_1d', 'OBV_SMA_50_1d', 'OBV_EMA_50_1d', 'OBV_WMA_50_1d', 'OBV_Trend_short_1d', 'OBV_Trend_medium_1d', 'OBV_Trend_long_1d', 'OBV_Bullish_Div_10_1d', 'OBV_Bearish_Div_10_1d', 'OBV_Bullish_Div_20_1d', 'OBV_Bearish_Div_20_1d', 'OBV_Bullish_Div_50_1d', 'OBV_Bearish_Div_50_1d', 'MFV_1d', 'ADL_1d', 'ADL_norm_1d', 'ADL_SMA5_1d', 'ADL_SMA15_1d', 'ADL_SMA30_1d', 'ADL_Trend_1d', 'Price_Trend_1d', 'ADL_Divergence_1d', 'MFM_1d', 'CMF_20_1d', 'PVT_change_1d', 'PVT_1d', 'PVT_norm_1d', 'PVT_SMA10_1d', 'PVT_SMA30_1d', 'PVT_signal_1d', 'PVT_cross_1d', 'PVT_cross_signal_1d', 'PVT_delta5_1d', 'CCI_5_1d', 'CCI_10_1d', 'CCI_15_1d', 'Volume_Oscillator_1d', 'VWAP_1d', 'VWMA_10_1d', 'VWMA_20_1d', 'Force_Index_1_1d', 'Force_Index_13_1d', 'Typical_Price_1d', 'Raw_Money_Flow_1d', 'Typical_Price_Prev_1d', 'Money_Flow_Positive_1d', 'Money_Flow_Negative_1d', 'MFI_14_1d', 'Vol_Weighted_Up_1d', 'Vol_Weighted_Down_1d', 'Vol_Weighted_Up_Avg_1d', 'Vol_Weighted_Down_Avg_1d', 'Vol_Weighted_RSI_1d', 'VWAP_10_1d', 'Volume_SMA', 'OBV_std', 'OBV_norm_std', 'OBV_SMA_10', 'OBV_EMA_10', 'OBV_WMA_10', 'OBV_SMA_20', 'OBV_EMA_20', 'OBV_WMA_20', 'OBV_SMA_50', 'OBV_EMA_50', 'OBV_WMA_50', 'OBV_Bullish_Div_10', 'OBV_Bearish_Div_10', 'OBV_Bullish_Div_20', 'OBV_Bearish_Div_20', 'OBV_Bullish_Div_50', 'OBV_Bearish_Div_50', 'SuperTrend_Long', 'SuperTrend_Short', 'ADX', 'Williams_R', 'day_of_year', 'sin_day', 'cos_day', 'sin_hour', 'cos_hour', 'period_of_day', 'hourly_return', 'hourly_volatility', 'volatility_by_period', 'volatility_6h', 'volatility_12h', 'volatility_24h', 'volatility_period_0', 'volatility_period_1', 'volatility_period_2', 'volatility_period_3', 'volatility_morning', 'volatility_afternoon', 'volatility_evening', 'volatility_night', 'log_return_5m', 'log_return_1h', 'momentum_1h', 'log_return_4h', 'momentum_4h', 'log_return_1d', 'momentum_1d', 'momentum_5m']
2025-06-06 21:02:38,434 - prediction_service - INFO - Colonnes numériques sélectionnées: ['High', 'Low', 'Open_1h', 'High_1h', 'Low_1h', 'Close_1h', 'Volume_1h', 'Open_4h', 'High_4h', 'Low_4h', 'Close_4h', 'Volume_4h', 'Open_1d', 'High_1d', 'Low_1d', 'Close_1d', 'Volume_1d', '1h_price_change_pct', '4h_price_change_pct', '1d_price_change_pct', '1h_range', '1h_position', '4h_range', '4h_position', '1d_range', '1d_position', '1h_volume_ratio', '4h_volume_ratio', '1d_volume_ratio', '1h_SMA', '4h_SMA', '1d_SMA', 'close_over_1h_SMA', 'close_over_4h_SMA', 'close_over_1d_SMA', '1h_trend', '4h_trend', '1d_trend', 'bullish_alignment', 'bearish_alignment', 'mixed_trend_signals', '1h_support', '1h_resistance', '1h_sup_res_count', '1h_support_strength', '1h_resistance_strength', '4h_support', '4h_resistance', '4h_sup_res_count', '4h_support_strength', '4h_resistance_strength', '1d_support', '1d_resistance', '1d_sup_res_count', '1d_support_strength', '1d_resistance_strength', '1h_dist_to_support', '1h_dist_to_resistance', '1h_sup_res_position', '1h_at_support', '1h_at_resistance', '1h_breaking_support', '1h_breaking_resistance', '1h_sr_range_width', '4h_dist_to_support', '4h_dist_to_resistance', '4h_sup_res_position', '4h_at_support', '4h_at_resistance', '4h_breaking_support', '4h_breaking_resistance', '4h_sr_range_width', '1d_dist_to_support', '1d_dist_to_resistance', '1d_sup_res_position', '1d_at_support', '1d_at_resistance', '1d_breaking_support', '1d_breaking_resistance', '1d_sr_range_width', 'multi_timeframe_support', 'multi_timeframe_resistance', 'strong_support_zone', 'strong_resistance_zone', 'in_sr_range', 'breaking_sr_range', 'InstrumentID', 'Open_1h', 'High_1h', 'Low_1h', 'Close_1h', 'Volume_1h', 'Volume_SMA', 'OBV_std', 'OBV_norm_std', 'OBV_SMA_10', 'OBV_EMA_10', 'OBV_WMA_10', 'OBV_SMA_20', 'OBV_EMA_20', 'OBV_WMA_20', 'OBV_SMA_50', 'OBV_EMA_50', 'OBV_WMA_50', 'OBV_Bullish_Div_10', 'OBV_Bearish_Div_10', 'OBV_Bullish_Div_20', 'OBV_Bearish_Div_20', 'OBV_Bullish_Div_50', 'OBV_Bearish_Div_50', 'VWAP_10', 'InstrumentID_4h', 'Open_4h', 'High_4h', 'Low_4h', 'Close_4h', 'Volume_4h', 'candle_range_4h', 'corps_candle_4h', 'meche_haute_4h', 'meche_basse_4h', 'candle_trend_4h', 'doji_4h', 'doji_strength_4h', 'perfect_doji_4h', 'upper_wick_4h', 'lower_wick_4h', 'ratio_corps_4h', 'doji_invalid_4h', 'bullish_engulfing_4h', 'bearish_engulfing_4h', 'engulfing_strength_4h', 'corps_candle_prev_4h', 'corps_sum_4h', 'Volume_SMA_5_4h', 'Volume_SMA_10_4h', 'Volume_SMA_20_4h', 'Volume_Ratio_SMA5_4h', 'Volume_Ratio_SMA10_4h', 'Volume_Ratio_SMA20_4h', 'Volume_Change_1_4h', 'Volume_Change_5_4h', 'PV_Ratio_4h', 'PV_Change_4h', 'OBV_4h', 'Volume_SMA_4h', 'OBV_normalized_4h', 'OBV_norm_minmax_4h', 'OBV_std_4h', 'OBV_norm_std_4h', 'OBV_SMA_10_4h', 'OBV_EMA_10_4h', 'OBV_WMA_10_4h', 'OBV_SMA_20_4h', 'OBV_EMA_20_4h', 'OBV_WMA_20_4h', 'OBV_SMA_50_4h', 'OBV_EMA_50_4h', 'OBV_WMA_50_4h', 'OBV_Trend_short_4h', 'OBV_Trend_medium_4h', 'OBV_Trend_long_4h', 'OBV_Bullish_Div_10_4h', 'OBV_Bearish_Div_10_4h', 'OBV_Bullish_Div_20_4h', 'OBV_Bearish_Div_20_4h', 'OBV_Bullish_Div_50_4h', 'OBV_Bearish_Div_50_4h', 'MFV_4h', 'ADL_4h', 'ADL_norm_4h', 'ADL_SMA5_4h', 'ADL_SMA15_4h', 'ADL_SMA30_4h', 'ADL_Trend_4h', 'Price_Trend_4h', 'ADL_Divergence_4h', 'MFM_4h', 'CMF_20_4h', 'PVT_change_4h', 'PVT_4h', 'PVT_norm_4h', 'PVT_SMA10_4h', 'PVT_SMA30_4h', 'PVT_signal_4h', 'PVT_cross_4h', 'PVT_cross_signal_4h', 'PVT_delta5_4h', 'CCI_5_4h', 'CCI_10_4h', 'CCI_15_4h', 'Volume_Oscillator_4h', 'VWAP_4h', 'VWMA_10_4h', 'VWMA_20_4h', 'Force_Index_1_4h', 'Force_Index_13_4h', 'Typical_Price_4h', 'Raw_Money_Flow_4h', 'Typical_Price_Prev_4h', 'Money_Flow_Positive_4h', 'Money_Flow_Negative_4h', 'MFI_14_4h', 'Vol_Weighted_Up_4h', 'Vol_Weighted_Down_4h', 'Vol_Weighted_Up_Avg_4h', 'Vol_Weighted_Down_Avg_4h', 'Vol_Weighted_RSI_4h', 'VWAP_10_4h', 'InstrumentID_1d', 'Open_1d', 'High_1d', 'Low_1d', 'Close_1d', 'Volume_1d', 'candle_range_1d', 'corps_candle_1d', 'meche_haute_1d', 'meche_basse_1d', 'candle_trend_1d', 'doji_1d', 'doji_strength_1d', 'perfect_doji_1d', 'upper_wick_1d', 'lower_wick_1d', 'ratio_corps_1d', 'doji_invalid_1d', 'bullish_engulfing_1d', 'bearish_engulfing_1d', 'engulfing_strength_1d', 'corps_candle_prev_1d', 'corps_sum_1d', 'Volume_SMA_5_1d', 'Volume_SMA_10_1d', 'Volume_SMA_20_1d', 'Volume_Ratio_SMA5_1d', 'Volume_Ratio_SMA10_1d', 'Volume_Ratio_SMA20_1d', 'Volume_Change_1_1d', 'Volume_Change_5_1d', 'PV_Ratio_1d', 'PV_Change_1d', 'OBV_1d', 'Volume_SMA_1d', 'OBV_normalized_1d', 'OBV_norm_minmax_1d', 'OBV_std_1d', 'OBV_norm_std_1d', 'OBV_SMA_10_1d', 'OBV_EMA_10_1d', 'OBV_WMA_10_1d', 'OBV_SMA_20_1d', 'OBV_EMA_20_1d', 'OBV_WMA_20_1d', 'OBV_SMA_50_1d', 'OBV_EMA_50_1d', 'OBV_WMA_50_1d', 'OBV_Trend_short_1d', 'OBV_Trend_medium_1d', 'OBV_Trend_long_1d', 'OBV_Bullish_Div_10_1d', 'OBV_Bearish_Div_10_1d', 'OBV_Bullish_Div_20_1d', 'OBV_Bearish_Div_20_1d', 'OBV_Bullish_Div_50_1d', 'OBV_Bearish_Div_50_1d', 'MFV_1d', 'ADL_1d', 'ADL_norm_1d', 'ADL_SMA5_1d', 'ADL_SMA15_1d', 'ADL_SMA30_1d', 'ADL_Trend_1d', 'Price_Trend_1d', 'ADL_Divergence_1d', 'MFM_1d', 'CMF_20_1d', 'PVT_change_1d', 'PVT_1d', 'PVT_norm_1d', 'PVT_SMA10_1d', 'PVT_SMA30_1d', 'PVT_signal_1d', 'PVT_cross_1d', 'PVT_cross_signal_1d', 'PVT_delta5_1d', 'CCI_5_1d', 'CCI_10_1d', 'CCI_15_1d', 'Volume_Oscillator_1d', 'VWAP_1d', 'VWMA_10_1d', 'VWMA_20_1d', 'Force_Index_1_1d', 'Force_Index_13_1d', 'Typical_Price_1d', 'Raw_Money_Flow_1d', 'Typical_Price_Prev_1d', 'Money_Flow_Positive_1d', 'Money_Flow_Negative_1d', 'MFI_14_1d', 'Vol_Weighted_Up_1d', 'Vol_Weighted_Down_1d', 'Vol_Weighted_Up_Avg_1d', 'Vol_Weighted_Down_Avg_1d', 'Vol_Weighted_RSI_1d', 'VWAP_10_1d', 'Volume_SMA', 'OBV_std', 'OBV_norm_std', 'OBV_SMA_10', 'OBV_EMA_10', 'OBV_WMA_10', 'OBV_SMA_20', 'OBV_EMA_20', 'OBV_WMA_20', 'OBV_SMA_50', 'OBV_EMA_50', 'OBV_WMA_50', 'OBV_Bullish_Div_10', 'OBV_Bearish_Div_10', 'OBV_Bullish_Div_20', 'OBV_Bearish_Div_20', 'OBV_Bullish_Div_50', 'OBV_Bearish_Div_50', 'SuperTrend_Long', 'SuperTrend_Short', 'ADX', 'Williams_R', 'day_of_year', 'sin_day', 'cos_day', 'sin_hour', 'cos_hour', 'period_of_day', 'hourly_return', 'hourly_volatility', 'volatility_by_period', 'volatility_6h', 'volatility_12h', 'volatility_24h', 'volatility_period_0', 'volatility_period_1', 'volatility_period_2', 'volatility_period_3', 'volatility_morning', 'volatility_afternoon', 'volatility_evening', 'volatility_night', 'log_return_5m', 'log_return_1h', 'momentum_1h', 'log_return_4h', 'momentum_4h', 'log_return_1d', 'momentum_1d', 'momentum_5m']
2025-06-06 21:04:28,753 - prediction_service - INFO - Colonnes numériques sélectionnées: ['High', 'Low', 'Open_1h', 'High_1h', 'Low_1h', 'Close_1h', 'Volume_1h', 'Open_4h', 'High_4h', 'Low_4h', 'Close_4h', 'Volume_4h', 'Open_1d', 'High_1d', 'Low_1d', 'Close_1d', 'Volume_1d', '1h_price_change_pct', '4h_price_change_pct', '1d_price_change_pct', '1h_range', '1h_position', '4h_range', '4h_position', '1d_range', '1d_position', '1h_volume_ratio', '4h_volume_ratio', '1d_volume_ratio', '1h_SMA', '4h_SMA', '1d_SMA', 'close_over_1h_SMA', 'close_over_4h_SMA', 'close_over_1d_SMA', '1h_trend', '4h_trend', '1d_trend', 'bullish_alignment', 'bearish_alignment', 'mixed_trend_signals', '1h_support', '1h_resistance', '1h_sup_res_count', '1h_support_strength', '1h_resistance_strength', '4h_support', '4h_resistance', '4h_sup_res_count', '4h_support_strength', '4h_resistance_strength', '1d_support', '1d_resistance', '1d_sup_res_count', '1d_support_strength', '1d_resistance_strength', '1h_dist_to_support', '1h_dist_to_resistance', '1h_sup_res_position', '1h_at_support', '1h_at_resistance', '1h_breaking_support', '1h_breaking_resistance', '1h_sr_range_width', '4h_dist_to_support', '4h_dist_to_resistance', '4h_sup_res_position', '4h_at_support', '4h_at_resistance', '4h_breaking_support', '4h_breaking_resistance', '4h_sr_range_width', '1d_dist_to_support', '1d_dist_to_resistance', '1d_sup_res_position', '1d_at_support', '1d_at_resistance', '1d_breaking_support', '1d_breaking_resistance', '1d_sr_range_width', 'multi_timeframe_support', 'multi_timeframe_resistance', 'strong_support_zone', 'strong_resistance_zone', 'in_sr_range', 'breaking_sr_range', 'InstrumentID', 'Open_1h', 'High_1h', 'Low_1h', 'Close_1h', 'Volume_1h', 'Volume_SMA', 'OBV_std', 'OBV_norm_std', 'OBV_SMA_10', 'OBV_EMA_10', 'OBV_WMA_10', 'OBV_SMA_20', 'OBV_EMA_20', 'OBV_WMA_20', 'OBV_SMA_50', 'OBV_EMA_50', 'OBV_WMA_50', 'OBV_Bullish_Div_10', 'OBV_Bearish_Div_10', 'OBV_Bullish_Div_20', 'OBV_Bearish_Div_20', 'OBV_Bullish_Div_50', 'OBV_Bearish_Div_50', 'VWAP_10', 'InstrumentID_4h', 'Open_4h', 'High_4h', 'Low_4h', 'Close_4h', 'Volume_4h', 'candle_range_4h', 'corps_candle_4h', 'meche_haute_4h', 'meche_basse_4h', 'candle_trend_4h', 'doji_4h', 'doji_strength_4h', 'perfect_doji_4h', 'upper_wick_4h', 'lower_wick_4h', 'ratio_corps_4h', 'doji_invalid_4h', 'bullish_engulfing_4h', 'bearish_engulfing_4h', 'engulfing_strength_4h', 'corps_candle_prev_4h', 'corps_sum_4h', 'Volume_SMA_5_4h', 'Volume_SMA_10_4h', 'Volume_SMA_20_4h', 'Volume_Ratio_SMA5_4h', 'Volume_Ratio_SMA10_4h', 'Volume_Ratio_SMA20_4h', 'Volume_Change_1_4h', 'Volume_Change_5_4h', 'PV_Ratio_4h', 'PV_Change_4h', 'OBV_4h', 'Volume_SMA_4h', 'OBV_normalized_4h', 'OBV_norm_minmax_4h', 'OBV_std_4h', 'OBV_norm_std_4h', 'OBV_SMA_10_4h', 'OBV_EMA_10_4h', 'OBV_WMA_10_4h', 'OBV_SMA_20_4h', 'OBV_EMA_20_4h', 'OBV_WMA_20_4h', 'OBV_SMA_50_4h', 'OBV_EMA_50_4h', 'OBV_WMA_50_4h', 'OBV_Trend_short_4h', 'OBV_Trend_medium_4h', 'OBV_Trend_long_4h', 'OBV_Bullish_Div_10_4h', 'OBV_Bearish_Div_10_4h', 'OBV_Bullish_Div_20_4h', 'OBV_Bearish_Div_20_4h', 'OBV_Bullish_Div_50_4h', 'OBV_Bearish_Div_50_4h', 'MFV_4h', 'ADL_4h', 'ADL_norm_4h', 'ADL_SMA5_4h', 'ADL_SMA15_4h', 'ADL_SMA30_4h', 'ADL_Trend_4h', 'Price_Trend_4h', 'ADL_Divergence_4h', 'MFM_4h', 'CMF_20_4h', 'PVT_change_4h', 'PVT_4h', 'PVT_norm_4h', 'PVT_SMA10_4h', 'PVT_SMA30_4h', 'PVT_signal_4h', 'PVT_cross_4h', 'PVT_cross_signal_4h', 'PVT_delta5_4h', 'CCI_5_4h', 'CCI_10_4h', 'CCI_15_4h', 'Volume_Oscillator_4h', 'VWAP_4h', 'VWMA_10_4h', 'VWMA_20_4h', 'Force_Index_1_4h', 'Force_Index_13_4h', 'Typical_Price_4h', 'Raw_Money_Flow_4h', 'Typical_Price_Prev_4h', 'Money_Flow_Positive_4h', 'Money_Flow_Negative_4h', 'MFI_14_4h', 'Vol_Weighted_Up_4h', 'Vol_Weighted_Down_4h', 'Vol_Weighted_Up_Avg_4h', 'Vol_Weighted_Down_Avg_4h', 'Vol_Weighted_RSI_4h', 'VWAP_10_4h', 'InstrumentID_1d', 'Open_1d', 'High_1d', 'Low_1d', 'Close_1d', 'Volume_1d', 'candle_range_1d', 'corps_candle_1d', 'meche_haute_1d', 'meche_basse_1d', 'candle_trend_1d', 'doji_1d', 'doji_strength_1d', 'perfect_doji_1d', 'upper_wick_1d', 'lower_wick_1d', 'ratio_corps_1d', 'doji_invalid_1d', 'bullish_engulfing_1d', 'bearish_engulfing_1d', 'engulfing_strength_1d', 'corps_candle_prev_1d', 'corps_sum_1d', 'Volume_SMA_5_1d', 'Volume_SMA_10_1d', 'Volume_SMA_20_1d', 'Volume_Ratio_SMA5_1d', 'Volume_Ratio_SMA10_1d', 'Volume_Ratio_SMA20_1d', 'Volume_Change_1_1d', 'Volume_Change_5_1d', 'PV_Ratio_1d', 'PV_Change_1d', 'OBV_1d', 'Volume_SMA_1d', 'OBV_normalized_1d', 'OBV_norm_minmax_1d', 'OBV_std_1d', 'OBV_norm_std_1d', 'OBV_SMA_10_1d', 'OBV_EMA_10_1d', 'OBV_WMA_10_1d', 'OBV_SMA_20_1d', 'OBV_EMA_20_1d', 'OBV_WMA_20_1d', 'OBV_SMA_50_1d', 'OBV_EMA_50_1d', 'OBV_WMA_50_1d', 'OBV_Trend_short_1d', 'OBV_Trend_medium_1d', 'OBV_Trend_long_1d', 'OBV_Bullish_Div_10_1d', 'OBV_Bearish_Div_10_1d', 'OBV_Bullish_Div_20_1d', 'OBV_Bearish_Div_20_1d', 'OBV_Bullish_Div_50_1d', 'OBV_Bearish_Div_50_1d', 'MFV_1d', 'ADL_1d', 'ADL_norm_1d', 'ADL_SMA5_1d', 'ADL_SMA15_1d', 'ADL_SMA30_1d', 'ADL_Trend_1d', 'Price_Trend_1d', 'ADL_Divergence_1d', 'MFM_1d', 'CMF_20_1d', 'PVT_change_1d', 'PVT_1d', 'PVT_norm_1d', 'PVT_SMA10_1d', 'PVT_SMA30_1d', 'PVT_signal_1d', 'PVT_cross_1d', 'PVT_cross_signal_1d', 'PVT_delta5_1d', 'CCI_5_1d', 'CCI_10_1d', 'CCI_15_1d', 'Volume_Oscillator_1d', 'VWAP_1d', 'VWMA_10_1d', 'VWMA_20_1d', 'Force_Index_1_1d', 'Force_Index_13_1d', 'Typical_Price_1d', 'Raw_Money_Flow_1d', 'Typical_Price_Prev_1d', 'Money_Flow_Positive_1d', 'Money_Flow_Negative_1d', 'MFI_14_1d', 'Vol_Weighted_Up_1d', 'Vol_Weighted_Down_1d', 'Vol_Weighted_Up_Avg_1d', 'Vol_Weighted_Down_Avg_1d', 'Vol_Weighted_RSI_1d', 'VWAP_10_1d', 'Volume_SMA', 'OBV_std', 'OBV_norm_std', 'OBV_SMA_10', 'OBV_EMA_10', 'OBV_WMA_10', 'OBV_SMA_20', 'OBV_EMA_20', 'OBV_WMA_20', 'OBV_SMA_50', 'OBV_EMA_50', 'OBV_WMA_50', 'OBV_Bullish_Div_10', 'OBV_Bearish_Div_10', 'OBV_Bullish_Div_20', 'OBV_Bearish_Div_20', 'OBV_Bullish_Div_50', 'OBV_Bearish_Div_50', 'SuperTrend_Long', 'SuperTrend_Short', 'ADX', 'Williams_R', 'day_of_year', 'sin_day', 'cos_day', 'sin_hour', 'cos_hour', 'period_of_day', 'hourly_return', 'hourly_volatility', 'volatility_by_period', 'volatility_6h', 'volatility_12h', 'volatility_24h', 'volatility_period_0', 'volatility_period_1', 'volatility_period_2', 'volatility_period_3', 'volatility_morning', 'volatility_afternoon', 'volatility_evening', 'volatility_night', 'log_return_5m', 'log_return_1h', 'momentum_1h', 'log_return_4h', 'momentum_4h', 'log_return_1d', 'momentum_1d', 'momentum_5m']
2025-06-06 21:16:27,368 - prediction_service - INFO - Colonnes numériques sélectionnées: ['Open', 'High', 'Low', 'Close', 'Volume', 'time_diff', 'Open_1h', 'High_1h', 'Low_1h', 'Close_1h', 'Volume_1h', 'Open_4h', 'High_4h', 'Low_4h', 'Close_4h', 'Volume_4h', 'Open_1d', 'High_1d', 'Low_1d', 'Close_1d', 'Volume_1d', '1h_price_change_pct', '4h_price_change_pct', '1d_price_change_pct', '1h_range', '1h_position', '4h_range', '4h_position', '1d_range', '1d_position', '1h_volume_ratio', '4h_volume_ratio', '1d_volume_ratio', '1h_SMA', '4h_SMA', '1d_SMA', 'close_over_1h_SMA', 'close_over_4h_SMA', 'close_over_1d_SMA', '1h_trend', '4h_trend', '1d_trend', 'bullish_alignment', 'bearish_alignment', 'mixed_trend_signals', '1h_support', '1h_resistance', '1h_sup_res_count', '1h_support_strength', '1h_resistance_strength', '4h_support', '4h_resistance', '4h_sup_res_count', '4h_support_strength', '4h_resistance_strength', '1d_support', '1d_resistance', '1d_sup_res_count', '1d_support_strength', '1d_resistance_strength', '1h_dist_to_support', '1h_dist_to_resistance', '1h_sup_res_position', '1h_at_support', '1h_at_resistance', '1h_breaking_support', '1h_breaking_resistance', '1h_sr_range_width', '4h_dist_to_support', '4h_dist_to_resistance', '4h_sup_res_position', '4h_at_support', '4h_at_resistance', '4h_breaking_support', '4h_breaking_resistance', '4h_sr_range_width', '1d_dist_to_support', '1d_dist_to_resistance', '1d_sup_res_position', '1d_at_support', '1d_at_resistance', '1d_breaking_support', '1d_breaking_resistance', '1d_sr_range_width', 'multi_timeframe_support', 'multi_timeframe_resistance', 'strong_support_zone', 'strong_resistance_zone', 'in_sr_range', 'breaking_sr_range', 'InstrumentID', 'Open_1h', 'High_1h', 'Low_1h', 'Close_1h', 'Volume_1h', 'candle_range', 'corps_candle', 'meche_haute', 'meche_basse', 'candle_trend', 'doji', 'doji_strength', 'perfect_doji', 'upper_wick', 'lower_wick', 'ratio_corps', 'doji_invalid', 'bullish_engulfing', 'bearish_engulfing', 'engulfing_strength', 'corps_candle_prev', 'corps_sum', 'Volume_SMA_5', 'Volume_SMA_10', 'Volume_SMA_20', 'Volume_Ratio_SMA5', 'Volume_Ratio_SMA10', 'Volume_Ratio_SMA20', 'Volume_Change_1', 'Volume_Change_5', 'PV_Ratio', 'PV_Change', 'OBV', 'Volume_SMA', 'OBV_normalized', 'OBV_norm_minmax', 'OBV_std', 'OBV_norm_std', 'OBV_SMA_10', 'OBV_EMA_10', 'OBV_WMA_10', 'OBV_SMA_20', 'OBV_EMA_20', 'OBV_WMA_20', 'OBV_SMA_50', 'OBV_EMA_50', 'OBV_WMA_50', 'OBV_Trend_short', 'OBV_Trend_medium', 'OBV_Trend_long', 'OBV_Bullish_Div_10', 'OBV_Bearish_Div_10', 'OBV_Bullish_Div_20', 'OBV_Bearish_Div_20', 'OBV_Bullish_Div_50', 'OBV_Bearish_Div_50', 'MFV', 'ADL', 'ADL_norm', 'ADL_SMA5', 'ADL_SMA15', 'ADL_SMA30', 'ADL_Trend', 'Price_Trend', 'ADL_Divergence', 'MFM', 'CMF_20', 'PVT_change', 'PVT', 'PVT_norm', 'PVT_SMA10', 'PVT_SMA30', 'PVT_signal', 'PVT_cross', 'PVT_cross_signal', 'PVT_delta5', 'CCI_5', 'CCI_10', 'CCI_15', 'Volume_Oscillator', 'VWAP', 'VWMA_10', 'VWMA_20', 'Force_Index_1', 'Force_Index_13', 'Typical_Price', 'Raw_Money_Flow', 'Typical_Price_Prev', 'Money_Flow_Positive', 'Money_Flow_Negative', 'MFI_14', 'Vol_Weighted_Up', 'Vol_Weighted_Down', 'Vol_Weighted_Up_Avg', 'Vol_Weighted_Down_Avg', 'Vol_Weighted_RSI', 'VWAP_10', 'InstrumentID_4h', 'Open_4h', 'High_4h', 'Low_4h', 'Close_4h', 'Volume_4h', 'candle_range_4h', 'corps_candle_4h', 'meche_haute_4h', 'meche_basse_4h', 'candle_trend_4h', 'doji_4h', 'doji_strength_4h', 'perfect_doji_4h', 'upper_wick_4h', 'lower_wick_4h', 'ratio_corps_4h', 'doji_invalid_4h', 'bullish_engulfing_4h', 'bearish_engulfing_4h', 'engulfing_strength_4h', 'corps_candle_prev_4h', 'corps_sum_4h', 'Volume_SMA_5_4h', 'Volume_SMA_10_4h', 'Volume_SMA_20_4h', 'Volume_Ratio_SMA5_4h', 'Volume_Ratio_SMA10_4h', 'Volume_Ratio_SMA20_4h', 'Volume_Change_1_4h', 'Volume_Change_5_4h', 'PV_Ratio_4h', 'PV_Change_4h', 'OBV_4h', 'Volume_SMA_4h', 'OBV_normalized_4h', 'OBV_norm_minmax_4h', 'OBV_std_4h', 'OBV_norm_std_4h', 'OBV_SMA_10_4h', 'OBV_EMA_10_4h', 'OBV_WMA_10_4h', 'OBV_SMA_20_4h', 'OBV_EMA_20_4h', 'OBV_WMA_20_4h', 'OBV_SMA_50_4h', 'OBV_EMA_50_4h', 'OBV_WMA_50_4h', 'OBV_Trend_short_4h', 'OBV_Trend_medium_4h', 'OBV_Trend_long_4h', 'OBV_Bullish_Div_10_4h', 'OBV_Bearish_Div_10_4h', 'OBV_Bullish_Div_20_4h', 'OBV_Bearish_Div_20_4h', 'OBV_Bullish_Div_50_4h', 'OBV_Bearish_Div_50_4h', 'MFV_4h', 'ADL_4h', 'ADL_norm_4h', 'ADL_SMA5_4h', 'ADL_SMA15_4h', 'ADL_SMA30_4h', 'ADL_Trend_4h', 'Price_Trend_4h', 'ADL_Divergence_4h', 'MFM_4h', 'CMF_20_4h', 'PVT_change_4h', 'PVT_4h', 'PVT_norm_4h', 'PVT_SMA10_4h', 'PVT_SMA30_4h', 'PVT_signal_4h', 'PVT_cross_4h', 'PVT_cross_signal_4h', 'PVT_delta5_4h', 'CCI_5_4h', 'CCI_10_4h', 'CCI_15_4h', 'Volume_Oscillator_4h', 'VWAP_4h', 'VWMA_10_4h', 'VWMA_20_4h', 'Force_Index_1_4h', 'Force_Index_13_4h', 'Typical_Price_4h', 'Raw_Money_Flow_4h', 'Typical_Price_Prev_4h', 'Money_Flow_Positive_4h', 'Money_Flow_Negative_4h', 'MFI_14_4h', 'Vol_Weighted_Up_4h', 'Vol_Weighted_Down_4h', 'Vol_Weighted_Up_Avg_4h', 'Vol_Weighted_Down_Avg_4h', 'Vol_Weighted_RSI_4h', 'VWAP_10_4h', 'InstrumentID_1d', 'Open_1d', 'High_1d', 'Low_1d', 'Close_1d', 'Volume_1d', 'candle_range_1d', 'corps_candle_1d', 'meche_haute_1d', 'meche_basse_1d', 'candle_trend_1d', 'doji_1d', 'doji_strength_1d', 'perfect_doji_1d', 'upper_wick_1d', 'lower_wick_1d', 'ratio_corps_1d', 'doji_invalid_1d', 'bullish_engulfing_1d', 'bearish_engulfing_1d', 'engulfing_strength_1d', 'corps_candle_prev_1d', 'corps_sum_1d', 'Volume_SMA_5_1d', 'Volume_SMA_10_1d', 'Volume_SMA_20_1d', 'Volume_Ratio_SMA5_1d', 'Volume_Ratio_SMA10_1d', 'Volume_Ratio_SMA20_1d', 'Volume_Change_1_1d', 'Volume_Change_5_1d', 'PV_Ratio_1d', 'PV_Change_1d', 'OBV_1d', 'Volume_SMA_1d', 'OBV_normalized_1d', 'OBV_norm_minmax_1d', 'OBV_std_1d', 'OBV_norm_std_1d', 'OBV_SMA_10_1d', 'OBV_EMA_10_1d', 'OBV_WMA_10_1d', 'OBV_SMA_20_1d', 'OBV_EMA_20_1d', 'OBV_WMA_20_1d', 'OBV_SMA_50_1d', 'OBV_EMA_50_1d', 'OBV_WMA_50_1d', 'OBV_Trend_short_1d', 'OBV_Trend_medium_1d', 'OBV_Trend_long_1d', 'OBV_Bullish_Div_10_1d', 'OBV_Bearish_Div_10_1d', 'OBV_Bullish_Div_20_1d', 'OBV_Bearish_Div_20_1d', 'OBV_Bullish_Div_50_1d', 'OBV_Bearish_Div_50_1d', 'MFV_1d', 'ADL_1d', 'ADL_norm_1d', 'ADL_SMA5_1d', 'ADL_SMA15_1d', 'ADL_SMA30_1d', 'ADL_Trend_1d', 'Price_Trend_1d', 'ADL_Divergence_1d', 'MFM_1d', 'CMF_20_1d', 'PVT_change_1d', 'PVT_1d', 'PVT_norm_1d', 'PVT_SMA10_1d', 'PVT_SMA30_1d', 'PVT_signal_1d', 'PVT_cross_1d', 'PVT_cross_signal_1d', 'PVT_delta5_1d', 'CCI_5_1d', 'CCI_10_1d', 'CCI_15_1d', 'Volume_Oscillator_1d', 'VWAP_1d', 'VWMA_10_1d', 'VWMA_20_1d', 'Force_Index_1_1d', 'Force_Index_13_1d', 'Typical_Price_1d', 'Raw_Money_Flow_1d', 'Typical_Price_Prev_1d', 'Money_Flow_Positive_1d', 'Money_Flow_Negative_1d', 'MFI_14_1d', 'Vol_Weighted_Up_1d', 'Vol_Weighted_Down_1d', 'Vol_Weighted_Up_Avg_1d', 'Vol_Weighted_Down_Avg_1d', 'Vol_Weighted_RSI_1d', 'VWAP_10_1d', 'Volume_SMA', 'OBV_normalized', 'OBV_norm_minmax', 'OBV_std', 'OBV_norm_std', 'OBV_SMA_10', 'OBV_EMA_10', 'OBV_WMA_10', 'OBV_SMA_20', 'OBV_EMA_20', 'OBV_WMA_20', 'OBV_SMA_50', 'OBV_EMA_50', 'OBV_WMA_50', 'OBV_Trend_short', 'OBV_Trend_medium', 'OBV_Trend_long', 'OBV_Bullish_Div_10', 'OBV_Bearish_Div_10', 'OBV_Bullish_Div_20', 'OBV_Bearish_Div_20', 'OBV_Bullish_Div_50', 'OBV_Bearish_Div_50', 'VWAP', 'year', 'month', 'day', 'hour', 'minute', 'day_of_week', 'market_open_hour', 'stock_open_hour', 'RSI_14', 'RSI_SMA_7', 'RSI_SMA_14', 'RSI', 'SMA_RSI', 'Vol_Weighted_RSI_SMA', 'RSI_EMA_7', 'RSI_EMA_14', 'RSI_Trend', 'RSI_Trend_Direction', 'RSI_Crossover_SMA', 'RSI_Crossover_EMA', 'future_direction_2', 'direction', 'same_direction', 'EMA_12', 'EMA_26', 'MACD', 'MACD_Signal', 'body_ratio_prev', 'SMA_10', 'EMA_10', 'ATR_14', 'Bollinger_High', 'Bollinger_Low', 'Bollinger_Width', 'SuperTrend_Trend', 'SuperTrend_Direction', 'SuperTrend_Long', 'SuperTrend_Short', 'Stoch_RSI', 'Keltner_High', 'Keltner_Low', 'Keltner_Mid', 'Keltner_Width', 'ADX', 'Williams_R', 'day_of_year', 'sin_day', 'cos_day', 'sin_hour', 'cos_hour', 'period_of_day', 'hourly_return', 'hourly_volatility', 'volatility_by_period', 'volatility_6h', 'volatility_12h', 'volatility_24h', 'volatility_period_0', 'volatility_period_1', 'volatility_period_2', 'volatility_period_3', 'volatility_morning', 'volatility_afternoon', 'volatility_evening', 'volatility_night', 'log_return_5m', 'log_return_1h', 'momentum_1h', 'log_return_4h', 'momentum_4h', 'log_return_1d', 'momentum_1d', 'momentum_5m']
2025-06-06 21:21:32,205 - prediction_service - INFO - Colonnes numériques sélectionnées: ['Open', 'High', 'Low', 'Close', 'Volume', 'time_diff', 'Open_1h', 'High_1h', 'Low_1h', 'Close_1h', 'Volume_1h', 'Open_4h', 'High_4h', 'Low_4h', 'Close_4h', 'Volume_4h', 'Open_1d', 'High_1d', 'Low_1d', 'Close_1d', 'Volume_1d', '1h_price_change_pct', '4h_price_change_pct', '1d_price_change_pct', '1h_range', '1h_position', '4h_range', '4h_position', '1d_range', '1d_position', '1h_volume_ratio', '4h_volume_ratio', '1d_volume_ratio', '1h_SMA', '4h_SMA', '1d_SMA', 'close_over_1h_SMA', 'close_over_4h_SMA', 'close_over_1d_SMA', '1h_trend', '4h_trend', '1d_trend', 'bullish_alignment', 'bearish_alignment', 'mixed_trend_signals', '1h_support', '1h_resistance', '1h_sup_res_count', '1h_support_strength', '1h_resistance_strength', '4h_support', '4h_resistance', '4h_sup_res_count', '4h_support_strength', '4h_resistance_strength', '1d_support', '1d_resistance', '1d_sup_res_count', '1d_support_strength', '1d_resistance_strength', '1h_dist_to_support', '1h_dist_to_resistance', '1h_sup_res_position', '1h_at_support', '1h_at_resistance', '1h_breaking_support', '1h_breaking_resistance', '1h_sr_range_width', '4h_dist_to_support', '4h_dist_to_resistance', '4h_sup_res_position', '4h_at_support', '4h_at_resistance', '4h_breaking_support', '4h_breaking_resistance', '4h_sr_range_width', '1d_dist_to_support', '1d_dist_to_resistance', '1d_sup_res_position', '1d_at_support', '1d_at_resistance', '1d_breaking_support', '1d_breaking_resistance', '1d_sr_range_width', 'multi_timeframe_support', 'multi_timeframe_resistance', 'strong_support_zone', 'strong_resistance_zone', 'in_sr_range', 'breaking_sr_range', 'InstrumentID', 'Open_1h', 'High_1h', 'Low_1h', 'Close_1h', 'Volume_1h', 'candle_range', 'corps_candle', 'meche_haute', 'meche_basse', 'candle_trend', 'doji', 'doji_strength', 'perfect_doji', 'upper_wick', 'lower_wick', 'ratio_corps', 'doji_invalid', 'bullish_engulfing', 'bearish_engulfing', 'engulfing_strength', 'corps_candle_prev', 'corps_sum', 'Volume_SMA_5', 'Volume_SMA_10', 'Volume_SMA_20', 'Volume_Ratio_SMA5', 'Volume_Ratio_SMA10', 'Volume_Ratio_SMA20', 'Volume_Change_1', 'Volume_Change_5', 'PV_Ratio', 'PV_Change', 'OBV', 'Volume_SMA', 'OBV_normalized', 'OBV_norm_minmax', 'OBV_std', 'OBV_norm_std', 'OBV_SMA_10', 'OBV_EMA_10', 'OBV_WMA_10', 'OBV_SMA_20', 'OBV_EMA_20', 'OBV_WMA_20', 'OBV_SMA_50', 'OBV_EMA_50', 'OBV_WMA_50', 'OBV_Trend_short', 'OBV_Trend_medium', 'OBV_Trend_long', 'OBV_Bullish_Div_10', 'OBV_Bearish_Div_10', 'OBV_Bullish_Div_20', 'OBV_Bearish_Div_20', 'OBV_Bullish_Div_50', 'OBV_Bearish_Div_50', 'MFV', 'ADL', 'ADL_norm', 'ADL_SMA5', 'ADL_SMA15', 'ADL_SMA30', 'ADL_Trend', 'Price_Trend', 'ADL_Divergence', 'MFM', 'CMF_20', 'PVT_change', 'PVT', 'PVT_norm', 'PVT_SMA10', 'PVT_SMA30', 'PVT_signal', 'PVT_cross', 'PVT_cross_signal', 'PVT_delta5', 'CCI_5', 'CCI_10', 'CCI_15', 'Volume_Oscillator', 'VWAP', 'VWMA_10', 'VWMA_20', 'Force_Index_1', 'Force_Index_13', 'Typical_Price', 'Raw_Money_Flow', 'Typical_Price_Prev', 'Money_Flow_Positive', 'Money_Flow_Negative', 'MFI_14', 'Vol_Weighted_Up', 'Vol_Weighted_Down', 'Vol_Weighted_Up_Avg', 'Vol_Weighted_Down_Avg', 'Vol_Weighted_RSI', 'VWAP_10', 'InstrumentID_4h', 'Open_4h', 'High_4h', 'Low_4h', 'Close_4h', 'Volume_4h', 'candle_range_4h', 'corps_candle_4h', 'meche_haute_4h', 'meche_basse_4h', 'candle_trend_4h', 'doji_4h', 'doji_strength_4h', 'perfect_doji_4h', 'upper_wick_4h', 'lower_wick_4h', 'ratio_corps_4h', 'doji_invalid_4h', 'bullish_engulfing_4h', 'bearish_engulfing_4h', 'engulfing_strength_4h', 'corps_candle_prev_4h', 'corps_sum_4h', 'Volume_SMA_5_4h', 'Volume_SMA_10_4h', 'Volume_SMA_20_4h', 'Volume_Ratio_SMA5_4h', 'Volume_Ratio_SMA10_4h', 'Volume_Ratio_SMA20_4h', 'Volume_Change_1_4h', 'Volume_Change_5_4h', 'PV_Ratio_4h', 'PV_Change_4h', 'OBV_4h', 'Volume_SMA_4h', 'OBV_normalized_4h', 'OBV_norm_minmax_4h', 'OBV_std_4h', 'OBV_norm_std_4h', 'OBV_SMA_10_4h', 'OBV_EMA_10_4h', 'OBV_WMA_10_4h', 'OBV_SMA_20_4h', 'OBV_EMA_20_4h', 'OBV_WMA_20_4h', 'OBV_SMA_50_4h', 'OBV_EMA_50_4h', 'OBV_WMA_50_4h', 'OBV_Trend_short_4h', 'OBV_Trend_medium_4h', 'OBV_Trend_long_4h', 'OBV_Bullish_Div_10_4h', 'OBV_Bearish_Div_10_4h', 'OBV_Bullish_Div_20_4h', 'OBV_Bearish_Div_20_4h', 'OBV_Bullish_Div_50_4h', 'OBV_Bearish_Div_50_4h', 'MFV_4h', 'ADL_4h', 'ADL_norm_4h', 'ADL_SMA5_4h', 'ADL_SMA15_4h', 'ADL_SMA30_4h', 'ADL_Trend_4h', 'Price_Trend_4h', 'ADL_Divergence_4h', 'MFM_4h', 'CMF_20_4h', 'PVT_change_4h', 'PVT_4h', 'PVT_norm_4h', 'PVT_SMA10_4h', 'PVT_SMA30_4h', 'PVT_signal_4h', 'PVT_cross_4h', 'PVT_cross_signal_4h', 'PVT_delta5_4h', 'CCI_5_4h', 'CCI_10_4h', 'CCI_15_4h', 'Volume_Oscillator_4h', 'VWAP_4h', 'VWMA_10_4h', 'VWMA_20_4h', 'Force_Index_1_4h', 'Force_Index_13_4h', 'Typical_Price_4h', 'Raw_Money_Flow_4h', 'Typical_Price_Prev_4h', 'Money_Flow_Positive_4h', 'Money_Flow_Negative_4h', 'MFI_14_4h', 'Vol_Weighted_Up_4h', 'Vol_Weighted_Down_4h', 'Vol_Weighted_Up_Avg_4h', 'Vol_Weighted_Down_Avg_4h', 'Vol_Weighted_RSI_4h', 'VWAP_10_4h', 'InstrumentID_1d', 'Open_1d', 'High_1d', 'Low_1d', 'Close_1d', 'Volume_1d', 'candle_range_1d', 'corps_candle_1d', 'meche_haute_1d', 'meche_basse_1d', 'candle_trend_1d', 'doji_1d', 'doji_strength_1d', 'perfect_doji_1d', 'upper_wick_1d', 'lower_wick_1d', 'ratio_corps_1d', 'doji_invalid_1d', 'bullish_engulfing_1d', 'bearish_engulfing_1d', 'engulfing_strength_1d', 'corps_candle_prev_1d', 'corps_sum_1d', 'Volume_SMA_5_1d', 'Volume_SMA_10_1d', 'Volume_SMA_20_1d', 'Volume_Ratio_SMA5_1d', 'Volume_Ratio_SMA10_1d', 'Volume_Ratio_SMA20_1d', 'Volume_Change_1_1d', 'Volume_Change_5_1d', 'PV_Ratio_1d', 'PV_Change_1d', 'OBV_1d', 'Volume_SMA_1d', 'OBV_normalized_1d', 'OBV_norm_minmax_1d', 'OBV_std_1d', 'OBV_norm_std_1d', 'OBV_SMA_10_1d', 'OBV_EMA_10_1d', 'OBV_WMA_10_1d', 'OBV_SMA_20_1d', 'OBV_EMA_20_1d', 'OBV_WMA_20_1d', 'OBV_SMA_50_1d', 'OBV_EMA_50_1d', 'OBV_WMA_50_1d', 'OBV_Trend_short_1d', 'OBV_Trend_medium_1d', 'OBV_Trend_long_1d', 'OBV_Bullish_Div_10_1d', 'OBV_Bearish_Div_10_1d', 'OBV_Bullish_Div_20_1d', 'OBV_Bearish_Div_20_1d', 'OBV_Bullish_Div_50_1d', 'OBV_Bearish_Div_50_1d', 'MFV_1d', 'ADL_1d', 'ADL_norm_1d', 'ADL_SMA5_1d', 'ADL_SMA15_1d', 'ADL_SMA30_1d', 'ADL_Trend_1d', 'Price_Trend_1d', 'ADL_Divergence_1d', 'MFM_1d', 'CMF_20_1d', 'PVT_change_1d', 'PVT_1d', 'PVT_norm_1d', 'PVT_SMA10_1d', 'PVT_SMA30_1d', 'PVT_signal_1d', 'PVT_cross_1d', 'PVT_cross_signal_1d', 'PVT_delta5_1d', 'CCI_5_1d', 'CCI_10_1d', 'CCI_15_1d', 'Volume_Oscillator_1d', 'VWAP_1d', 'VWMA_10_1d', 'VWMA_20_1d', 'Force_Index_1_1d', 'Force_Index_13_1d', 'Typical_Price_1d', 'Raw_Money_Flow_1d', 'Typical_Price_Prev_1d', 'Money_Flow_Positive_1d', 'Money_Flow_Negative_1d', 'MFI_14_1d', 'Vol_Weighted_Up_1d', 'Vol_Weighted_Down_1d', 'Vol_Weighted_Up_Avg_1d', 'Vol_Weighted_Down_Avg_1d', 'Vol_Weighted_RSI_1d', 'VWAP_10_1d', 'Volume_SMA', 'OBV_normalized', 'OBV_norm_minmax', 'OBV_std', 'OBV_norm_std', 'OBV_SMA_10', 'OBV_EMA_10', 'OBV_WMA_10', 'OBV_SMA_20', 'OBV_EMA_20', 'OBV_WMA_20', 'OBV_SMA_50', 'OBV_EMA_50', 'OBV_WMA_50', 'OBV_Trend_short', 'OBV_Trend_medium', 'OBV_Trend_long', 'OBV_Bullish_Div_10', 'OBV_Bearish_Div_10', 'OBV_Bullish_Div_20', 'OBV_Bearish_Div_20', 'OBV_Bullish_Div_50', 'OBV_Bearish_Div_50', 'VWAP', 'year', 'month', 'day', 'hour', 'minute', 'day_of_week', 'market_open_hour', 'stock_open_hour', 'RSI_14', 'RSI_SMA_7', 'RSI_SMA_14', 'RSI', 'SMA_RSI', 'Vol_Weighted_RSI_SMA', 'RSI_EMA_7', 'RSI_EMA_14', 'RSI_Trend', 'RSI_Trend_Direction', 'RSI_Crossover_SMA', 'RSI_Crossover_EMA', 'future_direction_2', 'direction', 'same_direction', 'EMA_12', 'EMA_26', 'MACD', 'MACD_Signal', 'body_ratio_prev', 'SMA_10', 'EMA_10', 'ATR_14', 'Bollinger_High', 'Bollinger_Low', 'Bollinger_Width', 'SuperTrend_Trend', 'SuperTrend_Direction', 'SuperTrend_Long', 'SuperTrend_Short', 'Stoch_RSI', 'Keltner_High', 'Keltner_Low', 'Keltner_Mid', 'Keltner_Width', 'ADX', 'Williams_R', 'day_of_year', 'sin_day', 'cos_day', 'sin_hour', 'cos_hour', 'period_of_day', 'hourly_return', 'hourly_volatility', 'volatility_by_period', 'volatility_6h', 'volatility_12h', 'volatility_24h', 'volatility_period_0', 'volatility_period_1', 'volatility_period_2', 'volatility_period_3', 'volatility_morning', 'volatility_afternoon', 'volatility_evening', 'volatility_night', 'log_return_5m', 'log_return_1h', 'momentum_1h', 'log_return_4h', 'momentum_4h', 'log_return_1d', 'momentum_1d', 'momentum_5m']
2025-06-06 21:23:51,333 - prediction_service - INFO - Colonnes numériques sélectionnées: ['Open', 'High', 'Low', 'Close', 'Volume', 'time_diff', 'Open_1h', 'High_1h', 'Low_1h', 'Close_1h', 'Volume_1h', 'Open_4h', 'High_4h', 'Low_4h', 'Close_4h', 'Volume_4h', 'Open_1d', 'High_1d', 'Low_1d', 'Close_1d', 'Volume_1d', '1h_price_change_pct', '4h_price_change_pct', '1d_price_change_pct', '1h_range', '1h_position', '4h_range', '4h_position', '1d_range', '1d_position', '1h_volume_ratio', '4h_volume_ratio', '1d_volume_ratio', '1h_SMA', '4h_SMA', '1d_SMA', 'close_over_1h_SMA', 'close_over_4h_SMA', 'close_over_1d_SMA', '1h_trend', '4h_trend', '1d_trend', 'bullish_alignment', 'bearish_alignment', 'mixed_trend_signals', '1h_support', '1h_resistance', '1h_sup_res_count', '1h_support_strength', '1h_resistance_strength', '4h_support', '4h_resistance', '4h_sup_res_count', '4h_support_strength', '4h_resistance_strength', '1d_support', '1d_resistance', '1d_sup_res_count', '1d_support_strength', '1d_resistance_strength', '1h_dist_to_support', '1h_dist_to_resistance', '1h_sup_res_position', '1h_at_support', '1h_at_resistance', '1h_breaking_support', '1h_breaking_resistance', '1h_sr_range_width', '4h_dist_to_support', '4h_dist_to_resistance', '4h_sup_res_position', '4h_at_support', '4h_at_resistance', '4h_breaking_support', '4h_breaking_resistance', '4h_sr_range_width', '1d_dist_to_support', '1d_dist_to_resistance', '1d_sup_res_position', '1d_at_support', '1d_at_resistance', '1d_breaking_support', '1d_breaking_resistance', '1d_sr_range_width', 'multi_timeframe_support', 'multi_timeframe_resistance', 'strong_support_zone', 'strong_resistance_zone', 'in_sr_range', 'breaking_sr_range', 'InstrumentID', 'Open_1h', 'High_1h', 'Low_1h', 'Close_1h', 'Volume_1h', 'candle_range', 'corps_candle', 'meche_haute', 'meche_basse', 'candle_trend', 'doji', 'doji_strength', 'perfect_doji', 'upper_wick', 'lower_wick', 'ratio_corps', 'doji_invalid', 'bullish_engulfing', 'bearish_engulfing', 'engulfing_strength', 'corps_candle_prev', 'corps_sum', 'Volume_SMA_5', 'Volume_SMA_10', 'Volume_SMA_20', 'Volume_Ratio_SMA5', 'Volume_Ratio_SMA10', 'Volume_Ratio_SMA20', 'Volume_Change_1', 'Volume_Change_5', 'PV_Ratio', 'PV_Change', 'OBV', 'Volume_SMA', 'OBV_normalized', 'OBV_norm_minmax', 'OBV_std', 'OBV_norm_std', 'OBV_SMA_10', 'OBV_EMA_10', 'OBV_WMA_10', 'OBV_SMA_20', 'OBV_EMA_20', 'OBV_WMA_20', 'OBV_SMA_50', 'OBV_EMA_50', 'OBV_WMA_50', 'OBV_Trend_short', 'OBV_Trend_medium', 'OBV_Trend_long', 'OBV_Bullish_Div_10', 'OBV_Bearish_Div_10', 'OBV_Bullish_Div_20', 'OBV_Bearish_Div_20', 'OBV_Bullish_Div_50', 'OBV_Bearish_Div_50', 'MFV', 'ADL', 'ADL_norm', 'ADL_SMA5', 'ADL_SMA15', 'ADL_SMA30', 'ADL_Trend', 'Price_Trend', 'ADL_Divergence', 'MFM', 'CMF_20', 'PVT_change', 'PVT', 'PVT_norm', 'PVT_SMA10', 'PVT_SMA30', 'PVT_signal', 'PVT_cross', 'PVT_cross_signal', 'PVT_delta5', 'CCI_5', 'CCI_10', 'CCI_15', 'Volume_Oscillator', 'VWAP', 'VWMA_10', 'VWMA_20', 'Force_Index_1', 'Force_Index_13', 'Typical_Price', 'Raw_Money_Flow', 'Typical_Price_Prev', 'Money_Flow_Positive', 'Money_Flow_Negative', 'MFI_14', 'Vol_Weighted_Up', 'Vol_Weighted_Down', 'Vol_Weighted_Up_Avg', 'Vol_Weighted_Down_Avg', 'Vol_Weighted_RSI', 'VWAP_10', 'InstrumentID_4h', 'Open_4h', 'High_4h', 'Low_4h', 'Close_4h', 'Volume_4h', 'candle_range_4h', 'corps_candle_4h', 'meche_haute_4h', 'meche_basse_4h', 'candle_trend_4h', 'doji_4h', 'doji_strength_4h', 'perfect_doji_4h', 'upper_wick_4h', 'lower_wick_4h', 'ratio_corps_4h', 'doji_invalid_4h', 'bullish_engulfing_4h', 'bearish_engulfing_4h', 'engulfing_strength_4h', 'corps_candle_prev_4h', 'corps_sum_4h', 'Volume_SMA_5_4h', 'Volume_SMA_10_4h', 'Volume_SMA_20_4h', 'Volume_Ratio_SMA5_4h', 'Volume_Ratio_SMA10_4h', 'Volume_Ratio_SMA20_4h', 'Volume_Change_1_4h', 'Volume_Change_5_4h', 'PV_Ratio_4h', 'PV_Change_4h', 'OBV_4h', 'Volume_SMA_4h', 'OBV_normalized_4h', 'OBV_norm_minmax_4h', 'OBV_std_4h', 'OBV_norm_std_4h', 'OBV_SMA_10_4h', 'OBV_EMA_10_4h', 'OBV_WMA_10_4h', 'OBV_SMA_20_4h', 'OBV_EMA_20_4h', 'OBV_WMA_20_4h', 'OBV_SMA_50_4h', 'OBV_EMA_50_4h', 'OBV_WMA_50_4h', 'OBV_Trend_short_4h', 'OBV_Trend_medium_4h', 'OBV_Trend_long_4h', 'OBV_Bullish_Div_10_4h', 'OBV_Bearish_Div_10_4h', 'OBV_Bullish_Div_20_4h', 'OBV_Bearish_Div_20_4h', 'OBV_Bullish_Div_50_4h', 'OBV_Bearish_Div_50_4h', 'MFV_4h', 'ADL_4h', 'ADL_norm_4h', 'ADL_SMA5_4h', 'ADL_SMA15_4h', 'ADL_SMA30_4h', 'ADL_Trend_4h', 'Price_Trend_4h', 'ADL_Divergence_4h', 'MFM_4h', 'CMF_20_4h', 'PVT_change_4h', 'PVT_4h', 'PVT_norm_4h', 'PVT_SMA10_4h', 'PVT_SMA30_4h', 'PVT_signal_4h', 'PVT_cross_4h', 'PVT_cross_signal_4h', 'PVT_delta5_4h', 'CCI_5_4h', 'CCI_10_4h', 'CCI_15_4h', 'Volume_Oscillator_4h', 'VWAP_4h', 'VWMA_10_4h', 'VWMA_20_4h', 'Force_Index_1_4h', 'Force_Index_13_4h', 'Typical_Price_4h', 'Raw_Money_Flow_4h', 'Typical_Price_Prev_4h', 'Money_Flow_Positive_4h', 'Money_Flow_Negative_4h', 'MFI_14_4h', 'Vol_Weighted_Up_4h', 'Vol_Weighted_Down_4h', 'Vol_Weighted_Up_Avg_4h', 'Vol_Weighted_Down_Avg_4h', 'Vol_Weighted_RSI_4h', 'VWAP_10_4h', 'InstrumentID_1d', 'Open_1d', 'High_1d', 'Low_1d', 'Close_1d', 'Volume_1d', 'candle_range_1d', 'corps_candle_1d', 'meche_haute_1d', 'meche_basse_1d', 'candle_trend_1d', 'doji_1d', 'doji_strength_1d', 'perfect_doji_1d', 'upper_wick_1d', 'lower_wick_1d', 'ratio_corps_1d', 'doji_invalid_1d', 'bullish_engulfing_1d', 'bearish_engulfing_1d', 'engulfing_strength_1d', 'corps_candle_prev_1d', 'corps_sum_1d', 'Volume_SMA_5_1d', 'Volume_SMA_10_1d', 'Volume_SMA_20_1d', 'Volume_Ratio_SMA5_1d', 'Volume_Ratio_SMA10_1d', 'Volume_Ratio_SMA20_1d', 'Volume_Change_1_1d', 'Volume_Change_5_1d', 'PV_Ratio_1d', 'PV_Change_1d', 'OBV_1d', 'Volume_SMA_1d', 'OBV_normalized_1d', 'OBV_norm_minmax_1d', 'OBV_std_1d', 'OBV_norm_std_1d', 'OBV_SMA_10_1d', 'OBV_EMA_10_1d', 'OBV_WMA_10_1d', 'OBV_SMA_20_1d', 'OBV_EMA_20_1d', 'OBV_WMA_20_1d', 'OBV_SMA_50_1d', 'OBV_EMA_50_1d', 'OBV_WMA_50_1d', 'OBV_Trend_short_1d', 'OBV_Trend_medium_1d', 'OBV_Trend_long_1d', 'OBV_Bullish_Div_10_1d', 'OBV_Bearish_Div_10_1d', 'OBV_Bullish_Div_20_1d', 'OBV_Bearish_Div_20_1d', 'OBV_Bullish_Div_50_1d', 'OBV_Bearish_Div_50_1d', 'MFV_1d', 'ADL_1d', 'ADL_norm_1d', 'ADL_SMA5_1d', 'ADL_SMA15_1d', 'ADL_SMA30_1d', 'ADL_Trend_1d', 'Price_Trend_1d', 'ADL_Divergence_1d', 'MFM_1d', 'CMF_20_1d', 'PVT_change_1d', 'PVT_1d', 'PVT_norm_1d', 'PVT_SMA10_1d', 'PVT_SMA30_1d', 'PVT_signal_1d', 'PVT_cross_1d', 'PVT_cross_signal_1d', 'PVT_delta5_1d', 'CCI_5_1d', 'CCI_10_1d', 'CCI_15_1d', 'Volume_Oscillator_1d', 'VWAP_1d', 'VWMA_10_1d', 'VWMA_20_1d', 'Force_Index_1_1d', 'Force_Index_13_1d', 'Typical_Price_1d', 'Raw_Money_Flow_1d', 'Typical_Price_Prev_1d', 'Money_Flow_Positive_1d', 'Money_Flow_Negative_1d', 'MFI_14_1d', 'Vol_Weighted_Up_1d', 'Vol_Weighted_Down_1d', 'Vol_Weighted_Up_Avg_1d', 'Vol_Weighted_Down_Avg_1d', 'Vol_Weighted_RSI_1d', 'VWAP_10_1d', 'Volume_SMA', 'OBV_normalized', 'OBV_norm_minmax', 'OBV_std', 'OBV_norm_std', 'OBV_SMA_10', 'OBV_EMA_10', 'OBV_WMA_10', 'OBV_SMA_20', 'OBV_EMA_20', 'OBV_WMA_20', 'OBV_SMA_50', 'OBV_EMA_50', 'OBV_WMA_50', 'OBV_Trend_short', 'OBV_Trend_medium', 'OBV_Trend_long', 'OBV_Bullish_Div_10', 'OBV_Bearish_Div_10', 'OBV_Bullish_Div_20', 'OBV_Bearish_Div_20', 'OBV_Bullish_Div_50', 'OBV_Bearish_Div_50', 'VWAP', 'year', 'month', 'day', 'hour', 'minute', 'day_of_week', 'market_open_hour', 'stock_open_hour', 'RSI_14', 'RSI_SMA_7', 'RSI_SMA_14', 'RSI', 'SMA_RSI', 'Vol_Weighted_RSI_SMA', 'RSI_EMA_7', 'RSI_EMA_14', 'RSI_Trend', 'RSI_Trend_Direction', 'RSI_Crossover_SMA', 'RSI_Crossover_EMA', 'future_direction_2', 'direction', 'same_direction', 'EMA_12', 'EMA_26', 'MACD', 'MACD_Signal', 'body_ratio_prev', 'SMA_10', 'EMA_10', 'ATR_14', 'Bollinger_High', 'Bollinger_Low', 'Bollinger_Width', 'SuperTrend_Trend', 'SuperTrend_Direction', 'SuperTrend_Long', 'SuperTrend_Short', 'Stoch_RSI', 'Keltner_High', 'Keltner_Low', 'Keltner_Mid', 'Keltner_Width', 'ADX', 'Williams_R', 'day_of_year', 'sin_day', 'cos_day', 'sin_hour', 'cos_hour', 'period_of_day', 'hourly_return', 'hourly_volatility', 'volatility_by_period', 'volatility_6h', 'volatility_12h', 'volatility_24h', 'volatility_period_0', 'volatility_period_1', 'volatility_period_2', 'volatility_period_3', 'volatility_morning', 'volatility_afternoon', 'volatility_evening', 'volatility_night', 'log_return_5m', 'log_return_1h', 'momentum_1h', 'log_return_4h', 'momentum_4h', 'log_return_1d', 'momentum_1d', 'momentum_5m']
2025-06-06 21:26:17,502 - prediction_service - INFO - Colonnes numériques sélectionnées: ['Open', 'High', 'Low', 'Close', 'Volume', 'time_diff', 'Open_1h', 'High_1h', 'Low_1h', 'Close_1h', 'Volume_1h', 'Open_4h', 'High_4h', 'Low_4h', 'Close_4h', 'Volume_4h', 'Open_1d', 'High_1d', 'Low_1d', 'Close_1d', 'Volume_1d', '1h_price_change_pct', '4h_price_change_pct', '1d_price_change_pct', '1h_range', '1h_position', '4h_range', '4h_position', '1d_range', '1d_position', '1h_volume_ratio', '4h_volume_ratio', '1d_volume_ratio', '1h_SMA', '4h_SMA', '1d_SMA', 'close_over_1h_SMA', 'close_over_4h_SMA', 'close_over_1d_SMA', '1h_trend', '4h_trend', '1d_trend', 'bullish_alignment', 'bearish_alignment', 'mixed_trend_signals', '1h_support', '1h_resistance', '1h_sup_res_count', '1h_support_strength', '1h_resistance_strength', '4h_support', '4h_resistance', '4h_sup_res_count', '4h_support_strength', '4h_resistance_strength', '1d_support', '1d_resistance', '1d_sup_res_count', '1d_support_strength', '1d_resistance_strength', '1h_dist_to_support', '1h_dist_to_resistance', '1h_sup_res_position', '1h_at_support', '1h_at_resistance', '1h_breaking_support', '1h_breaking_resistance', '1h_sr_range_width', '4h_dist_to_support', '4h_dist_to_resistance', '4h_sup_res_position', '4h_at_support', '4h_at_resistance', '4h_breaking_support', '4h_breaking_resistance', '4h_sr_range_width', '1d_dist_to_support', '1d_dist_to_resistance', '1d_sup_res_position', '1d_at_support', '1d_at_resistance', '1d_breaking_support', '1d_breaking_resistance', '1d_sr_range_width', 'multi_timeframe_support', 'multi_timeframe_resistance', 'strong_support_zone', 'strong_resistance_zone', 'in_sr_range', 'breaking_sr_range', 'InstrumentID', 'Open_1h', 'High_1h', 'Low_1h', 'Close_1h', 'Volume_1h', 'candle_range', 'corps_candle', 'meche_haute', 'meche_basse', 'candle_trend', 'doji', 'doji_strength', 'perfect_doji', 'upper_wick', 'lower_wick', 'ratio_corps', 'doji_invalid', 'bullish_engulfing', 'bearish_engulfing', 'engulfing_strength', 'corps_candle_prev', 'corps_sum', 'Volume_SMA_5', 'Volume_SMA_10', 'Volume_SMA_20', 'Volume_Ratio_SMA5', 'Volume_Ratio_SMA10', 'Volume_Ratio_SMA20', 'Volume_Change_1', 'Volume_Change_5', 'PV_Ratio', 'PV_Change', 'OBV', 'Volume_SMA', 'OBV_normalized', 'OBV_norm_minmax', 'OBV_std', 'OBV_norm_std', 'OBV_SMA_10', 'OBV_EMA_10', 'OBV_WMA_10', 'OBV_SMA_20', 'OBV_EMA_20', 'OBV_WMA_20', 'OBV_SMA_50', 'OBV_EMA_50', 'OBV_WMA_50', 'OBV_Trend_short', 'OBV_Trend_medium', 'OBV_Trend_long', 'OBV_Bullish_Div_10', 'OBV_Bearish_Div_10', 'OBV_Bullish_Div_20', 'OBV_Bearish_Div_20', 'OBV_Bullish_Div_50', 'OBV_Bearish_Div_50', 'MFV', 'ADL', 'ADL_norm', 'ADL_SMA5', 'ADL_SMA15', 'ADL_SMA30', 'ADL_Trend', 'Price_Trend', 'ADL_Divergence', 'MFM', 'CMF_20', 'PVT_change', 'PVT', 'PVT_norm', 'PVT_SMA10', 'PVT_SMA30', 'PVT_signal', 'PVT_cross', 'PVT_cross_signal', 'PVT_delta5', 'CCI_5', 'CCI_10', 'CCI_15', 'Volume_Oscillator', 'VWAP', 'VWMA_10', 'VWMA_20', 'Force_Index_1', 'Force_Index_13', 'Typical_Price', 'Raw_Money_Flow', 'Typical_Price_Prev', 'Money_Flow_Positive', 'Money_Flow_Negative', 'MFI_14', 'Vol_Weighted_Up', 'Vol_Weighted_Down', 'Vol_Weighted_Up_Avg', 'Vol_Weighted_Down_Avg', 'Vol_Weighted_RSI', 'VWAP_10', 'InstrumentID_4h', 'Open_4h', 'High_4h', 'Low_4h', 'Close_4h', 'Volume_4h', 'candle_range_4h', 'corps_candle_4h', 'meche_haute_4h', 'meche_basse_4h', 'candle_trend_4h', 'doji_4h', 'doji_strength_4h', 'perfect_doji_4h', 'upper_wick_4h', 'lower_wick_4h', 'ratio_corps_4h', 'doji_invalid_4h', 'bullish_engulfing_4h', 'bearish_engulfing_4h', 'engulfing_strength_4h', 'corps_candle_prev_4h', 'corps_sum_4h', 'Volume_SMA_5_4h', 'Volume_SMA_10_4h', 'Volume_SMA_20_4h', 'Volume_Ratio_SMA5_4h', 'Volume_Ratio_SMA10_4h', 'Volume_Ratio_SMA20_4h', 'Volume_Change_1_4h', 'Volume_Change_5_4h', 'PV_Ratio_4h', 'PV_Change_4h', 'OBV_4h', 'Volume_SMA_4h', 'OBV_normalized_4h', 'OBV_norm_minmax_4h', 'OBV_std_4h', 'OBV_norm_std_4h', 'OBV_SMA_10_4h', 'OBV_EMA_10_4h', 'OBV_WMA_10_4h', 'OBV_SMA_20_4h', 'OBV_EMA_20_4h', 'OBV_WMA_20_4h', 'OBV_SMA_50_4h', 'OBV_EMA_50_4h', 'OBV_WMA_50_4h', 'OBV_Trend_short_4h', 'OBV_Trend_medium_4h', 'OBV_Trend_long_4h', 'OBV_Bullish_Div_10_4h', 'OBV_Bearish_Div_10_4h', 'OBV_Bullish_Div_20_4h', 'OBV_Bearish_Div_20_4h', 'OBV_Bullish_Div_50_4h', 'OBV_Bearish_Div_50_4h', 'MFV_4h', 'ADL_4h', 'ADL_norm_4h', 'ADL_SMA5_4h', 'ADL_SMA15_4h', 'ADL_SMA30_4h', 'ADL_Trend_4h', 'Price_Trend_4h', 'ADL_Divergence_4h', 'MFM_4h', 'CMF_20_4h', 'PVT_change_4h', 'PVT_4h', 'PVT_norm_4h', 'PVT_SMA10_4h', 'PVT_SMA30_4h', 'PVT_signal_4h', 'PVT_cross_4h', 'PVT_cross_signal_4h', 'PVT_delta5_4h', 'CCI_5_4h', 'CCI_10_4h', 'CCI_15_4h', 'Volume_Oscillator_4h', 'VWAP_4h', 'VWMA_10_4h', 'VWMA_20_4h', 'Force_Index_1_4h', 'Force_Index_13_4h', 'Typical_Price_4h', 'Raw_Money_Flow_4h', 'Typical_Price_Prev_4h', 'Money_Flow_Positive_4h', 'Money_Flow_Negative_4h', 'MFI_14_4h', 'Vol_Weighted_Up_4h', 'Vol_Weighted_Down_4h', 'Vol_Weighted_Up_Avg_4h', 'Vol_Weighted_Down_Avg_4h', 'Vol_Weighted_RSI_4h', 'VWAP_10_4h', 'InstrumentID_1d', 'Open_1d', 'High_1d', 'Low_1d', 'Close_1d', 'Volume_1d', 'candle_range_1d', 'corps_candle_1d', 'meche_haute_1d', 'meche_basse_1d', 'candle_trend_1d', 'doji_1d', 'doji_strength_1d', 'perfect_doji_1d', 'upper_wick_1d', 'lower_wick_1d', 'ratio_corps_1d', 'doji_invalid_1d', 'bullish_engulfing_1d', 'bearish_engulfing_1d', 'engulfing_strength_1d', 'corps_candle_prev_1d', 'corps_sum_1d', 'Volume_SMA_5_1d', 'Volume_SMA_10_1d', 'Volume_SMA_20_1d', 'Volume_Ratio_SMA5_1d', 'Volume_Ratio_SMA10_1d', 'Volume_Ratio_SMA20_1d', 'Volume_Change_1_1d', 'Volume_Change_5_1d', 'PV_Ratio_1d', 'PV_Change_1d', 'OBV_1d', 'Volume_SMA_1d', 'OBV_normalized_1d', 'OBV_norm_minmax_1d', 'OBV_std_1d', 'OBV_norm_std_1d', 'OBV_SMA_10_1d', 'OBV_EMA_10_1d', 'OBV_WMA_10_1d', 'OBV_SMA_20_1d', 'OBV_EMA_20_1d', 'OBV_WMA_20_1d', 'OBV_SMA_50_1d', 'OBV_EMA_50_1d', 'OBV_WMA_50_1d', 'OBV_Trend_short_1d', 'OBV_Trend_medium_1d', 'OBV_Trend_long_1d', 'OBV_Bullish_Div_10_1d', 'OBV_Bearish_Div_10_1d', 'OBV_Bullish_Div_20_1d', 'OBV_Bearish_Div_20_1d', 'OBV_Bullish_Div_50_1d', 'OBV_Bearish_Div_50_1d', 'MFV_1d', 'ADL_1d', 'ADL_norm_1d', 'ADL_SMA5_1d', 'ADL_SMA15_1d', 'ADL_SMA30_1d', 'ADL_Trend_1d', 'Price_Trend_1d', 'ADL_Divergence_1d', 'MFM_1d', 'CMF_20_1d', 'PVT_change_1d', 'PVT_1d', 'PVT_norm_1d', 'PVT_SMA10_1d', 'PVT_SMA30_1d', 'PVT_signal_1d', 'PVT_cross_1d', 'PVT_cross_signal_1d', 'PVT_delta5_1d', 'CCI_5_1d', 'CCI_10_1d', 'CCI_15_1d', 'Volume_Oscillator_1d', 'VWAP_1d', 'VWMA_10_1d', 'VWMA_20_1d', 'Force_Index_1_1d', 'Force_Index_13_1d', 'Typical_Price_1d', 'Raw_Money_Flow_1d', 'Typical_Price_Prev_1d', 'Money_Flow_Positive_1d', 'Money_Flow_Negative_1d', 'MFI_14_1d', 'Vol_Weighted_Up_1d', 'Vol_Weighted_Down_1d', 'Vol_Weighted_Up_Avg_1d', 'Vol_Weighted_Down_Avg_1d', 'Vol_Weighted_RSI_1d', 'VWAP_10_1d', 'Volume_SMA', 'OBV_normalized', 'OBV_norm_minmax', 'OBV_std', 'OBV_norm_std', 'OBV_SMA_10', 'OBV_EMA_10', 'OBV_WMA_10', 'OBV_SMA_20', 'OBV_EMA_20', 'OBV_WMA_20', 'OBV_SMA_50', 'OBV_EMA_50', 'OBV_WMA_50', 'OBV_Trend_short', 'OBV_Trend_medium', 'OBV_Trend_long', 'OBV_Bullish_Div_10', 'OBV_Bearish_Div_10', 'OBV_Bullish_Div_20', 'OBV_Bearish_Div_20', 'OBV_Bullish_Div_50', 'OBV_Bearish_Div_50', 'VWAP', 'year', 'month', 'day', 'hour', 'minute', 'day_of_week', 'market_open_hour', 'stock_open_hour', 'RSI_14', 'RSI_SMA_7', 'RSI_SMA_14', 'RSI', 'SMA_RSI', 'Vol_Weighted_RSI_SMA', 'RSI_EMA_7', 'RSI_EMA_14', 'RSI_Trend', 'RSI_Trend_Direction', 'RSI_Crossover_SMA', 'RSI_Crossover_EMA', 'future_direction_2', 'direction', 'same_direction', 'EMA_12', 'EMA_26', 'MACD', 'MACD_Signal', 'body_ratio_prev', 'SMA_10', 'EMA_10', 'ATR_14', 'Bollinger_High', 'Bollinger_Low', 'Bollinger_Width', 'SuperTrend_Trend', 'SuperTrend_Direction', 'SuperTrend_Long', 'SuperTrend_Short', 'Stoch_RSI', 'Keltner_High', 'Keltner_Low', 'Keltner_Mid', 'Keltner_Width', 'ADX', 'Williams_R', 'day_of_year', 'sin_day', 'cos_day', 'sin_hour', 'cos_hour', 'period_of_day', 'hourly_return', 'hourly_volatility', 'volatility_by_period', 'volatility_6h', 'volatility_12h', 'volatility_24h', 'volatility_period_0', 'volatility_period_1', 'volatility_period_2', 'volatility_period_3', 'volatility_morning', 'volatility_afternoon', 'volatility_evening', 'volatility_night', 'log_return_5m', 'log_return_1h', 'momentum_1h', 'log_return_4h', 'momentum_4h', 'log_return_1d', 'momentum_1d', 'momentum_5m']
2025-06-06 21:37:24,243 - prediction_service - INFO - Colonnes numériques sélectionnées: ['Open', 'High', 'Low', 'Close', 'Volume', 'time_diff', 'Open_1h', 'High_1h', 'Low_1h', 'Close_1h', 'Volume_1h', 'Open_4h', 'High_4h', 'Low_4h', 'Close_4h', 'Volume_4h', 'Open_1d', 'High_1d', 'Low_1d', 'Close_1d', 'Volume_1d', '1h_price_change_pct', '4h_price_change_pct', '1d_price_change_pct', '1h_range', '1h_position', '4h_range', '4h_position', '1d_range', '1d_position', '1h_volume_ratio', '4h_volume_ratio', '1d_volume_ratio', '1h_SMA', '4h_SMA', '1d_SMA', 'close_over_1h_SMA', 'close_over_4h_SMA', 'close_over_1d_SMA', '1h_trend', '4h_trend', '1d_trend', 'bullish_alignment', 'bearish_alignment', 'mixed_trend_signals', '1h_support', '1h_resistance', '1h_sup_res_count', '1h_support_strength', '1h_resistance_strength', '4h_support', '4h_resistance', '4h_sup_res_count', '4h_support_strength', '4h_resistance_strength', '1d_support', '1d_resistance', '1d_sup_res_count', '1d_support_strength', '1d_resistance_strength', '1h_dist_to_support', '1h_dist_to_resistance', '1h_sup_res_position', '1h_at_support', '1h_at_resistance', '1h_breaking_support', '1h_breaking_resistance', '1h_sr_range_width', '4h_dist_to_support', '4h_dist_to_resistance', '4h_sup_res_position', '4h_at_support', '4h_at_resistance', '4h_breaking_support', '4h_breaking_resistance', '4h_sr_range_width', '1d_dist_to_support', '1d_dist_to_resistance', '1d_sup_res_position', '1d_at_support', '1d_at_resistance', '1d_breaking_support', '1d_breaking_resistance', '1d_sr_range_width', 'multi_timeframe_support', 'multi_timeframe_resistance', 'strong_support_zone', 'strong_resistance_zone', 'in_sr_range', 'breaking_sr_range', 'InstrumentID', 'Open_1h', 'High_1h', 'Low_1h', 'Close_1h', 'Volume_1h', 'candle_range', 'corps_candle', 'meche_haute', 'meche_basse', 'candle_trend', 'doji', 'doji_strength', 'perfect_doji', 'upper_wick', 'lower_wick', 'ratio_corps', 'doji_invalid', 'bullish_engulfing', 'bearish_engulfing', 'engulfing_strength', 'corps_candle_prev', 'corps_sum', 'Volume_SMA_5', 'Volume_SMA_10', 'Volume_SMA_20', 'Volume_Ratio_SMA5', 'Volume_Ratio_SMA10', 'Volume_Ratio_SMA20', 'Volume_Change_1', 'Volume_Change_5', 'PV_Ratio', 'PV_Change', 'OBV', 'Volume_SMA', 'OBV_normalized', 'OBV_norm_minmax', 'OBV_std', 'OBV_norm_std', 'OBV_SMA_10', 'OBV_EMA_10', 'OBV_WMA_10', 'OBV_SMA_20', 'OBV_EMA_20', 'OBV_WMA_20', 'OBV_SMA_50', 'OBV_EMA_50', 'OBV_WMA_50', 'OBV_Trend_short', 'OBV_Trend_medium', 'OBV_Trend_long', 'OBV_Bullish_Div_10', 'OBV_Bearish_Div_10', 'OBV_Bullish_Div_20', 'OBV_Bearish_Div_20', 'OBV_Bullish_Div_50', 'OBV_Bearish_Div_50', 'MFV', 'ADL', 'ADL_norm', 'ADL_SMA5', 'ADL_SMA15', 'ADL_SMA30', 'ADL_Trend', 'Price_Trend', 'ADL_Divergence', 'MFM', 'CMF_20', 'PVT_change', 'PVT', 'PVT_norm', 'PVT_SMA10', 'PVT_SMA30', 'PVT_signal', 'PVT_cross', 'PVT_cross_signal', 'PVT_delta5', 'CCI_5', 'CCI_10', 'CCI_15', 'Volume_Oscillator', 'VWAP', 'VWMA_10', 'VWMA_20', 'Force_Index_1', 'Force_Index_13', 'Typical_Price', 'Raw_Money_Flow', 'Typical_Price_Prev', 'Money_Flow_Positive', 'Money_Flow_Negative', 'MFI_14', 'Vol_Weighted_Up', 'Vol_Weighted_Down', 'Vol_Weighted_Up_Avg', 'Vol_Weighted_Down_Avg', 'Vol_Weighted_RSI', 'VWAP_10', 'InstrumentID_4h', 'Open_4h', 'High_4h', 'Low_4h', 'Close_4h', 'Volume_4h', 'candle_range_4h', 'corps_candle_4h', 'meche_haute_4h', 'meche_basse_4h', 'candle_trend_4h', 'doji_4h', 'doji_strength_4h', 'perfect_doji_4h', 'upper_wick_4h', 'lower_wick_4h', 'ratio_corps_4h', 'doji_invalid_4h', 'bullish_engulfing_4h', 'bearish_engulfing_4h', 'engulfing_strength_4h', 'corps_candle_prev_4h', 'corps_sum_4h', 'Volume_SMA_5_4h', 'Volume_SMA_10_4h', 'Volume_SMA_20_4h', 'Volume_Ratio_SMA5_4h', 'Volume_Ratio_SMA10_4h', 'Volume_Ratio_SMA20_4h', 'Volume_Change_1_4h', 'Volume_Change_5_4h', 'PV_Ratio_4h', 'PV_Change_4h', 'OBV_4h', 'Volume_SMA_4h', 'OBV_normalized_4h', 'OBV_norm_minmax_4h', 'OBV_std_4h', 'OBV_norm_std_4h', 'OBV_SMA_10_4h', 'OBV_EMA_10_4h', 'OBV_WMA_10_4h', 'OBV_SMA_20_4h', 'OBV_EMA_20_4h', 'OBV_WMA_20_4h', 'OBV_SMA_50_4h', 'OBV_EMA_50_4h', 'OBV_WMA_50_4h', 'OBV_Trend_short_4h', 'OBV_Trend_medium_4h', 'OBV_Trend_long_4h', 'OBV_Bullish_Div_10_4h', 'OBV_Bearish_Div_10_4h', 'OBV_Bullish_Div_20_4h', 'OBV_Bearish_Div_20_4h', 'OBV_Bullish_Div_50_4h', 'OBV_Bearish_Div_50_4h', 'MFV_4h', 'ADL_4h', 'ADL_norm_4h', 'ADL_SMA5_4h', 'ADL_SMA15_4h', 'ADL_SMA30_4h', 'ADL_Trend_4h', 'Price_Trend_4h', 'ADL_Divergence_4h', 'MFM_4h', 'CMF_20_4h', 'PVT_change_4h', 'PVT_4h', 'PVT_norm_4h', 'PVT_SMA10_4h', 'PVT_SMA30_4h', 'PVT_signal_4h', 'PVT_cross_4h', 'PVT_cross_signal_4h', 'PVT_delta5_4h', 'CCI_5_4h', 'CCI_10_4h', 'CCI_15_4h', 'Volume_Oscillator_4h', 'VWAP_4h', 'VWMA_10_4h', 'VWMA_20_4h', 'Force_Index_1_4h', 'Force_Index_13_4h', 'Typical_Price_4h', 'Raw_Money_Flow_4h', 'Typical_Price_Prev_4h', 'Money_Flow_Positive_4h', 'Money_Flow_Negative_4h', 'MFI_14_4h', 'Vol_Weighted_Up_4h', 'Vol_Weighted_Down_4h', 'Vol_Weighted_Up_Avg_4h', 'Vol_Weighted_Down_Avg_4h', 'Vol_Weighted_RSI_4h', 'VWAP_10_4h', 'InstrumentID_1d', 'Open_1d', 'High_1d', 'Low_1d', 'Close_1d', 'Volume_1d', 'candle_range_1d', 'corps_candle_1d', 'meche_haute_1d', 'meche_basse_1d', 'candle_trend_1d', 'doji_1d', 'doji_strength_1d', 'perfect_doji_1d', 'upper_wick_1d', 'lower_wick_1d', 'ratio_corps_1d', 'doji_invalid_1d', 'bullish_engulfing_1d', 'bearish_engulfing_1d', 'engulfing_strength_1d', 'corps_candle_prev_1d', 'corps_sum_1d', 'Volume_SMA_5_1d', 'Volume_SMA_10_1d', 'Volume_SMA_20_1d', 'Volume_Ratio_SMA5_1d', 'Volume_Ratio_SMA10_1d', 'Volume_Ratio_SMA20_1d', 'Volume_Change_1_1d', 'Volume_Change_5_1d', 'PV_Ratio_1d', 'PV_Change_1d', 'OBV_1d', 'Volume_SMA_1d', 'OBV_normalized_1d', 'OBV_norm_minmax_1d', 'OBV_std_1d', 'OBV_norm_std_1d', 'OBV_SMA_10_1d', 'OBV_EMA_10_1d', 'OBV_WMA_10_1d', 'OBV_SMA_20_1d', 'OBV_EMA_20_1d', 'OBV_WMA_20_1d', 'OBV_SMA_50_1d', 'OBV_EMA_50_1d', 'OBV_WMA_50_1d', 'OBV_Trend_short_1d', 'OBV_Trend_medium_1d', 'OBV_Trend_long_1d', 'OBV_Bullish_Div_10_1d', 'OBV_Bearish_Div_10_1d', 'OBV_Bullish_Div_20_1d', 'OBV_Bearish_Div_20_1d', 'OBV_Bullish_Div_50_1d', 'OBV_Bearish_Div_50_1d', 'MFV_1d', 'ADL_1d', 'ADL_norm_1d', 'ADL_SMA5_1d', 'ADL_SMA15_1d', 'ADL_SMA30_1d', 'ADL_Trend_1d', 'Price_Trend_1d', 'ADL_Divergence_1d', 'MFM_1d', 'CMF_20_1d', 'PVT_change_1d', 'PVT_1d', 'PVT_norm_1d', 'PVT_SMA10_1d', 'PVT_SMA30_1d', 'PVT_signal_1d', 'PVT_cross_1d', 'PVT_cross_signal_1d', 'PVT_delta5_1d', 'CCI_5_1d', 'CCI_10_1d', 'CCI_15_1d', 'Volume_Oscillator_1d', 'VWAP_1d', 'VWMA_10_1d', 'VWMA_20_1d', 'Force_Index_1_1d', 'Force_Index_13_1d', 'Typical_Price_1d', 'Raw_Money_Flow_1d', 'Typical_Price_Prev_1d', 'Money_Flow_Positive_1d', 'Money_Flow_Negative_1d', 'MFI_14_1d', 'Vol_Weighted_Up_1d', 'Vol_Weighted_Down_1d', 'Vol_Weighted_Up_Avg_1d', 'Vol_Weighted_Down_Avg_1d', 'Vol_Weighted_RSI_1d', 'VWAP_10_1d', 'Volume_SMA', 'OBV_normalized', 'OBV_norm_minmax', 'OBV_std', 'OBV_norm_std', 'OBV_SMA_10', 'OBV_EMA_10', 'OBV_WMA_10', 'OBV_SMA_20', 'OBV_EMA_20', 'OBV_WMA_20', 'OBV_SMA_50', 'OBV_EMA_50', 'OBV_WMA_50', 'OBV_Trend_short', 'OBV_Trend_medium', 'OBV_Trend_long', 'OBV_Bullish_Div_10', 'OBV_Bearish_Div_10', 'OBV_Bullish_Div_20', 'OBV_Bearish_Div_20', 'OBV_Bullish_Div_50', 'OBV_Bearish_Div_50', 'VWAP', 'year', 'month', 'day', 'hour', 'minute', 'day_of_week', 'market_open_hour', 'stock_open_hour', 'RSI_14', 'RSI_SMA_7', 'RSI_SMA_14', 'RSI', 'SMA_RSI', 'Vol_Weighted_RSI_SMA', 'RSI_EMA_7', 'RSI_EMA_14', 'RSI_Trend', 'RSI_Trend_Direction', 'RSI_Crossover_SMA', 'RSI_Crossover_EMA', 'future_direction_2', 'direction', 'same_direction', 'EMA_12', 'EMA_26', 'MACD', 'MACD_Signal', 'body_ratio_prev', 'SMA_10', 'EMA_10', 'ATR_14', 'Bollinger_High', 'Bollinger_Low', 'Bollinger_Width', 'SuperTrend_Trend', 'SuperTrend_Direction', 'SuperTrend_Long', 'SuperTrend_Short', 'Stoch_RSI', 'Keltner_High', 'Keltner_Low', 'Keltner_Mid', 'Keltner_Width', 'ADX', 'Williams_R', 'day_of_year', 'sin_day', 'cos_day', 'sin_hour', 'cos_hour', 'period_of_day', 'hourly_return', 'hourly_volatility', 'volatility_by_period', 'volatility_6h', 'volatility_12h', 'volatility_24h', 'volatility_period_0', 'volatility_period_1', 'volatility_period_2', 'volatility_period_3', 'volatility_morning', 'volatility_afternoon', 'volatility_evening', 'volatility_night', 'log_return_5m', 'log_return_1h', 'momentum_1h', 'log_return_4h', 'momentum_4h', 'log_return_1d', 'momentum_1d', 'momentum_5m']
2025-06-06 21:41:16,098 - prediction_service - INFO - Colonnes numériques sélectionnées: ['Open', 'High', 'Low', 'Close', 'Volume', 'time_diff', 'Open_1h', 'High_1h', 'Low_1h', 'Close_1h', 'Volume_1h', 'Open_4h', 'High_4h', 'Low_4h', 'Close_4h', 'Volume_4h', 'Open_1d', 'High_1d', 'Low_1d', 'Close_1d', 'Volume_1d', '1h_price_change_pct', '4h_price_change_pct', '1d_price_change_pct', '1h_range', '1h_position', '4h_range', '4h_position', '1d_range', '1d_position', '1h_volume_ratio', '4h_volume_ratio', '1d_volume_ratio', '1h_SMA', '4h_SMA', '1d_SMA', 'close_over_1h_SMA', 'close_over_4h_SMA', 'close_over_1d_SMA', '1h_trend', '4h_trend', '1d_trend', 'bullish_alignment', 'bearish_alignment', 'mixed_trend_signals', '1h_support', '1h_resistance', '1h_sup_res_count', '1h_support_strength', '1h_resistance_strength', '4h_support', '4h_resistance', '4h_sup_res_count', '4h_support_strength', '4h_resistance_strength', '1d_support', '1d_resistance', '1d_sup_res_count', '1d_support_strength', '1d_resistance_strength', '1h_dist_to_support', '1h_dist_to_resistance', '1h_sup_res_position', '1h_at_support', '1h_at_resistance', '1h_breaking_support', '1h_breaking_resistance', '1h_sr_range_width', '4h_dist_to_support', '4h_dist_to_resistance', '4h_sup_res_position', '4h_at_support', '4h_at_resistance', '4h_breaking_support', '4h_breaking_resistance', '4h_sr_range_width', '1d_dist_to_support', '1d_dist_to_resistance', '1d_sup_res_position', '1d_at_support', '1d_at_resistance', '1d_breaking_support', '1d_breaking_resistance', '1d_sr_range_width', 'multi_timeframe_support', 'multi_timeframe_resistance', 'strong_support_zone', 'strong_resistance_zone', 'in_sr_range', 'breaking_sr_range', 'InstrumentID', 'Open_1h', 'High_1h', 'Low_1h', 'Close_1h', 'Volume_1h', 'candle_range', 'corps_candle', 'meche_haute', 'meche_basse', 'candle_trend', 'doji', 'doji_strength', 'perfect_doji', 'upper_wick', 'lower_wick', 'ratio_corps', 'doji_invalid', 'bullish_engulfing', 'bearish_engulfing', 'engulfing_strength', 'corps_candle_prev', 'corps_sum', 'Volume_SMA_5', 'Volume_SMA_10', 'Volume_SMA_20', 'Volume_Ratio_SMA5', 'Volume_Ratio_SMA10', 'Volume_Ratio_SMA20', 'Volume_Change_1', 'Volume_Change_5', 'PV_Ratio', 'PV_Change', 'OBV', 'Volume_SMA', 'OBV_normalized', 'OBV_norm_minmax', 'OBV_std', 'OBV_norm_std', 'OBV_SMA_10', 'OBV_EMA_10', 'OBV_WMA_10', 'OBV_SMA_20', 'OBV_EMA_20', 'OBV_WMA_20', 'OBV_SMA_50', 'OBV_EMA_50', 'OBV_WMA_50', 'OBV_Trend_short', 'OBV_Trend_medium', 'OBV_Trend_long', 'OBV_Bullish_Div_10', 'OBV_Bearish_Div_10', 'OBV_Bullish_Div_20', 'OBV_Bearish_Div_20', 'OBV_Bullish_Div_50', 'OBV_Bearish_Div_50', 'MFV', 'ADL', 'ADL_norm', 'ADL_SMA5', 'ADL_SMA15', 'ADL_SMA30', 'ADL_Trend', 'Price_Trend', 'ADL_Divergence', 'MFM', 'CMF_20', 'PVT_change', 'PVT', 'PVT_norm', 'PVT_SMA10', 'PVT_SMA30', 'PVT_signal', 'PVT_cross', 'PVT_cross_signal', 'PVT_delta5', 'CCI_5', 'CCI_10', 'CCI_15', 'Volume_Oscillator', 'VWAP', 'VWMA_10', 'VWMA_20', 'Force_Index_1', 'Force_Index_13', 'Typical_Price', 'Raw_Money_Flow', 'Typical_Price_Prev', 'Money_Flow_Positive', 'Money_Flow_Negative', 'MFI_14', 'Vol_Weighted_Up', 'Vol_Weighted_Down', 'Vol_Weighted_Up_Avg', 'Vol_Weighted_Down_Avg', 'Vol_Weighted_RSI', 'VWAP_10', 'InstrumentID_4h', 'Open_4h', 'High_4h', 'Low_4h', 'Close_4h', 'Volume_4h', 'candle_range_4h', 'corps_candle_4h', 'meche_haute_4h', 'meche_basse_4h', 'candle_trend_4h', 'doji_4h', 'doji_strength_4h', 'perfect_doji_4h', 'upper_wick_4h', 'lower_wick_4h', 'ratio_corps_4h', 'doji_invalid_4h', 'bullish_engulfing_4h', 'bearish_engulfing_4h', 'engulfing_strength_4h', 'corps_candle_prev_4h', 'corps_sum_4h', 'Volume_SMA_5_4h', 'Volume_SMA_10_4h', 'Volume_SMA_20_4h', 'Volume_Ratio_SMA5_4h', 'Volume_Ratio_SMA10_4h', 'Volume_Ratio_SMA20_4h', 'Volume_Change_1_4h', 'Volume_Change_5_4h', 'PV_Ratio_4h', 'PV_Change_4h', 'OBV_4h', 'Volume_SMA_4h', 'OBV_normalized_4h', 'OBV_norm_minmax_4h', 'OBV_std_4h', 'OBV_norm_std_4h', 'OBV_SMA_10_4h', 'OBV_EMA_10_4h', 'OBV_WMA_10_4h', 'OBV_SMA_20_4h', 'OBV_EMA_20_4h', 'OBV_WMA_20_4h', 'OBV_SMA_50_4h', 'OBV_EMA_50_4h', 'OBV_WMA_50_4h', 'OBV_Trend_short_4h', 'OBV_Trend_medium_4h', 'OBV_Trend_long_4h', 'OBV_Bullish_Div_10_4h', 'OBV_Bearish_Div_10_4h', 'OBV_Bullish_Div_20_4h', 'OBV_Bearish_Div_20_4h', 'OBV_Bullish_Div_50_4h', 'OBV_Bearish_Div_50_4h', 'MFV_4h', 'ADL_4h', 'ADL_norm_4h', 'ADL_SMA5_4h', 'ADL_SMA15_4h', 'ADL_SMA30_4h', 'ADL_Trend_4h', 'Price_Trend_4h', 'ADL_Divergence_4h', 'MFM_4h', 'CMF_20_4h', 'PVT_change_4h', 'PVT_4h', 'PVT_norm_4h', 'PVT_SMA10_4h', 'PVT_SMA30_4h', 'PVT_signal_4h', 'PVT_cross_4h', 'PVT_cross_signal_4h', 'PVT_delta5_4h', 'CCI_5_4h', 'CCI_10_4h', 'CCI_15_4h', 'Volume_Oscillator_4h', 'VWAP_4h', 'VWMA_10_4h', 'VWMA_20_4h', 'Force_Index_1_4h', 'Force_Index_13_4h', 'Typical_Price_4h', 'Raw_Money_Flow_4h', 'Typical_Price_Prev_4h', 'Money_Flow_Positive_4h', 'Money_Flow_Negative_4h', 'MFI_14_4h', 'Vol_Weighted_Up_4h', 'Vol_Weighted_Down_4h', 'Vol_Weighted_Up_Avg_4h', 'Vol_Weighted_Down_Avg_4h', 'Vol_Weighted_RSI_4h', 'VWAP_10_4h', 'InstrumentID_1d', 'Open_1d', 'High_1d', 'Low_1d', 'Close_1d', 'Volume_1d', 'candle_range_1d', 'corps_candle_1d', 'meche_haute_1d', 'meche_basse_1d', 'candle_trend_1d', 'doji_1d', 'doji_strength_1d', 'perfect_doji_1d', 'upper_wick_1d', 'lower_wick_1d', 'ratio_corps_1d', 'doji_invalid_1d', 'bullish_engulfing_1d', 'bearish_engulfing_1d', 'engulfing_strength_1d', 'corps_candle_prev_1d', 'corps_sum_1d', 'Volume_SMA_5_1d', 'Volume_SMA_10_1d', 'Volume_SMA_20_1d', 'Volume_Ratio_SMA5_1d', 'Volume_Ratio_SMA10_1d', 'Volume_Ratio_SMA20_1d', 'Volume_Change_1_1d', 'Volume_Change_5_1d', 'PV_Ratio_1d', 'PV_Change_1d', 'OBV_1d', 'Volume_SMA_1d', 'OBV_normalized_1d', 'OBV_norm_minmax_1d', 'OBV_std_1d', 'OBV_norm_std_1d', 'OBV_SMA_10_1d', 'OBV_EMA_10_1d', 'OBV_WMA_10_1d', 'OBV_SMA_20_1d', 'OBV_EMA_20_1d', 'OBV_WMA_20_1d', 'OBV_SMA_50_1d', 'OBV_EMA_50_1d', 'OBV_WMA_50_1d', 'OBV_Trend_short_1d', 'OBV_Trend_medium_1d', 'OBV_Trend_long_1d', 'OBV_Bullish_Div_10_1d', 'OBV_Bearish_Div_10_1d', 'OBV_Bullish_Div_20_1d', 'OBV_Bearish_Div_20_1d', 'OBV_Bullish_Div_50_1d', 'OBV_Bearish_Div_50_1d', 'MFV_1d', 'ADL_1d', 'ADL_norm_1d', 'ADL_SMA5_1d', 'ADL_SMA15_1d', 'ADL_SMA30_1d', 'ADL_Trend_1d', 'Price_Trend_1d', 'ADL_Divergence_1d', 'MFM_1d', 'CMF_20_1d', 'PVT_change_1d', 'PVT_1d', 'PVT_norm_1d', 'PVT_SMA10_1d', 'PVT_SMA30_1d', 'PVT_signal_1d', 'PVT_cross_1d', 'PVT_cross_signal_1d', 'PVT_delta5_1d', 'CCI_5_1d', 'CCI_10_1d', 'CCI_15_1d', 'Volume_Oscillator_1d', 'VWAP_1d', 'VWMA_10_1d', 'VWMA_20_1d', 'Force_Index_1_1d', 'Force_Index_13_1d', 'Typical_Price_1d', 'Raw_Money_Flow_1d', 'Typical_Price_Prev_1d', 'Money_Flow_Positive_1d', 'Money_Flow_Negative_1d', 'MFI_14_1d', 'Vol_Weighted_Up_1d', 'Vol_Weighted_Down_1d', 'Vol_Weighted_Up_Avg_1d', 'Vol_Weighted_Down_Avg_1d', 'Vol_Weighted_RSI_1d', 'VWAP_10_1d', 'Volume_SMA', 'OBV_normalized', 'OBV_norm_minmax', 'OBV_std', 'OBV_norm_std', 'OBV_SMA_10', 'OBV_EMA_10', 'OBV_WMA_10', 'OBV_SMA_20', 'OBV_EMA_20', 'OBV_WMA_20', 'OBV_SMA_50', 'OBV_EMA_50', 'OBV_WMA_50', 'OBV_Trend_short', 'OBV_Trend_medium', 'OBV_Trend_long', 'OBV_Bullish_Div_10', 'OBV_Bearish_Div_10', 'OBV_Bullish_Div_20', 'OBV_Bearish_Div_20', 'OBV_Bullish_Div_50', 'OBV_Bearish_Div_50', 'VWAP', 'year', 'month', 'day', 'hour', 'minute', 'day_of_week', 'market_open_hour', 'stock_open_hour', 'RSI_14', 'RSI_SMA_7', 'RSI_SMA_14', 'RSI', 'SMA_RSI', 'Vol_Weighted_RSI_SMA', 'RSI_EMA_7', 'RSI_EMA_14', 'RSI_Trend', 'RSI_Trend_Direction', 'RSI_Crossover_SMA', 'RSI_Crossover_EMA', 'future_direction_2', 'direction', 'same_direction', 'EMA_12', 'EMA_26', 'MACD', 'MACD_Signal', 'body_ratio_prev', 'SMA_10', 'EMA_10', 'ATR_14', 'Bollinger_High', 'Bollinger_Low', 'Bollinger_Width', 'SuperTrend_Trend', 'SuperTrend_Direction', 'SuperTrend_Long', 'SuperTrend_Short', 'Stoch_RSI', 'Keltner_High', 'Keltner_Low', 'Keltner_Mid', 'Keltner_Width', 'ADX', 'Williams_R', 'day_of_year', 'sin_day', 'cos_day', 'sin_hour', 'cos_hour', 'period_of_day', 'hourly_return', 'hourly_volatility', 'volatility_by_period', 'volatility_6h', 'volatility_12h', 'volatility_24h', 'volatility_period_0', 'volatility_period_1', 'volatility_period_2', 'volatility_period_3', 'volatility_morning', 'volatility_afternoon', 'volatility_evening', 'volatility_night', 'log_return_5m', 'log_return_1h', 'momentum_1h', 'log_return_4h', 'momentum_4h', 'log_return_1d', 'momentum_1d', 'momentum_5m']
2025-06-06 21:45:22,026 - prediction_service - INFO - Colonnes numériques sélectionnées: ['Open', 'High', 'Low', 'Close', 'Volume', 'time_diff', 'Open_1h', 'High_1h', 'Low_1h', 'Close_1h', 'Volume_1h', 'Open_4h', 'High_4h', 'Low_4h', 'Close_4h', 'Volume_4h', 'Open_1d', 'High_1d', 'Low_1d', 'Close_1d', 'Volume_1d', '1h_price_change_pct', '4h_price_change_pct', '1d_price_change_pct', '1h_range', '1h_position', '4h_range', '4h_position', '1d_range', '1d_position', '1h_volume_ratio', '4h_volume_ratio', '1d_volume_ratio', '1h_SMA', '4h_SMA', '1d_SMA', 'close_over_1h_SMA', 'close_over_4h_SMA', 'close_over_1d_SMA', '1h_trend', '4h_trend', '1d_trend', 'bullish_alignment', 'bearish_alignment', 'mixed_trend_signals', '1h_support', '1h_resistance', '1h_sup_res_count', '1h_support_strength', '1h_resistance_strength', '4h_support', '4h_resistance', '4h_sup_res_count', '4h_support_strength', '4h_resistance_strength', '1d_support', '1d_resistance', '1d_sup_res_count', '1d_support_strength', '1d_resistance_strength', '1h_dist_to_support', '1h_dist_to_resistance', '1h_sup_res_position', '1h_at_support', '1h_at_resistance', '1h_breaking_support', '1h_breaking_resistance', '1h_sr_range_width', '4h_dist_to_support', '4h_dist_to_resistance', '4h_sup_res_position', '4h_at_support', '4h_at_resistance', '4h_breaking_support', '4h_breaking_resistance', '4h_sr_range_width', '1d_dist_to_support', '1d_dist_to_resistance', '1d_sup_res_position', '1d_at_support', '1d_at_resistance', '1d_breaking_support', '1d_breaking_resistance', '1d_sr_range_width', 'multi_timeframe_support', 'multi_timeframe_resistance', 'strong_support_zone', 'strong_resistance_zone', 'in_sr_range', 'breaking_sr_range', 'InstrumentID', 'Open_1h', 'High_1h', 'Low_1h', 'Close_1h', 'Volume_1h', 'candle_range', 'corps_candle', 'meche_haute', 'meche_basse', 'candle_trend', 'doji', 'doji_strength', 'perfect_doji', 'upper_wick', 'lower_wick', 'ratio_corps', 'doji_invalid', 'bullish_engulfing', 'bearish_engulfing', 'engulfing_strength', 'corps_candle_prev', 'corps_sum', 'Volume_SMA_5', 'Volume_SMA_10', 'Volume_SMA_20', 'Volume_Ratio_SMA5', 'Volume_Ratio_SMA10', 'Volume_Ratio_SMA20', 'Volume_Change_1', 'Volume_Change_5', 'PV_Ratio', 'PV_Change', 'OBV', 'Volume_SMA', 'OBV_normalized', 'OBV_norm_minmax', 'OBV_std', 'OBV_norm_std', 'OBV_SMA_10', 'OBV_EMA_10', 'OBV_WMA_10', 'OBV_SMA_20', 'OBV_EMA_20', 'OBV_WMA_20', 'OBV_SMA_50', 'OBV_EMA_50', 'OBV_WMA_50', 'OBV_Trend_short', 'OBV_Trend_medium', 'OBV_Trend_long', 'OBV_Bullish_Div_10', 'OBV_Bearish_Div_10', 'OBV_Bullish_Div_20', 'OBV_Bearish_Div_20', 'OBV_Bullish_Div_50', 'OBV_Bearish_Div_50', 'MFV', 'ADL', 'ADL_norm', 'ADL_SMA5', 'ADL_SMA15', 'ADL_SMA30', 'ADL_Trend', 'Price_Trend', 'ADL_Divergence', 'MFM', 'CMF_20', 'PVT_change', 'PVT', 'PVT_norm', 'PVT_SMA10', 'PVT_SMA30', 'PVT_signal', 'PVT_cross', 'PVT_cross_signal', 'PVT_delta5', 'CCI_5', 'CCI_10', 'CCI_15', 'Volume_Oscillator', 'VWAP', 'VWMA_10', 'VWMA_20', 'Force_Index_1', 'Force_Index_13', 'Typical_Price', 'Raw_Money_Flow', 'Typical_Price_Prev', 'Money_Flow_Positive', 'Money_Flow_Negative', 'MFI_14', 'Vol_Weighted_Up', 'Vol_Weighted_Down', 'Vol_Weighted_Up_Avg', 'Vol_Weighted_Down_Avg', 'Vol_Weighted_RSI', 'VWAP_10', 'InstrumentID_4h', 'Open_4h', 'High_4h', 'Low_4h', 'Close_4h', 'Volume_4h', 'candle_range_4h', 'corps_candle_4h', 'meche_haute_4h', 'meche_basse_4h', 'candle_trend_4h', 'doji_4h', 'doji_strength_4h', 'perfect_doji_4h', 'upper_wick_4h', 'lower_wick_4h', 'ratio_corps_4h', 'doji_invalid_4h', 'bullish_engulfing_4h', 'bearish_engulfing_4h', 'engulfing_strength_4h', 'corps_candle_prev_4h', 'corps_sum_4h', 'Volume_SMA_5_4h', 'Volume_SMA_10_4h', 'Volume_SMA_20_4h', 'Volume_Ratio_SMA5_4h', 'Volume_Ratio_SMA10_4h', 'Volume_Ratio_SMA20_4h', 'Volume_Change_1_4h', 'Volume_Change_5_4h', 'PV_Ratio_4h', 'PV_Change_4h', 'OBV_4h', 'Volume_SMA_4h', 'OBV_normalized_4h', 'OBV_norm_minmax_4h', 'OBV_std_4h', 'OBV_norm_std_4h', 'OBV_SMA_10_4h', 'OBV_EMA_10_4h', 'OBV_WMA_10_4h', 'OBV_SMA_20_4h', 'OBV_EMA_20_4h', 'OBV_WMA_20_4h', 'OBV_SMA_50_4h', 'OBV_EMA_50_4h', 'OBV_WMA_50_4h', 'OBV_Trend_short_4h', 'OBV_Trend_medium_4h', 'OBV_Trend_long_4h', 'OBV_Bullish_Div_10_4h', 'OBV_Bearish_Div_10_4h', 'OBV_Bullish_Div_20_4h', 'OBV_Bearish_Div_20_4h', 'OBV_Bullish_Div_50_4h', 'OBV_Bearish_Div_50_4h', 'MFV_4h', 'ADL_4h', 'ADL_norm_4h', 'ADL_SMA5_4h', 'ADL_SMA15_4h', 'ADL_SMA30_4h', 'ADL_Trend_4h', 'Price_Trend_4h', 'ADL_Divergence_4h', 'MFM_4h', 'CMF_20_4h', 'PVT_change_4h', 'PVT_4h', 'PVT_norm_4h', 'PVT_SMA10_4h', 'PVT_SMA30_4h', 'PVT_signal_4h', 'PVT_cross_4h', 'PVT_cross_signal_4h', 'PVT_delta5_4h', 'CCI_5_4h', 'CCI_10_4h', 'CCI_15_4h', 'Volume_Oscillator_4h', 'VWAP_4h', 'VWMA_10_4h', 'VWMA_20_4h', 'Force_Index_1_4h', 'Force_Index_13_4h', 'Typical_Price_4h', 'Raw_Money_Flow_4h', 'Typical_Price_Prev_4h', 'Money_Flow_Positive_4h', 'Money_Flow_Negative_4h', 'MFI_14_4h', 'Vol_Weighted_Up_4h', 'Vol_Weighted_Down_4h', 'Vol_Weighted_Up_Avg_4h', 'Vol_Weighted_Down_Avg_4h', 'Vol_Weighted_RSI_4h', 'VWAP_10_4h', 'InstrumentID_1d', 'Open_1d', 'High_1d', 'Low_1d', 'Close_1d', 'Volume_1d', 'candle_range_1d', 'corps_candle_1d', 'meche_haute_1d', 'meche_basse_1d', 'candle_trend_1d', 'doji_1d', 'doji_strength_1d', 'perfect_doji_1d', 'upper_wick_1d', 'lower_wick_1d', 'ratio_corps_1d', 'doji_invalid_1d', 'bullish_engulfing_1d', 'bearish_engulfing_1d', 'engulfing_strength_1d', 'corps_candle_prev_1d', 'corps_sum_1d', 'Volume_SMA_5_1d', 'Volume_SMA_10_1d', 'Volume_SMA_20_1d', 'Volume_Ratio_SMA5_1d', 'Volume_Ratio_SMA10_1d', 'Volume_Ratio_SMA20_1d', 'Volume_Change_1_1d', 'Volume_Change_5_1d', 'PV_Ratio_1d', 'PV_Change_1d', 'OBV_1d', 'Volume_SMA_1d', 'OBV_normalized_1d', 'OBV_norm_minmax_1d', 'OBV_std_1d', 'OBV_norm_std_1d', 'OBV_SMA_10_1d', 'OBV_EMA_10_1d', 'OBV_WMA_10_1d', 'OBV_SMA_20_1d', 'OBV_EMA_20_1d', 'OBV_WMA_20_1d', 'OBV_SMA_50_1d', 'OBV_EMA_50_1d', 'OBV_WMA_50_1d', 'OBV_Trend_short_1d', 'OBV_Trend_medium_1d', 'OBV_Trend_long_1d', 'OBV_Bullish_Div_10_1d', 'OBV_Bearish_Div_10_1d', 'OBV_Bullish_Div_20_1d', 'OBV_Bearish_Div_20_1d', 'OBV_Bullish_Div_50_1d', 'OBV_Bearish_Div_50_1d', 'MFV_1d', 'ADL_1d', 'ADL_norm_1d', 'ADL_SMA5_1d', 'ADL_SMA15_1d', 'ADL_SMA30_1d', 'ADL_Trend_1d', 'Price_Trend_1d', 'ADL_Divergence_1d', 'MFM_1d', 'CMF_20_1d', 'PVT_change_1d', 'PVT_1d', 'PVT_norm_1d', 'PVT_SMA10_1d', 'PVT_SMA30_1d', 'PVT_signal_1d', 'PVT_cross_1d', 'PVT_cross_signal_1d', 'PVT_delta5_1d', 'CCI_5_1d', 'CCI_10_1d', 'CCI_15_1d', 'Volume_Oscillator_1d', 'VWAP_1d', 'VWMA_10_1d', 'VWMA_20_1d', 'Force_Index_1_1d', 'Force_Index_13_1d', 'Typical_Price_1d', 'Raw_Money_Flow_1d', 'Typical_Price_Prev_1d', 'Money_Flow_Positive_1d', 'Money_Flow_Negative_1d', 'MFI_14_1d', 'Vol_Weighted_Up_1d', 'Vol_Weighted_Down_1d', 'Vol_Weighted_Up_Avg_1d', 'Vol_Weighted_Down_Avg_1d', 'Vol_Weighted_RSI_1d', 'VWAP_10_1d', 'Volume_SMA', 'OBV_normalized', 'OBV_norm_minmax', 'OBV_std', 'OBV_norm_std', 'OBV_SMA_10', 'OBV_EMA_10', 'OBV_WMA_10', 'OBV_SMA_20', 'OBV_EMA_20', 'OBV_WMA_20', 'OBV_SMA_50', 'OBV_EMA_50', 'OBV_WMA_50', 'OBV_Trend_short', 'OBV_Trend_medium', 'OBV_Trend_long', 'OBV_Bullish_Div_10', 'OBV_Bearish_Div_10', 'OBV_Bullish_Div_20', 'OBV_Bearish_Div_20', 'OBV_Bullish_Div_50', 'OBV_Bearish_Div_50', 'VWAP', 'year', 'month', 'day', 'hour', 'minute', 'day_of_week', 'market_open_hour', 'stock_open_hour', 'RSI_14', 'RSI_SMA_7', 'RSI_SMA_14', 'RSI', 'SMA_RSI', 'Vol_Weighted_RSI_SMA', 'RSI_EMA_7', 'RSI_EMA_14', 'RSI_Trend', 'RSI_Trend_Direction', 'RSI_Crossover_SMA', 'RSI_Crossover_EMA', 'future_direction_2', 'direction', 'same_direction', 'EMA_12', 'EMA_26', 'MACD', 'MACD_Signal', 'body_ratio_prev', 'SMA_10', 'EMA_10', 'ATR_14', 'Bollinger_High', 'Bollinger_Low', 'Bollinger_Width', 'SuperTrend_Trend', 'SuperTrend_Direction', 'SuperTrend_Long', 'SuperTrend_Short', 'Stoch_RSI', 'Keltner_High', 'Keltner_Low', 'Keltner_Mid', 'Keltner_Width', 'ADX', 'Williams_R', 'day_of_year', 'sin_day', 'cos_day', 'sin_hour', 'cos_hour', 'period_of_day', 'hourly_return', 'hourly_volatility', 'volatility_by_period', 'volatility_6h', 'volatility_12h', 'volatility_24h', 'volatility_period_0', 'volatility_period_1', 'volatility_period_2', 'volatility_period_3', 'volatility_morning', 'volatility_afternoon', 'volatility_evening', 'volatility_night', 'log_return_5m', 'log_return_1h', 'momentum_1h', 'log_return_4h', 'momentum_4h', 'log_return_1d', 'momentum_1d', 'momentum_5m']
2025-06-06 21:45:34,626 - matplotlib.category - INFO - Using categorical units to plot a list of strings that are all parsable as floats or dates. If these strings should be plotted as numbers, cast to the appropriate data type before plotting.
2025-06-06 21:45:34,630 - matplotlib.category - INFO - Using categorical units to plot a list of strings that are all parsable as floats or dates. If these strings should be plotted as numbers, cast to the appropriate data type before plotting.
2025-06-06 21:45:34,909 - matplotlib.category - INFO - Using categorical units to plot a list of strings that are all parsable as floats or dates. If these strings should be plotted as numbers, cast to the appropriate data type before plotting.
2025-06-06 21:45:34,912 - matplotlib.category - INFO - Using categorical units to plot a list of strings that are all parsable as floats or dates. If these strings should be plotted as numbers, cast to the appropriate data type before plotting.
2025-06-06 21:48:26,556 - prediction_service - INFO - Colonnes numériques sélectionnées: ['Open', 'High', 'Low', 'Close', 'Volume', 'time_diff', 'Open_1h', 'High_1h', 'Low_1h', 'Close_1h', 'Volume_1h', 'Open_4h', 'High_4h', 'Low_4h', 'Close_4h', 'Volume_4h', 'Open_1d', 'High_1d', 'Low_1d', 'Close_1d', 'Volume_1d', '1h_price_change_pct', '4h_price_change_pct', '1d_price_change_pct', '1h_range', '1h_position', '4h_range', '4h_position', '1d_range', '1d_position', '1h_volume_ratio', '4h_volume_ratio', '1d_volume_ratio', '1h_SMA', '4h_SMA', '1d_SMA', 'close_over_1h_SMA', 'close_over_4h_SMA', 'close_over_1d_SMA', '1h_trend', '4h_trend', '1d_trend', 'bullish_alignment', 'bearish_alignment', 'mixed_trend_signals', '1h_support', '1h_resistance', '1h_sup_res_count', '1h_support_strength', '1h_resistance_strength', '4h_support', '4h_resistance', '4h_sup_res_count', '4h_support_strength', '4h_resistance_strength', '1d_support', '1d_resistance', '1d_sup_res_count', '1d_support_strength', '1d_resistance_strength', '1h_dist_to_support', '1h_dist_to_resistance', '1h_sup_res_position', '1h_at_support', '1h_at_resistance', '1h_breaking_support', '1h_breaking_resistance', '1h_sr_range_width', '4h_dist_to_support', '4h_dist_to_resistance', '4h_sup_res_position', '4h_at_support', '4h_at_resistance', '4h_breaking_support', '4h_breaking_resistance', '4h_sr_range_width', '1d_dist_to_support', '1d_dist_to_resistance', '1d_sup_res_position', '1d_at_support', '1d_at_resistance', '1d_breaking_support', '1d_breaking_resistance', '1d_sr_range_width', 'multi_timeframe_support', 'multi_timeframe_resistance', 'strong_support_zone', 'strong_resistance_zone', 'in_sr_range', 'breaking_sr_range', 'InstrumentID', 'Open_1h', 'High_1h', 'Low_1h', 'Close_1h', 'Volume_1h', 'candle_range', 'corps_candle', 'meche_haute', 'meche_basse', 'candle_trend', 'doji', 'doji_strength', 'perfect_doji', 'upper_wick', 'lower_wick', 'ratio_corps', 'doji_invalid', 'bullish_engulfing', 'bearish_engulfing', 'engulfing_strength', 'corps_candle_prev', 'corps_sum', 'Volume_SMA_5', 'Volume_SMA_10', 'Volume_SMA_20', 'Volume_Ratio_SMA5', 'Volume_Ratio_SMA10', 'Volume_Ratio_SMA20', 'Volume_Change_1', 'Volume_Change_5', 'PV_Ratio', 'PV_Change', 'OBV', 'Volume_SMA', 'OBV_normalized', 'OBV_norm_minmax', 'OBV_std', 'OBV_norm_std', 'OBV_SMA_10', 'OBV_EMA_10', 'OBV_WMA_10', 'OBV_SMA_20', 'OBV_EMA_20', 'OBV_WMA_20', 'OBV_SMA_50', 'OBV_EMA_50', 'OBV_WMA_50', 'OBV_Trend_short', 'OBV_Trend_medium', 'OBV_Trend_long', 'OBV_Bullish_Div_10', 'OBV_Bearish_Div_10', 'OBV_Bullish_Div_20', 'OBV_Bearish_Div_20', 'OBV_Bullish_Div_50', 'OBV_Bearish_Div_50', 'MFV', 'ADL', 'ADL_norm', 'ADL_SMA5', 'ADL_SMA15', 'ADL_SMA30', 'ADL_Trend', 'Price_Trend', 'ADL_Divergence', 'MFM', 'CMF_20', 'PVT_change', 'PVT', 'PVT_norm', 'PVT_SMA10', 'PVT_SMA30', 'PVT_signal', 'PVT_cross', 'PVT_cross_signal', 'PVT_delta5', 'CCI_5', 'CCI_10', 'CCI_15', 'Volume_Oscillator', 'VWAP', 'VWMA_10', 'VWMA_20', 'Force_Index_1', 'Force_Index_13', 'Typical_Price', 'Raw_Money_Flow', 'Typical_Price_Prev', 'Money_Flow_Positive', 'Money_Flow_Negative', 'MFI_14', 'Vol_Weighted_Up', 'Vol_Weighted_Down', 'Vol_Weighted_Up_Avg', 'Vol_Weighted_Down_Avg', 'Vol_Weighted_RSI', 'VWAP_10', 'InstrumentID_4h', 'Open_4h', 'High_4h', 'Low_4h', 'Close_4h', 'Volume_4h', 'candle_range_4h', 'corps_candle_4h', 'meche_haute_4h', 'meche_basse_4h', 'candle_trend_4h', 'doji_4h', 'doji_strength_4h', 'perfect_doji_4h', 'upper_wick_4h', 'lower_wick_4h', 'ratio_corps_4h', 'doji_invalid_4h', 'bullish_engulfing_4h', 'bearish_engulfing_4h', 'engulfing_strength_4h', 'corps_candle_prev_4h', 'corps_sum_4h', 'Volume_SMA_5_4h', 'Volume_SMA_10_4h', 'Volume_SMA_20_4h', 'Volume_Ratio_SMA5_4h', 'Volume_Ratio_SMA10_4h', 'Volume_Ratio_SMA20_4h', 'Volume_Change_1_4h', 'Volume_Change_5_4h', 'PV_Ratio_4h', 'PV_Change_4h', 'OBV_4h', 'Volume_SMA_4h', 'OBV_normalized_4h', 'OBV_norm_minmax_4h', 'OBV_std_4h', 'OBV_norm_std_4h', 'OBV_SMA_10_4h', 'OBV_EMA_10_4h', 'OBV_WMA_10_4h', 'OBV_SMA_20_4h', 'OBV_EMA_20_4h', 'OBV_WMA_20_4h', 'OBV_SMA_50_4h', 'OBV_EMA_50_4h', 'OBV_WMA_50_4h', 'OBV_Trend_short_4h', 'OBV_Trend_medium_4h', 'OBV_Trend_long_4h', 'OBV_Bullish_Div_10_4h', 'OBV_Bearish_Div_10_4h', 'OBV_Bullish_Div_20_4h', 'OBV_Bearish_Div_20_4h', 'OBV_Bullish_Div_50_4h', 'OBV_Bearish_Div_50_4h', 'MFV_4h', 'ADL_4h', 'ADL_norm_4h', 'ADL_SMA5_4h', 'ADL_SMA15_4h', 'ADL_SMA30_4h', 'ADL_Trend_4h', 'Price_Trend_4h', 'ADL_Divergence_4h', 'MFM_4h', 'CMF_20_4h', 'PVT_change_4h', 'PVT_4h', 'PVT_norm_4h', 'PVT_SMA10_4h', 'PVT_SMA30_4h', 'PVT_signal_4h', 'PVT_cross_4h', 'PVT_cross_signal_4h', 'PVT_delta5_4h', 'CCI_5_4h', 'CCI_10_4h', 'CCI_15_4h', 'Volume_Oscillator_4h', 'VWAP_4h', 'VWMA_10_4h', 'VWMA_20_4h', 'Force_Index_1_4h', 'Force_Index_13_4h', 'Typical_Price_4h', 'Raw_Money_Flow_4h', 'Typical_Price_Prev_4h', 'Money_Flow_Positive_4h', 'Money_Flow_Negative_4h', 'MFI_14_4h', 'Vol_Weighted_Up_4h', 'Vol_Weighted_Down_4h', 'Vol_Weighted_Up_Avg_4h', 'Vol_Weighted_Down_Avg_4h', 'Vol_Weighted_RSI_4h', 'VWAP_10_4h', 'InstrumentID_1d', 'Open_1d', 'High_1d', 'Low_1d', 'Close_1d', 'Volume_1d', 'candle_range_1d', 'corps_candle_1d', 'meche_haute_1d', 'meche_basse_1d', 'candle_trend_1d', 'doji_1d', 'doji_strength_1d', 'perfect_doji_1d', 'upper_wick_1d', 'lower_wick_1d', 'ratio_corps_1d', 'doji_invalid_1d', 'bullish_engulfing_1d', 'bearish_engulfing_1d', 'engulfing_strength_1d', 'corps_candle_prev_1d', 'corps_sum_1d', 'Volume_SMA_5_1d', 'Volume_SMA_10_1d', 'Volume_SMA_20_1d', 'Volume_Ratio_SMA5_1d', 'Volume_Ratio_SMA10_1d', 'Volume_Ratio_SMA20_1d', 'Volume_Change_1_1d', 'Volume_Change_5_1d', 'PV_Ratio_1d', 'PV_Change_1d', 'OBV_1d', 'Volume_SMA_1d', 'OBV_normalized_1d', 'OBV_norm_minmax_1d', 'OBV_std_1d', 'OBV_norm_std_1d', 'OBV_SMA_10_1d', 'OBV_EMA_10_1d', 'OBV_WMA_10_1d', 'OBV_SMA_20_1d', 'OBV_EMA_20_1d', 'OBV_WMA_20_1d', 'OBV_SMA_50_1d', 'OBV_EMA_50_1d', 'OBV_WMA_50_1d', 'OBV_Trend_short_1d', 'OBV_Trend_medium_1d', 'OBV_Trend_long_1d', 'OBV_Bullish_Div_10_1d', 'OBV_Bearish_Div_10_1d', 'OBV_Bullish_Div_20_1d', 'OBV_Bearish_Div_20_1d', 'OBV_Bullish_Div_50_1d', 'OBV_Bearish_Div_50_1d', 'MFV_1d', 'ADL_1d', 'ADL_norm_1d', 'ADL_SMA5_1d', 'ADL_SMA15_1d', 'ADL_SMA30_1d', 'ADL_Trend_1d', 'Price_Trend_1d', 'ADL_Divergence_1d', 'MFM_1d', 'CMF_20_1d', 'PVT_change_1d', 'PVT_1d', 'PVT_norm_1d', 'PVT_SMA10_1d', 'PVT_SMA30_1d', 'PVT_signal_1d', 'PVT_cross_1d', 'PVT_cross_signal_1d', 'PVT_delta5_1d', 'CCI_5_1d', 'CCI_10_1d', 'CCI_15_1d', 'Volume_Oscillator_1d', 'VWAP_1d', 'VWMA_10_1d', 'VWMA_20_1d', 'Force_Index_1_1d', 'Force_Index_13_1d', 'Typical_Price_1d', 'Raw_Money_Flow_1d', 'Typical_Price_Prev_1d', 'Money_Flow_Positive_1d', 'Money_Flow_Negative_1d', 'MFI_14_1d', 'Vol_Weighted_Up_1d', 'Vol_Weighted_Down_1d', 'Vol_Weighted_Up_Avg_1d', 'Vol_Weighted_Down_Avg_1d', 'Vol_Weighted_RSI_1d', 'VWAP_10_1d', 'Volume_SMA', 'OBV_normalized', 'OBV_norm_minmax', 'OBV_std', 'OBV_norm_std', 'OBV_SMA_10', 'OBV_EMA_10', 'OBV_WMA_10', 'OBV_SMA_20', 'OBV_EMA_20', 'OBV_WMA_20', 'OBV_SMA_50', 'OBV_EMA_50', 'OBV_WMA_50', 'OBV_Trend_short', 'OBV_Trend_medium', 'OBV_Trend_long', 'OBV_Bullish_Div_10', 'OBV_Bearish_Div_10', 'OBV_Bullish_Div_20', 'OBV_Bearish_Div_20', 'OBV_Bullish_Div_50', 'OBV_Bearish_Div_50', 'VWAP', 'year', 'month', 'day', 'hour', 'minute', 'day_of_week', 'market_open_hour', 'stock_open_hour', 'RSI_14', 'RSI_SMA_7', 'RSI_SMA_14', 'RSI', 'SMA_RSI', 'Vol_Weighted_RSI_SMA', 'RSI_EMA_7', 'RSI_EMA_14', 'RSI_Trend', 'RSI_Trend_Direction', 'RSI_Crossover_SMA', 'RSI_Crossover_EMA', 'future_direction_2', 'direction', 'same_direction', 'EMA_12', 'EMA_26', 'MACD', 'MACD_Signal', 'body_ratio_prev', 'SMA_10', 'EMA_10', 'ATR_14', 'Bollinger_High', 'Bollinger_Low', 'Bollinger_Width', 'SuperTrend_Trend', 'SuperTrend_Direction', 'SuperTrend_Long', 'SuperTrend_Short', 'Stoch_RSI', 'Keltner_High', 'Keltner_Low', 'Keltner_Mid', 'Keltner_Width', 'ADX', 'Williams_R', 'day_of_year', 'sin_day', 'cos_day', 'sin_hour', 'cos_hour', 'period_of_day', 'hourly_return', 'hourly_volatility', 'volatility_by_period', 'volatility_6h', 'volatility_12h', 'volatility_24h', 'volatility_period_0', 'volatility_period_1', 'volatility_period_2', 'volatility_period_3', 'volatility_morning', 'volatility_afternoon', 'volatility_evening', 'volatility_night', 'log_return_5m', 'log_return_1h', 'momentum_1h', 'log_return_4h', 'momentum_4h', 'log_return_1d', 'momentum_1d', 'momentum_5m']
2025-06-06 21:49:00,723 - matplotlib.category - INFO - Using categorical units to plot a list of strings that are all parsable as floats or dates. If these strings should be plotted as numbers, cast to the appropriate data type before plotting.
2025-06-06 21:49:00,733 - matplotlib.category - INFO - Using categorical units to plot a list of strings that are all parsable as floats or dates. If these strings should be plotted as numbers, cast to the appropriate data type before plotting.
2025-06-06 21:49:01,395 - matplotlib.category - INFO - Using categorical units to plot a list of strings that are all parsable as floats or dates. If these strings should be plotted as numbers, cast to the appropriate data type before plotting.
2025-06-06 21:49:01,402 - matplotlib.category - INFO - Using categorical units to plot a list of strings that are all parsable as floats or dates. If these strings should be plotted as numbers, cast to the appropriate data type before plotting.
